date,ret_btc,ret_spy,ret_tlt,ret_ief,ret_gld,ret_dbc,ret_bil
2018-01-12,-0.18987652996187,0.0164581961816985,-0.0094662318033569,-0.0055159296243463,0.0130056650442831,0.0155595451825252,0.0003280839895012
2018-01-19,-0.1648492250005641,0.0089594127806562,-0.0117250240925154,-0.0074591182939656,-0.0042533081285444,-0.0053034767236297,0.0001093254619002
2018-01-26,-0.0336366599331763,0.0220034948824934,0.0043068421908012,-0.0001926967915986,0.0130517323208352,0.0219194312796207,0.0004372540445998
2018-02-02,-0.1998349715934709,-0.0388373229115781,-0.0304054618563008,-0.0133263974459182,-0.0131178261888029,-0.0150724637681159,6.737787668953388e-05
2018-02-09,-0.0213128998774939,-0.0506444000726084,-0.0137146680046831,0.0,-0.0128174697365298,-0.0506180105944673,0.0002187226596674
2018-02-16,0.1699762319321227,0.0443977055449331,0.0065287434288621,-0.0020543924867932,0.0255670433597818,0.0272783632982023,0.000218674830527
2018-02-23,-0.0028484308039975,0.0058584453150742,-0.0048858562884339,0.0011763552592882,-0.0142231947483587,0.0175015087507541,0.0002186270222999
2018-03-02,0.0896215985723083,-0.0204943394852752,0.0038689513226546,0.000966680401446,-0.0059457745362295,-0.0136417556346383,0.0003200619654442
2018-03-09,-0.1641453030165776,0.0363832317526386,-0.0037177862272917,-0.0014695797002056,0.0011962676449477,0.0024052916416119,0.0001093493712411
2018-03-16,-0.1048011271269101,-0.0128132104564853,0.0161139852429819,0.0044152276295135,-0.0074876533375817,-0.0017996400719856,0.000218674830527
2018-03-23,0.0772433414043585,-0.0588986141502553,0.00300475753276,0.0032236006642569,0.0241573033707864,0.0192307692307691,0.0003279405334499
2018-03-30,-0.2312646731917066,0.0197636117031583,0.0143962719480736,0.0047711781888997,-0.0142622051563356,0.001179245283019,0.0004371106982841
2018-04-06,-0.0349169545468499,-0.0130343910317309,-0.0044399730042835,-0.0009235825009954,0.004769854519437,-0.0147232037691401,0.0001635822566825
2018-04-13,0.1932956544000581,0.0209071307561987,-0.0016515276630884,-0.0033035367275555,0.0083867394572354,0.0340705319784815,0.0002186748305272
2018-04-20,0.1243517856757487,0.0055063171789555,-0.0201819685690655,-0.0098459738740495,-0.0064338956453511,0.0098265895953755,0.0003279405334497
2018-04-27,0.006590282466484,-0.0001875398522187,0.0036299172716529,0.0001969085359851,-0.0089236357893074,0.0005724098454495,0.0004371106982843
2018-05-04,0.0895803305534834,-0.0020258103241296,0.0030563272277688,0.0023794471883242,-0.0076494023904382,0.0120137299771168,0.0002985822327916
2018-05-11,-0.1352677941813816,0.0256747612961432,0.0020169762164889,-0.0022628886265251,0.003693592420106,0.010175240248728,0.0001093254619002
2018-05-18,-0.0190702380952381,-0.005570826461426,-0.0169420447873859,-0.0065082339019818,-0.02072,0.0156687185226633,0.0004372540445998
2018-05-25,-0.0950034042047085,0.0030221501492648,0.0205613855473083,0.0114143920595533,0.0065354137733844,-0.0071625344352614,0.0004370629370629
2018-06-01,0.0085838809172589,0.0053279441484477,0.0080337736164519,0.0022767419038272,-0.0058436815193572,-0.0061043285238622,0.000179117518567
2018-06-08,0.0109599641537505,0.0167763157894738,-0.0064006650041562,-0.0021583439615423,0.004245244509756,-0.0033500837520938,0.0003280481137233
2018-06-15,-0.1597355933630041,0.000667169919839,0.0071111854764494,0.0011798249926262,-0.0135761320217868,-0.0324929971988796,0.0003279405334501
2018-06-22,-0.0538277324735086,-0.0086241114278496,0.0012460541618211,0.0027496808406168,-0.008241305422779,0.0092646207295887,0.000218555349142
2018-06-29,0.0252969396195201,-0.0125937249763413,0.0098730606488011,0.0039173440407405,-0.0140435432940002,0.0143430866322431,0.0005462689828472
2018-07-06,0.0664513256060097,0.0152609849601892,0.0107468940922454,0.0028321699790037,0.0017699115044247,-0.0118778280542988,0.0002943384124374
2018-07-13,-0.059791702598271,0.0151405126715558,-0.0002443991853361,0.0,-0.0105165741208144,-0.0251860331997708,0.0002186270222999
2018-07-20,0.1806979404850215,0.0003218999248899,-0.0159713168187742,-0.0038007991423837,-0.0089278122608621,-0.0052847915443333,0.0004371584699454
2018-07-27,0.1159845343051408,0.0062213958810071,-0.0107651540245116,-0.0044022696145569,-0.0062628689087165,0.0182998819362454,0.0003277255844438
2018-08-03,-0.0940078670634799,0.0077464288252433,0.0002387726196215,0.0014803438580581,-0.0078563411896744,-0.0052173913043478,0.0002724227871573
2018-08-10,-0.1718301391873057,-0.0015514809590972,0.0120785103170608,0.0063900904443572,-0.0020013922728855,-0.006993006993007,0.0004373496610541
2018-08-17,0.0716925916461723,0.0067099872863398,0.0026520802254266,0.00126990329198,-0.0223210393233934,-0.0134976525821596,0.0002185792349727
2018-08-24,0.0147543697385827,0.0085946818213709,0.0108282360720781,0.0038048780487804,0.0181039864443057,0.0237953599048186,0.0004370629370629
2018-08-31,0.0493247166863224,0.0097387916942019,-0.0105486957232806,-0.0027213529011566,-0.0056937631394533,0.0098779779198139,0.0003276539973786
2018-09-07,-0.0878122321254105,-0.0093348489545654,-0.0132207272272842,-0.0048220985493842,-0.0024667430182362,-0.0132336018411967,0.0004191110114868
2018-09-14,0.0126791482814587,0.0114047287899856,-0.0048686309074118,-0.003826906093612,-0.0018546321646207,0.0029154518950438,0.0002186031260247
2018-09-21,0.0436013791122853,0.0083628987898789,-0.012231126107128,-0.0051221434200157,0.0041585560077861,0.0168604651162789,0.0004371106982843
2018-09-28,-0.0184109530671606,-0.0043494640227403,0.0014517506404783,0.0016831683168316,-0.0064322847828001,0.0274442538593482,0.0003276897870014
2018-10-05,0.0001612762224585,-0.0099752339020364,-0.0339056615400267,-0.0123335039377974,0.0092231287690669,0.0183639398998332,0.0005013846114019
2018-10-12,-0.0508827319102122,-0.0412410534361753,0.0126503892427456,0.0057160048134778,0.0125659050966608,-0.0224043715846994,0.0002186270222999
2018-10-19,0.0366576108961402,0.0010871534698317,-0.0066392941382023,-0.0017947950942267,0.0067690705545431,-0.0078256008943544,0.000327868852459
2018-10-26,0.0014933648650303,-0.039529411764706,0.0112567056547359,0.0102886824493058,0.0065511593828118,-0.016338028169014,0.000546268982847
2018-11-02,-0.0160048817565759,0.0247239286925713,-0.0236430841250641,-0.0094430292713401,-0.0010276612143529,-0.0378006872852232,0.000331950207469
2018-11-09,-0.0021743928330519,0.0215896134466144,0.0120535714285712,0.0020006001800541,-0.0186026575225032,-0.0238095238095239,0.0005466870763175
2018-11-16,-0.119011088802319,-0.0145089285714283,0.011910013233348,0.0096835379854247,0.009958071278826,-0.0170731707317072,0.0003278330237133
2018-11-23,-0.2184128544503655,-0.0382859021663684,0.0038360941586748,0.0016808384417639,0.0012973533990658,-0.0508684863523573,0.0003277255844438
2018-11-30,-0.0858003759662127,0.0471035137701802,0.0016501650165017,0.0046392261375973,-0.0019866977628054,-0.0006535947712419,0.0004368242874304
2018-12-07,-0.1578122989518275,-0.0438236894612732,0.0290701711064533,0.0123251849836443,0.0220702786913622,0.0268149117069982,0.000406819767325
2018-12-14,-0.052703794567437,-0.0117615813635846,0.0005911662866313,-0.002528690916164,-0.0087221610635955,-0.015923566878981,0.0004372062520492
2018-12-21,0.1905885855894695,-0.0703904480362421,0.0213076619792738,0.0085146563276525,0.0141807620023919,-0.0459546925566343,0.0004377804531028
2018-12-28,0.0001563045437731,0.0292895720814292,0.0027335984095424,0.0057159465219918,0.019710242587601,-0.0067986399419919,0.0004375888852423
2019-01-04,-0.0123070591728614,0.0187285570131181,0.0087567121024372,0.0056834601676138,0.0031389393689078,0.0276816608996539,0.0004373974849642
2019-01-11,-0.0502899517670049,0.0261103847220571,-0.0096634182294652,-0.0022030651340997,0.0029644268774704,0.0316498316498317,0.0003279046890372
2019-01-18,-0.0017882381688885,0.0288825391922156,-0.0113288679401306,-0.007103772679274,-0.0064039408866994,0.0156657963446475,0.0004370629370629
2019-01-25,-0.0082283921254454,-0.0025519777827818,0.0081130812980929,0.0038673498984818,0.0152040984961163,-0.0006426735218508,0.0003276539973788
2019-02-01,-0.0289513616003185,0.0161035442847468,0.0058478636024223,0.0047200520080903,0.013348526778447,0.0070739549839227,0.000427994322524
2019-02-08,0.0568937080994895,0.0015181811449305,0.011491402116402,0.0048991354466858,-0.0023293172690763,-0.0108556832694763,0.0005467468562057
2019-02-15,-0.0154603393239757,0.0255111472621734,-0.0030241111565181,-0.0016250836440111,0.0047500201272039,0.0271142672692057,0.000327868852459
2019-02-22,0.0998009698901032,0.0063813678480006,-0.0033612067552057,0.001531980084259,0.0056089743589744,0.0113136392206161,0.000546268982847
2019-03-01,-0.0350832912670368,0.0045855126459841,-0.0218533273011434,-0.0079440439770553,-0.0288446215139442,-0.0192666252330638,0.0004367765887751
2019-03-08,0.0109573633272299,-0.0212538335354115,0.024523849654475,0.0112967075407937,0.0078765999343617,-0.0006337135614703,0.0004373974849642
2019-03-15,0.0152319988408466,0.0294509218101,0.0014806284445176,0.0033416077907197,0.0010582872028654,0.0095117311350665,0.0003279046890372
2019-03-22,0.0160993536811628,-0.0073228822295685,0.0255441478439424,0.0118945665619945,0.0081320647312352,0.0012562814070351,0.0004370629370631
2019-03-29,0.0291753303920561,0.0115666965085046,0.0126541726733941,0.0031032537145005,-0.0158102766798418,-0.002509410288582,0.0004368719965048
2019-04-05,0.2197526351063181,0.0215590484282073,-0.0168662647087096,-0.0067697140086535,-0.0002458814851241,0.0169811320754718,0.0004984455409231
2019-04-12,0.0086034825522733,0.0055099282669717,-0.0109650890913486,-0.0043507046249883,-0.0012297097884899,0.0086580086580083,0.0004373018476002
2019-04-19,0.0417332770735399,-0.0004824924179763,0.0018749490502973,0.0004749691270067,-0.0119839120085364,-0.0061312078479458,0.0004371106982843
2019-04-26,0.0105387663824381,0.0116888490448936,0.0074043938161105,0.0056019749335358,0.0083077178699011,-0.0111042566317087,0.0003276897870014
2019-05-03,0.0862968329538396,0.0021130840802969,0.0008756035814463,-0.0020659838672651,-0.0059322732141385,-0.0099812850904553,0.0004786855007203
2019-05-10,0.1040485458252564,-0.0201680100669997,0.0088144913472425,0.006067500948047,0.0064649813510153,-0.0113421550094519,0.0005467468562054
2019-05-17,0.1540685952241607,-0.0078444984380425,0.0099398797595189,0.0057482095740672,-0.0064234538417194,0.0133843212237094,0.000327868852459
2019-05-24,0.082880822703752,-0.010705289672544,0.0142074767838717,0.0059964396139791,0.0053874844591794,-0.0169811320754718,0.0005462689828472
2019-05-31,0.0740916047593998,-0.0265577480727067,0.0316951009547661,0.0143429263295147,0.0167353668590273,-0.0319897632757517,0.0004367765887749
2019-06-07,-0.0671502045587376,0.0449740255022341,0.0013510460970698,0.0048896929363697,0.0264331468418066,0.0026437541308657,0.0003937676312617
2019-06-14,0.0838879122063323,0.0055970797844604,-0.002125398512221,0.0008239494644328,-0.0002369855438818,0.0065919578114701,0.0006558810668999
2019-06-21,0.1745502890173411,0.0213358224434765,-0.0002282062984937,0.0020124405415293,0.0428255372945638,0.0281597904387684,0.0003277255844438
2019-06-28,0.2205512674387244,-0.0034013605442176,0.0104998858708058,0.004381960927515,0.0092438248219426,0.0019108280254778,0.0004368242874304
2019-07-05,-0.1153086577052939,0.0186348122866895,-0.0008995121152245,-0.0021622186993606,-0.0079579579579579,-0.0057215511760965,0.0002745788305498
2019-07-12,0.0716898510855703,0.0073376666890032,-0.0166880616174585,-0.0049274568847522,0.0105191463599214,0.026854219948849,0.0005466273095002
2019-07-19,-0.1065668584920583,-0.01157492100449,0.0112885885424667,0.0052269601100414,0.0070396165655657,-0.0311332503113325,0.0004370629370629
2019-07-26,-0.0647630634721624,0.0162869737860482,-0.0016705900220213,-0.0016420361247949,-0.0061723804566075,-0.0038560411311053,0.0002184359982526
2019-08-02,0.0712286237785015,-0.0310916857057712,0.0403619859499762,0.0173971429295889,0.0168362765639029,-0.0232258064516128,0.0005951081022059
2019-08-09,0.1288742130894404,-0.0034174014079692,0.0259321661416749,0.008816914080072,0.0395172566046067,-0.0125495376486127,0.0002186270222996
2019-08-16,-0.1303410188055712,-0.0094986626431656,0.0434130667618708,0.013198965486489,0.0107603001557412,-0.0080267558528429,0.0005464480874317
2019-08-23,0.0056148454151072,-0.0138480180024237,-0.0011633477040992,0.0014963471525391,0.0097352570388009,-0.0013486176668914,0.000218459858001
2019-08-30,-0.0774826628679777,0.0266807091451639,0.0090435735818033,0.0020214448936546,-0.0029132274398279,0.0013504388926401,0.0004368242874304
2019-09-06,0.0745147915288577,0.0191485724055395,-0.0083672375545085,-0.0036912953679851,-0.012591304347826,0.0195549561699259,0.0003102108112731
2019-09-13,0.0042073148825145,0.0101996309344067,-0.0634474243775293,-0.0255731922398589,-0.0126109623784697,-0.0006613756613758,0.0003279763857002
2019-09-20,-0.016773254071239,-0.0047373908133777,0.039182657096821,0.0135746606334841,0.0199785943631822,0.0244870946393118,0.0004371584699454
2019-09-27,-0.1957675547937325,-0.0096553573823252,0.005920078934386,0.0033928571428571,-0.0132214060860439,-0.0187338501291991,0.0004369674459252
2019-10-04,-0.0049866041568077,-0.0035545023696681,0.0246259075204882,0.0142600668190067,0.0059549128030624,-0.0125082290980906,0.0004045090914128
2019-10-11,0.0149155783427326,0.0065568201121111,-0.0380163024864717,-0.0167823565591773,-0.0131782945736433,0.0193333333333334,0.0004372540445998
2019-10-18,-0.0377175031785432,0.0057040637235048,-0.0061236115066931,0.0004468275245754,0.0030707705491681,-0.0026160889470244,0.0002185314685316
2019-10-25,0.0890913689551164,0.0121824344732692,-0.0075942112050435,-0.0033050468959356,0.0099672504627652,0.0236065573770494,0.0003277255844438
2019-11-01,0.0666191412613719,0.0150530503978778,0.0165004187120989,0.0064354812690443,0.0049344424080077,0.0,0.0003131702522662
2019-11-08,-0.0495991490108443,0.0091461422878422,-0.0401963574274331,-0.0168554356550434,-0.0362654320987655,0.0,0.0003280122457904
2019-11-15,-0.0344209361354862,0.0092250922509227,0.0211251945741606,0.0085268505079827,0.0059684110925104,-0.0019218449711724,0.0001093015630122
2019-11-22,-0.1420607125109039,-0.0026620481734501,0.0155342624854819,0.0045871559633028,-0.0034006222415164,0.0019255455712452,0.000327868852459
2019-11-29,0.0648644855762683,0.0107730897864677,0.0037169406719084,-0.0010744023636851,0.0008712066211704,-0.0192184497117233,0.0003277613897083
2019-12-06,-0.0274184462406714,0.0017816805065065,-0.0130282042672502,-0.0039428225242914,-0.0017408965617293,0.023514043109079,0.000297352899657
2019-12-13,-0.0357344499546329,0.0077809889795787,0.0049873509215754,0.001712174461566,0.0103909315506467,0.0127632418634335,0.0001093254619002
2019-12-20,-0.0097334428144735,0.0156939367200301,-0.0156220797382468,-0.0065094818279957,0.0033800791082343,0.0151228733459356,0.0004919108001748
2019-12-27,0.0093087899964245,0.0066410999906465,0.0049030369557261,0.0037178092129124,0.0201404816513761,0.0141231116778326,0.0001093972213106
2020-01-03,0.0124360073551912,-0.0013937929752835,0.0131080687445384,0.0070467070196043,0.0248015175999438,0.0049751243781095,0.0004375410194705
2020-01-10,0.1160060776369102,0.0102354145342884,-0.0048878665899941,-0.0019736251906343,0.0071986836692716,-0.0179455445544555,0.000218674830527
2020-01-17,0.0873805358532735,0.0191581468177213,-0.0030338052585957,0.0004494382022472,-0.0022462732285071,-0.0063011972274732,0.0002186270222999
2020-01-24,-0.0532104904143032,-0.0095797559873475,0.0294160266628025,0.0102425876010781,0.0095510983763131,-0.0418516169942929,0.0002185792349727
2020-01-31,0.1082936366868112,-0.0214131459683059,0.0268862612612612,0.0142298114549983,0.0091228544397892,-0.0350761085373925,0.0002185314685314
2020-02-07,0.0492724708619474,0.0325428154042206,-0.0084296053382724,-0.0055017712081325,-0.0103127301948705,-0.0034293552812072,0.0004190358208648
2020-02-14,0.0540701649627615,0.0162552679108973,0.0008308523160007,0.0003531696980398,0.0081872927802963,0.0082587749483828,0.0002186509238
2020-02-21,-0.0645095491649556,-0.0122037914691944,0.0241438948460741,0.0083848190644306,0.0382550335570468,0.0088737201365187,0.0003279046890369
2020-02-28,-0.1016983481536211,-0.1116108912078684,0.0491083490948394,0.0263457330415755,-0.0408532643826761,-0.0791610284167793,0.0002185314685316
2020-03-06,0.0504974743785451,0.0040504961857827,0.0753869550057371,0.028008838780545,0.0618007817765198,-0.0183688464364437,0.0011731057440915
2020-03-13,-0.38910717179814,-0.0946009547502185,-0.076932301972777,-0.0253322259136214,-0.0905744208187877,-0.0935628742514971,0.0007646095030038
2020-03-20,0.1128885383429532,-0.1452340747066686,0.0356632454202938,0.0152535151256925,-0.0221245114461193,-0.0966143682906687,0.0004365858982753
2020-03-27,0.0242817748970742,0.1076048951048949,0.0518722950511194,0.0154440154440156,0.0866462065519948,0.043875685557587,-0.0004363953742089
2020-04-03,0.0589689437672882,-0.0206376765843262,0.0062021310011552,0.0091266823581042,0.0026272577996715,0.0,-0.0001936413054219
2020-04-10,0.018535513283141,0.1209154276965227,-0.0184569732937688,-0.0080367393800232,0.0395676383884702,0.0122591943957963,-0.0002184598580011
2020-04-17,0.0245855032570725,0.0303378864126526,0.0146320817461755,0.0065310846560848,-0.000756191316403,-0.0103806228373702,0.0003277613897083
2020-04-24,0.0679397514069626,-0.0128035166061959,0.0180561349144867,0.0032032854209445,0.025666897899981,-0.0646853146853145,-0.0001092179991262
2020-05-01,0.1761439040639572,-0.0006361098349648,-0.0156508604542262,-0.0024727116423773,-0.0175848499754057,0.005607476635514,-6.184598580027956e-05
2020-05-08,0.1102361401886948,0.0341242618197248,-0.0236379874962786,-0.0014789253142715,0.0040055075729126,0.0455390334572491,0.0
2020-05-15,-0.0493458680144204,-0.0210641499110929,0.0166483717526528,0.0034559368057267,0.0218800648298218,-0.0044444444444444,0.0
2020-05-22,-0.0157163373914014,0.0319966466396535,-0.0069581908703736,-0.0005740057400573,-0.0043921185872018,0.0312500000000002,0.0
2020-05-29,0.0280338058887676,0.0300568643379364,-0.0118393234672304,0.0004922874958974,-0.0018381226640524,0.0199134199134194,0.0
2020-06-05,0.0205885816059496,0.0493559411146162,-0.0444880648814329,-0.0168098111740082,-0.0300779571542569,0.0458404074702889,-0.0001092537965695
2020-06-12,-0.0162173791933614,-0.0473789691238178,0.0396515277688809,0.0135259246889873,0.0291753686475539,-0.0251623376623377,0.0002185314685316
2020-06-19,-0.0163653325416555,0.0190534236218402,0.0005545286506467,0.0012356866298706,0.0086705202312138,0.0266444629475439,-0.0001092418614814
2020-06-26,-0.0158986405276776,-0.0278317781233798,0.0176119219163743,0.0035379298996216,0.0153020788880082,-0.0227088402270884,0.0
2020-07-03,-0.011345515983589,0.0405932344609232,-0.0088843850353756,-0.0011462836071606,0.0026420079260238,0.03402489626556,0.0001092537965694
2020-07-10,0.0254000216377097,0.0171668321429714,0.0167491900482914,0.0013966480446927,0.013235117978201,0.0160513643659709,0.0
2020-07-17,-0.0144288430440746,0.0130041877892881,0.0027054650393796,0.0011485765854459,0.0054967787694308,0.0,0.0
2020-07-24,0.0418906046544145,-0.0026109660574413,0.0177479314066435,0.0025403589281325,0.0504349870679519,0.0189573459715641,-0.0001092418614814
2020-07-31,0.188477426660236,0.0175766641735228,0.0074231177094379,0.0037600130783062,0.0376608841634025,0.0031007751937983,0.0001092537965694
2020-08-07,0.0228283633835768,0.024653926252603,-0.0054382357659373,-0.0013861040895095,0.0290136439626813,0.017774343122102,0.0
2020-08-14,0.0143442039704233,0.0067848282870548,-0.039439604426654,-0.0089773932914388,-0.0433415439442377,0.0053151100987092,-0.0001092418614814
2020-08-21,-0.0194889010198512,0.0078375489846813,0.0185071699963228,0.0056822860907519,-0.0027939081845074,0.0045317220543807,0.0001092537965694
2020-08-28,-0.0003841704433309,0.0326970661010956,-0.0305655836341754,-0.0060596134949229,0.0129648958962806,0.018796992481203,0.0
2020-09-04,-0.0937510573085067,-0.0228478521307546,0.0111821606438315,0.0014644516804085,-0.0149140408915884,-0.0302583025830259,0.0
2020-09-11,-0.0055866937896374,-0.0248416382053302,0.0106919011920854,0.0044455421091629,0.004459370182779,-0.0182648401826482,-0.0002184837229628
2020-09-18,0.0525130705080627,-0.0061988145842066,-0.0055325875486379,-0.0025407753462832,0.0041107152644559,0.0410852713178293,0.0
2020-09-25,-0.0225657367019743,-0.0058067442915468,0.0094760652931467,0.0031224322103533,-0.0450873362445414,-0.035740878629933,0.0
2020-10-02,-0.0108799092701468,0.015544671919204,-0.0133331594251461,-0.0025870358091575,0.0205784840516747,-0.016216216216216,0.0
2020-10-09,0.0454325285703474,0.0389707644380541,-0.0163440860215053,-0.0055471093396886,0.0142265038646802,0.0470957613814755,0.0
2020-10-16,0.0243135239225964,0.0012685598962087,0.0081204322568555,0.0019833071646973,-0.0153523304616743,-0.005247376311844,0.0001092657342658
2020-10-23,0.1416825392338054,-0.00434795127991,-0.0209430571906561,-0.0071752577319588,0.001906898485698,-0.0007535795026375,0.0
2020-10-30,0.0492940145027458,-0.0556423159234196,-0.0027846338839314,-0.0026582488785511,-0.0136587550380653,-0.0460030165912517,0.0
2020-11-06,0.1489531788113656,0.0723341703926012,0.0127583797568369,0.0042990077956557,0.0396708286038594,0.0363636363636359,-0.0001092537965695
2020-11-13,0.0475470990865165,0.0226753484121544,-0.0078414152186186,-0.0043153526970957,-0.0329166439216114,0.0183066361556065,0.0001092657342658
2020-11-20,0.1430680056615216,-0.0077352694777996,0.0211810824481537,0.0043340556759461,-0.008297584104764,0.0187265917602996,0.0
2020-11-27,-0.0812701982828811,0.0234711395041231,-0.0079871215404617,-0.0002489626556019,-0.0449655643462918,0.0308823529411765,0.0
2020-12-04,0.0881588282518996,0.0169934281079,-0.0303294055752706,-0.008885882365043,0.0269980332558554,0.0014265335235377,3.552617200308639e-05
2020-12-11,-0.0329207979187712,-0.0095984858726512,0.0230025773195878,0.0069560844787126,0.0009865366759518,0.0142450142450143,-0.0001092537965695
2020-12-18,0.2811438785620073,0.0121758121758119,-0.014338750178348,-0.0039744119627687,0.0228998782538116,0.0316011235955056,0.0
2020-12-25,0.0694617609344889,-0.0004875670404679,0.0061408558817883,0.0016722408026754,-0.0005100884153252,-0.0061266167460856,0.0
2021-01-01,0.1869185880650536,0.0132249322493223,0.0027973806344967,0.0012520868113523,0.0113977884888007,0.0068493150684929,0.0
2021-01-08,0.3835823984230024,0.0197389536749761,-0.0406390667596525,-0.0142559399749895,-0.0281453240636914,0.036734693877551,-0.0001092657342656
2021-01-15,-0.0946358815468912,-0.0145832240465825,0.0033042558815754,0.0017760487144791,-0.0127495096342449,0.0039370078740157,0.000109277674571
2021-01-22,-0.1033429662116225,0.0191109928134149,0.0003952048478461,0.0010975094976781,0.0161865248641384,-0.0137254901960783,-0.0001092657342656
2021-01-29,0.0396728867994913,-0.0334569577935646,0.0007900974453516,0.0005059875189745,-0.0074180563542265,0.0066269052352552,0.000109277674571
2021-02-05,0.1178914055155582,0.0476666576593616,-0.0249922167061981,-0.0061785392970216,-0.0162215398876079,0.0447662936142196,0.0
2021-02-12,0.2349778951503045,0.0127156895617859,-0.006214956427751,-0.0003394721208521,0.0051822625287085,0.0283553875236295,-0.0001092657342656
2021-02-19,0.1822549674756173,-0.0066473105134473,-0.0261029161851675,-0.0106121062908565,-0.0215595524049446,0.0122549019607842,0.000109277674571
2021-02-26,-0.1722378635566843,-0.0247929646437451,-0.0010469742444335,-0.0066929809507463,-0.0311358601281359,0.0127118644067798,-0.0001092657342656
2021-03-05,0.0534789842096061,0.0085971185192974,-0.028234288731363,-0.010978043173616,-0.0165008343118473,0.0382546323968917,0.0
2021-03-12,0.1737377006878322,0.0271876547715246,-0.0205168814340221,-0.0047194546407972,0.0147668719366595,0.0028785261945885,-0.0001092776745711
2021-03-19,0.0141255802866464,-0.0083799725930062,-0.0096281052476846,-0.0074639971900244,0.0108365843086259,-0.0338691159586684,0.0
2021-03-26,-0.0517735564753479,0.0166889185580776,0.0141743970315397,0.0048659647881093,-0.0061259495221759,-0.0035650623885917,0.0
2021-04-02,0.0713199077011261,0.0116925097227131,0.0075740084882187,-0.0013231907025885,-0.0016025641025642,0.0071556350626118,0.0001092896174863
2021-04-09,-0.0136975379647942,0.0271585831606799,0.0,0.0022053634438956,0.0079639461661935,-0.0065127294256958,-0.0002185553491423
2021-04-16,0.0549040341202844,0.0140222119614086,0.0127263471747511,0.0059853886101579,0.0188644576468426,0.0393325387365914,0.0001093015630124
2021-04-23,-0.1664578673118686,-0.001246225375066,0.0057446502944131,0.0019249278152067,0.0003005710850616,0.0114678899082565,0.0
2021-04-30,0.1284911884837869,0.0013437634976245,-0.0101385120662575,-0.0045410881145749,-0.0044471153846153,0.0153061224489796,0.0
2021-05-07,-0.0065781229227789,0.0115504433261441,0.0057278697597045,0.0050418369801821,0.0357962091029819,0.0457844779452818,-0.0001092896174864
2021-05-14,-0.1303905190199731,-0.0131242300767555,-0.0154420742656035,-0.0029696916761288,0.0064106299900925,-0.0170848905499199,-0.0001093015630122
2021-05-21,-0.2525897621357323,-0.0039368188583225,0.0043040560256781,0.0005256241787119,0.0193989229254734,-0.0141227593699077,0.0001093135111498
2021-05-28,-0.0426425312352274,0.0122909336289585,0.0055930849131982,0.0016636021364153,0.0132924335378323,0.0247933884297522,0.0
2021-06-04,0.0326807611930297,0.0060946576516522,0.012003096302017,0.0039242855225483,-0.0068393317636505,0.0258064516129028,0.0
2021-06-11,0.0136571723370171,0.0040463795551346,0.0172265904217296,0.0073189857976827,-0.0080153533529012,0.0073375262054509,-0.0001093015630122
2021-06-18,-0.040505218314164,-0.01888742900238,0.0240320427236313,-0.0006054839546751,-0.0615113235461477,-0.0312174817898022,0.0
2021-06-25,-0.1182414550148743,0.0281741058517304,-0.0255266588897276,-0.0056257573134846,0.0100648760080033,0.0198711063372716,0.0
2021-07-02,0.0697210177793186,0.0166662759897797,0.0226648369044288,0.0081557266667831,0.0042019328891289,0.0268562401263825,-0.0001093135111498
2021-07-09,0.0008660250898655,0.0041501429493682,0.010273028130171,0.0057019438444922,0.0114770757367446,-0.0194871794871793,0.0
2021-07-16,-0.0719172481747443,-0.0095977222630417,0.0114652289633523,0.0047246800103086,0.0011819632409431,-0.0052301255230127,0.0
2021-07-23,0.0716998891468769,0.0199378680391337,0.0019566830848118,0.0022229822161423,-0.0050174133758337,0.0068349106203995,-0.0001093254619001
2021-07-30,0.2548687953204622,-0.0032504432422602,0.0068686868686869,0.004180174031735,0.0074750830564782,0.0182767624020887,0.0
2021-08-06,0.0149385033586162,0.0090761898246334,-0.0104451754101877,-0.005136373869476,-0.0305028854080792,-0.025128205128205,0.0001093374152636
2021-08-13,0.1158611728634702,0.0077515876064995,0.0052104479631884,0.0017944116893102,0.0106292517006802,0.0031562335612833,0.0
2021-08-20,0.0318508368200836,-0.0057409400789379,0.0134634803096602,0.0024735585124531,0.0018630927339382,-0.0613529103303619,0.0
2021-08-27,-0.0051207897739103,0.0155404186214362,-0.0072401195616076,-0.0031481323917298,0.0209358128374326,0.0726256983240223,-0.0001093254619001
2021-09-03,0.0189370673264057,0.0062853970016656,-0.0073033248285406,-0.0006801391541071,0.0051119337211351,0.0067708333333333,-0.0001093374152634
2021-09-10,-0.1029663710215814,-0.0168623642623819,0.0014846807936295,-0.0015384615384615,-0.0226820998480065,0.0015519917227109,0.0001093493712409
2021-09-17,0.0546046891802194,-0.0058636022808907,0.0051886792452828,-0.002824858757062,-0.020397176695777,0.0082644628099173,-0.0001093374152634
2021-09-24,-0.0949135707879792,0.0056864521975532,-0.0151504994301803,-0.0066958537213495,-0.0028698784881235,0.0204918032786887,0.0
2021-10-01,0.1245262560157456,-0.0217836948931089,-0.0093725069770606,-0.0001711347333851,0.0078995713410898,0.0266064257028113,0.0001093493712409
2021-10-08,0.1206818799786713,0.0083364038319824,-0.0238734090127279,-0.0102067295216676,-0.002187253174555,0.0278728606356966,-0.0001093374152634
2021-10-15,0.1431100158049563,0.0182935184762251,0.0222018607273752,0.0013982347286549,0.0066979236436706,0.0313986679352999,0.0
2021-10-22,-0.0159585111140441,0.0162603449435934,-0.0062056126318693,-0.0054978619425779,0.0147583620637512,-0.0032287822878229,-0.0001093493712411
2021-10-29,0.0257956156895027,0.013528425141243,0.0246999236800109,0.0058792558792557,-0.0066758061631996,-0.0120314669134659,0.0001093613298339
2021-11-05,-0.0211487797273447,0.0202068590092538,0.0122004934213235,0.0101392990507138,0.019141914191419,-0.0079625292740049,-0.0001093493712411
2021-11-12,0.0522687977377336,-0.0026892621603739,-0.0131949095780307,-0.0094201019790853,0.0271431935939707,0.0070821529745044,0.0
2021-11-19,-0.0946628025881196,0.0034669463051342,0.0069911083961176,0.0020938754144126,-0.01054743479507,-0.0225035161744021,0.0
2021-11-26,-0.0745140928239805,-0.0211563479707393,0.0146265839849015,0.0044401880550233,-0.0333700249116506,-0.0393285371702637,-0.0001093613298336
2021-12-03,-0.002335531440426,-0.0120922936139615,0.0266165470359722,0.0093441129381088,-0.0013185495954449,-0.0264603095356964,0.0
2021-12-10,-0.1205295418653179,0.0381985796832955,-0.0355685131195335,-0.0087658989343414,-0.0003000660145231,0.0425641025641023,0.0001093732910422
2021-12-17,-0.0214112948218243,-0.0196212665165484,0.0143726000938229,0.00672875652976,0.0073238083803577,-0.0147565174618787,0.0
2021-12-24,0.1016405382907881,0.023332680975058,-0.0153152555857586,-0.0059477631238686,0.0069725864123957,0.0314528207688467,-0.0002187226596674
2021-12-31,-0.0905759543486816,0.0092647683807907,-0.0022219229733371,-0.0027748872702045,0.0117772385630585,0.0058083252662153,0.0001093852548676
2022-01-07,-0.1006222178755706,-0.018675256863736,-0.0400161954247925,-0.0196521739130436,-0.0187763219466542,0.0221366698748792,0.0
2022-01-14,0.035929912756625,-0.0029393464781478,-0.0011247012512299,-0.0014191946070605,0.0114456035767509,0.0254237288135592,0.0
2022-01-21,-0.1536148663398665,-0.0575400241005337,0.0107670654468681,0.0027535974418193,0.0083691872458302,0.0105601469237832,-0.0001093732910424
2022-01-28,0.0348810313316034,0.009064340837481,-0.0034811668871403,-0.0028346177695105,-0.0233210590917061,0.0149931849159472,-0.0001093852548675
2022-02-04,0.1022810669902027,0.0152732209525963,-0.0274271973766063,-0.0112191760507041,0.0105326152004787,0.0219337511190689,0.0
2022-02-11,0.0192301725226553,-0.018364163137954,-0.0054672325731962,-0.0005395683453238,0.0293142248016107,0.0131406044678057,0.0
2022-02-18,-0.0566221099723814,-0.0141443036825135,-0.0001446654611211,0.0007198128486596,0.0190437834416892,0.0021616947686984,0.0001093972213104
2022-02-25,-0.0188938231529948,0.008106303111254,-0.009838674672647,-0.0032368279086496,-0.0032181571815718,0.0125107851596204,-0.0001093852548675
2022-03-04,-0.0017978452884136,-0.0127470017133066,0.0259614031611918,0.0202137901678125,0.0403851600113283,0.1508308478909246,0.0003446269777951
2022-03-11,-0.0107050918217891,-0.0279982414327694,-0.0380062749572165,-0.021592920353982,0.0076763937282229,-0.0385042576823398,-0.0001093852548676
2022-03-18,0.0781816064572884,0.0614564453543455,-0.0108961529908827,-0.0134768451519541,-0.0312820789886001,-0.0115517905275317,0.0
2022-03-25,0.0612021645926685,0.018379375506164,-0.0358213429256595,-0.0274135876042905,0.0171779141104293,0.0580444098169068,0.0
2022-04-01,0.044463766519923,0.0005080739578962,0.0304813228664697,0.0065181184012066,-0.015791205176006,-0.0342415316642119,0.0002187944426212
2022-04-08,-0.0871040623773184,-0.0118122405722866,-0.0548421211663391,-0.0234411626816691,0.0109749303621169,0.01868089973313,-0.0002187465820846
2022-04-15,-0.0402373756893459,-0.0218513305181311,-0.0349264705882356,-0.0068170907345175,0.0141621204606821,0.0516467065868264,0.0
2022-04-22,-0.0207812704213612,-0.0268393522008267,-0.0062939958592131,-0.0067672080433101,-0.0203760052162573,-0.0338078291814948,0.0001093972213106
2022-04-29,-0.0280305460853133,-0.0329546521453385,-0.0045003750312525,0.0006813315164493,-0.0187475733540406,0.0139963167587477,0.0
2022-05-06,-0.0669067426743266,-0.0016019417475728,-0.0467388408469693,-0.0155228565668148,-0.0084223616528178,0.0279694878314566,0.0002187705097353
2022-05-13,-0.186781889260691,-0.0233869791413425,0.0203219846925313,0.0150361064398061,-0.0377950062706646,-0.0095406360424027,0.0001093613298337
2022-05-20,-0.002937817226385,-0.0300955889674402,0.021814105880324,0.0119871357567489,0.0191954499674151,-0.0024973242953977,0.0001093493712409
2022-05-27,-0.0195613096944249,0.0657803557220952,0.004809720698675,0.0054892141756546,0.0047666104749171,0.0371959942775392,0.0
2022-06-03,0.0373879663846761,-0.0113663728748253,-0.0238738757639231,-0.01648117027117,-0.001562048018513,0.0303448275862068,-9.47736715503078e-05
2022-06-10,-0.0204823467578174,-0.0505188288595507,-0.0194777212789796,-0.0178432137285491,0.0113570518020627,0.0117135207496654,0.0
2022-06-17,-0.2964081386283732,-0.0573707773217037,-0.01485453107146,-0.0052615903901517,-0.0187349604675145,-0.0522659609659279,0.0002187705097351
2022-06-24,0.0375634929436541,0.0662001858634449,0.0042826552462529,0.0094810379241516,-0.0068897063116716,-0.0331588132635253,0.0001093613298337
2022-07-01,-0.0921894047798983,-0.0226620180475799,0.0309784914712154,0.0221983984181908,-0.0104062555117879,-0.0335740072202166,0.0003593767085838
2022-07-08,0.1200712662994429,0.0194890357779875,-0.0286651700915212,-0.0169507942657887,-0.0357652091254752,-0.0261486738886814,-0.0001093732910424
2022-07-15,-0.0354118477870778,-0.009107983636504,0.0323555555555554,0.0124150162577596,-0.0202711028958719,-0.0383582662063672,0.0
2022-07-22,0.0890439960748996,0.0258613974502115,0.020750817978302,0.0143065693430655,0.0104395949940254,-0.007179896290387,0.0004375410194705
2022-07-29,0.0480021230046687,0.042775063909489,-0.009447490510333,0.0091153329495297,0.0213481048111034,0.0490156689433507,0.0001093374152636
2022-08-05,-0.019405016036595,0.0035923202019467,-0.00641482514926,-0.0134018225020242,0.0072516758074345,-0.0474913826120259,0.0005113079759038
2022-08-12,0.0468102410646342,0.0329649067646986,-0.0078990297930797,0.0007723498744929,0.015608929759816,0.0490550864495376,0.000328155764603
2022-08-19,-0.1462603181159563,-0.0116132053383283,-0.0217221981826047,-0.0113833687053828,-0.030678501221183,-0.0049827520122652,0.0004373974849642
2022-08-26,-0.028478875551432,-0.0398682901407115,0.0051309271054493,-0.0049765807962529,-0.0058997050147493,0.025808936825886,0.0003279046890372
2022-09-02,-0.0142873022891598,-0.0322469221090029,-0.0278342650925674,-0.0124543596471637,-0.0154549950544016,-0.0484416072099136,0.0006389220248741
2022-09-09,0.0705823918171038,0.0366102386294104,-0.0173289784068227,-0.0082570632709909,0.0035162627150571,0.0019731649565903,0.0003280839895014
2022-09-16,-0.0728839879569909,-0.0478199754058041,-0.011448619702705,-0.0101314073628245,-0.0249030158928794,-0.020086648286727,0.0004373018476004
2022-09-23,-0.0259244671342654,-0.0456738250855899,-0.0127953675165778,-0.0188488042156467,-0.0181596509240247,-0.0349678456591638,0.0005463883728553
2022-09-30,0.0068792441229637,-0.0292702812882184,-0.0307473982970672,-0.0085726089650898,0.010848964119992,-0.0041649312786339,0.0004368719965048
2022-10-07,0.0055337567916979,0.01570636653788,-0.0119332660273085,-0.0061125557681257,0.0207538630632961,0.086992890004182,0.00027737936932
2022-10-14,-0.0180828659775761,-0.0142231042752006,-0.0239627685909497,-0.0098718756563747,-0.0310362300481378,-0.0315505963832239,0.0004373018476002
2022-10-21,-0.000654953634393,0.0465844587981993,-0.0547834026580094,-0.0120916419176919,0.0076480585697478,-0.0115216527612239,0.0005463883728553
2022-10-28,0.0744856209726696,0.039354511207887,0.0389610389610388,0.0182520936225036,-0.0064223159260461,0.0168810289389069,0.0003276539973788
2022-11-04,0.0270340095882641,-0.0325690195876818,-0.0242827717357423,-0.0128519894414623,0.0216113867850613,0.0505928853754937,0.0009574478519276
2022-11-11,-0.1928366618562433,0.0588813604357645,0.0389513903629801,0.0269749518304431,0.0517032018917364,-0.0161775771256583,0.0005466273095002
2022-11-18,-0.0216668590084186,-0.0062231813505307,0.0178772091122689,0.0019804044194287,-0.0107559552746718,-0.0378585086042067,0.0006555944055943
2022-11-25,-0.0106769578065262,0.01590788576623,0.032717784022481,0.0101945282430044,0.0026414398918852,-0.0158982511923682,0.0005459707359685
2022-12-02,0.0345354778497217,0.0113836900057167,0.0431225900171501,0.0181693136184892,0.0247518686435486,0.0133279483037154,0.0007675375966063
2022-12-09,0.0020956265642606,-0.0334963505443466,-0.0070968344383229,-0.0084110255370897,-0.0011957431543703,-0.0466321243523316,0.0009842519685041
2022-12-16,-0.0289831719654193,-0.020923006509357,0.00976340461647,0.0097223497973992,-0.0016161858015084,0.0100334448160532,0.0006555227794164
2022-12-23,0.008801042801519,-0.0009392856211024,-0.046214172346186,-0.0188621843626407,0.00281791474309,0.021026055610352,0.000999078673211
2022-12-30,-0.0101928062699288,-0.001253558277402,-0.0254502740798745,-0.0100258397932816,0.0142293435370082,0.0053017944535072,0.0006563833278634
2023-01-06,0.0206635805070969,0.0147739455586641,0.0564483728404983,0.0271455418667778,0.023991983022872,-0.0409736308316427,0.0002186509238
2023-01-13,0.1757667110110818,0.0268501339929911,0.0149267921658109,0.0062004472453749,0.0290714409072592,0.0486463620981383,0.0009837140671111
2023-01-20,0.1373406235119803,-0.0065746549560853,-0.0051522248243557,0.0018183654914638,0.0029648690982322,0.0121016538926987,0.0006551648831623
2023-01-27,0.0179532461207179,0.0247549762554311,0.0048022598870052,-0.0015125541998588,-0.0003904289140498,-0.0127540852929455,0.0008729812309034
2023-02-03,0.0155039230030475,0.0164415302701634,0.0024526939009235,-0.0021226421498128,-0.0321392701707398,-0.046830843762616,0.0008309590672208
2023-02-10,-0.0771047162201956,-0.0104522856796407,-0.0310215557638239,-0.0166328600405679,-0.0005765017871555,0.0304955527318935,0.0006560244915811
2023-02-17,0.136173601249284,-0.0019115772963437,-0.0097688364445305,-0.0056724422442244,-0.0121135209967698,-0.0197287299630086,0.0010926573426572
2023-02-24,-0.0563566011680112,-0.0267151205618032,-0.0137722211369407,-0.0113058811326625,-0.0169917085133715,-0.0075471698113206,0.000764025321982
2023-03-03,-0.0358395344634464,0.0197033150007568,0.0116227438659191,0.0004927904617537,0.0245916245916246,0.0333755809040978,0.0008225930904526
2023-03-10,-0.0985781731869517,-0.0452262549790939,0.0363136716066347,0.0226962278028788,0.0080004637950026,-0.0322976287816842,0.0007649437219976
2023-03-17,0.3595132474371847,0.0144754061827887,0.0119329481958518,0.0198294462139114,0.0569390924253752,-0.0418250950570342,0.0015287180607119
2023-03-24,0.0021660784234278,0.0147696094771661,0.0,0.0063469675599434,-0.0006529901507319,0.0123456790123457,0.0009812472743131
2023-03-31,0.0368205978844247,0.0344662034112444,-0.0044922788956482,-0.0077084793272599,-0.002341410291315,0.0339721254355402,0.0001089205968844
2023-04-07,-0.0196389576664408,-0.0004885317179217,0.02287882698997,0.0157196562306907,0.0178473965724266,0.0160067396798648,0.0010056166688301
2023-04-14,0.0917569598008767,0.0079913976392382,-0.0317884455910808,-0.0155254777070065,-0.0006970883157273,0.0145107794361525,0.0009831767533317
2023-04-21,-0.1051661588482988,-0.0006303641565241,-0.0064712599923867,-0.003538212697129,-0.0113221721399442,-0.026563138536984,0.0010913456291608
2023-04-28,0.0751521118122691,0.0090490053372149,0.0197318007662834,0.0117682864969059,0.0029850746268658,-0.0109151973131824,0.0005450779461464
2023-05-05,0.0066154470740353,-0.007934027360373,-0.0121870321286399,0.0020246016369911,0.0143939393939394,-0.0178268251273342,0.0004718838842709
2023-05-12,-0.0918672754096594,-0.0025204178077211,-0.0059109543331108,-0.0022068412077439,-0.0034674063800277,-0.0203111495246326,0.0012025800809007
2023-05-19,0.0031815625372038,0.0170801039869772,-0.0304018413733576,-0.0184980396099326,-0.016969113002516,0.0017644464049404,0.000764359030356
2023-05-26,-0.006485800360562,0.0033443218193109,-9.891196834810324e-05,-0.0071699272764518,-0.0148115878893486,0.0052840158520472,0.0009819967266773
2023-06-02,0.020095544358704,0.0188086281605639,0.0115743883840309,0.0063938261824556,0.000718549635198,-0.0056942619360488,0.0009890945683732
2023-06-09,-0.0280729548842455,0.0046270330902971,-0.0006863417982155,-0.0039046444718454,0.0054681027340512,-0.0017621145374447,0.0009840367373714
2023-06-16,-0.0050158982181683,0.0260487718073971,0.0066718995290424,-0.0007220961419435,-0.0022522522522522,0.0357458075904679,0.0010922992900057
2023-06-23,0.1648699943063198,-0.0142219997269376,0.0071150097465886,0.0023743160937339,-0.0188845455045972,-0.0238602471239882,0.0007637752318603
2023-06-30,-0.0070547599263567,0.0232450774451189,-0.0037743153004935,-0.0051493305870238,0.0003928170594837,-0.0091663029244871,0.0010902747492367
2023-07-07,-0.0041776056707797,-0.0106704565962822,-0.0348790141470851,-0.0184413282603838,0.0020755034498232,0.0123348017621145,0.0007950531645364
2023-07-14,-0.0010772886204181,0.024466993501311,0.0223052079127976,0.0205095676075695,0.0156180026869683,0.028720626631854,0.0010926573426575
2023-07-21,-0.0135355590077991,0.006454772079772,0.0043439628788628,-0.0009323526364861,0.0041338257179077,0.0190355329949236,0.0008731717965508
2023-07-28,-0.019650374627279,0.0104825511964263,-0.0188734886464171,-0.0085026959767731,-0.0017565045559336,0.0203403902034038,0.0009814612868048
2023-08-04,-0.006827762984007,-0.0221264116256675,-0.0301496246720409,-0.0034321286901793,-0.0091828879357748,-0.0052888527257932,0.0011330692248567
2023-08-11,0.0107178713738651,-0.0025961818222511,-0.0120169895369314,-0.0096791162546028,-0.0143737166324435,-0.0008179959100205,0.0009836065573769
2023-08-18,-0.1145934398897846,-0.0205318074722314,-0.0167767641816086,-0.0056305109954319,-0.0127815315315313,-0.0114613180515756,0.0009826400262038
2023-08-25,0.0002306747524372,0.0079495990836198,0.0154633678148663,0.0009615384615384,0.0130610848114982,0.0107660455486542,0.0009816753926701
2023-09-01,-0.009783572607992,0.025501738754915,-0.0008550829657635,0.0056756537517344,0.0140186915887849,0.0192544039328141,0.001140863027133
2023-09-08,0.004086409443113,-0.0125667678804938,-0.0050606220347915,-0.005001064056182,-0.0112708900116595,0.0072347266881027,0.0008746036952005
2023-09-15,0.0266108334459003,-0.001272290806249,-0.0149411889371623,-0.004491498235483,0.0014600179694519,0.0187549880287312,0.0009830693610048
2023-09-22,-0.0007466165413534,-0.0292081106073934,-0.0164586919104989,-0.0069824900633794,0.0015700347650555,-0.0101840971406189,0.0009821038847666
2023-09-29,0.0122956462983265,-0.0068305376144229,-0.0299682817455979,-0.0091951536131543,-0.0401410816257978,-0.0122675108824695,0.0009811403030632
2023-10-06,0.0380618992260739,0.0048189388977262,-0.0408938916110082,-0.0140026409133018,-0.0102070574511519,-0.0416666666666664,0.0011401229425256
2023-10-13,-0.0382759856489668,0.0045630209060854,0.0332586389904467,0.0129898967469745,0.0538008249852681,0.0388795986622072,0.0009832841691248
2023-10-20,0.1044985481349118,-0.023893395133256,-0.0498801506677321,-0.0194541867601928,0.0266174579209304,0.0112676056338025,0.0009823182711197
2023-10-27,0.1423362535491541,-0.0249531090481729,0.0135752042287364,0.0068741966132006,0.013944114603192,-0.0051730998806205,0.0010903936321011
2023-11-03,0.024334931939731,0.0584640109087368,0.0421334876621317,0.0200071559078907,-0.0073059360730594,-0.0128,0.0008481030425055
2023-11-10,0.0744553498337114,0.0136189008258758,0.0041081821294077,-0.0049110553312231,-0.0285729747280697,-0.0259319286871962,0.0010931351114997
2023-11-17,-0.0184364597472014,0.0231043326297633,0.0232981020570521,0.0148058784821232,0.0231741964235976,-0.0037437603993343,0.0010919414719372
2023-11-24,0.0300336593295664,0.0100046584884314,-0.0026654820079965,-0.0028098994920566,0.0100724124789024,0.0029227557411273,0.0008726003490402
2023-12-01,0.0256923436312179,0.0083461453986382,0.0387407572383071,0.0218808713558036,0.0349827511858558,-0.0091590341382182,0.0010806342632954
2023-12-08,0.1418850167982852,0.0023959921585707,0.0166684589740833,-0.0009570395576351,-0.0331753554502369,-0.0336134453781509,0.0009842519685039
2023-12-15,-0.0505012452743304,0.023981036505867,0.0520507605079845,0.0247085843461776,0.0073260073260073,0.0108695652173911,0.0010925379656943
2023-12-22,0.0483720908052636,0.009204610828202,-0.0068078668683813,0.0020835503698302,0.0174866310160428,0.0027917273673259,0.0011106156799689
2023-12-29,-0.0432597573201508,0.0035046975614905,0.004112718964204,0.0020792182139515,0.0047301203552845,-0.0085470085470084,0.0008761362391853
2024-01-05,0.049401252051789,-0.0155477477856555,-0.0261933656957927,-0.0109969913891482,-0.0095203222262907,0.0040834845735022,0.0008753692964218
2024-01-12,-0.0308614023161342,0.0187211489143444,0.0023886177173122,0.0094408895415925,0.0019012410879324,-0.0031631269769544,0.0012025800809007
2024-01-19,-0.0262652710568026,0.0120625996475622,-0.025176129299627,-0.0134053829367142,-0.0093827420800168,-0.0054397098821393,0.0008735531775496
2024-01-26,0.0039482436340934,0.0103227411230646,-0.0032947178233605,0.0002106593638087,-0.0048954397914118,0.0305378304466727,0.0009818895919704
2024-02-02,0.0329118718156367,0.0142385260868673,0.0276527168786986,0.0087701480239259,0.0085556922089728,-0.0353825740822644,0.0010512250659739
2024-02-09,0.0910363425925924,0.0138565793466167,-0.0231081503070677,-0.0111971536207619,-0.0053549652722549,0.0206327372764787,0.0008748906386701
2024-02-16,0.1058995683894667,-0.0033719074221867,-0.0116142781033563,-0.0079373478674992,-0.0067164179104477,-0.0103324348607368,0.0012019230769231
2024-02-23,-0.0264745047925039,0.0166963624351865,0.011966364812419,0.0032003413697463,0.0122356981861113,-0.0131638674534725,0.0008730765033284
2024-03-01,0.2294599475998711,0.0098454267992518,0.0095369553638009,0.0064786686516371,0.0226381083660267,0.0165593376264949,0.0010372042307273
2024-03-08,0.0919455535448381,-0.0022033733060348,0.0133375674817401,0.0087923728813559,0.045310798900928,0.0031674208144796,0.0008747949699288
2024-03-15,0.0201934144097712,-0.0005766102556086,-0.0291444688185522,-0.0165914102698729,-0.0095223925011158,0.0266125394677492,0.0010925379656943
2024-03-22,-0.0820607526491065,0.0223211658788224,0.011190015063482,0.0090763481046447,0.0032046467377697,-0.0021968365553605,0.0008730765033284
2024-03-29,0.0948937122707402,0.0035686191746131,0.006809959565865,0.0016931216931217,0.0268030945844772,0.0114487010127699,0.000981354268891
2024-04-05,-0.0290609063294284,-0.0088707056416926,-0.0308760395444553,-0.0131555695140496,0.0457903947112579,0.0339573356552023,0.0011446641443715
2024-04-12,-0.0103817983380274,-0.0146210674536579,-0.0120363278258014,-0.0089113162980458,0.0081342381704936,-0.0012631578947369,0.0008743169398905
2024-04-19,-0.0491460224695797,-0.0307135166878731,-0.0126259829438476,-0.0061748456288592,0.0190880169671263,-0.0118043844856662,0.0010919414719372
2024-04-26,-0.0007521387771257,0.026456094999596,-0.0102075154234438,-0.0027250926531502,-0.0199520427091345,0.0093856655290101,0.0008726003490402
2024-05-03,-0.0139250409400908,0.0059615157596506,0.0216703417570216,0.0135932014141175,-0.0168959468193149,-0.0232459847844457,0.001174742229403
2024-05-10,-0.0331099467081285,0.0186782452228677,0.0031166518254674,0.0004326195111401,0.0270003756574004,0.0073561228905234,0.0008745080891998
2024-05-17,0.102368602363257,0.0165309884033484,0.014092321349312,0.0065945945945946,0.0226327099812535,0.0184707903780068,0.0009829619921364
2024-05-24,0.0227678145142038,-1.888752478973465e-05,-0.0001094211620528,-0.0024701965417249,-0.0346060985424304,-0.0080134964150149,0.0013093289689034
2024-05-31,-0.0147334813615583,-0.003909791477788,-0.0101772816808928,-0.0008613264427217,-0.0028714338643941,-0.0106292517006802,0.000544840361774
2024-06-07,0.0268816957533766,0.0125907806663252,0.0150133602366622,0.0045894473208105,-0.0171853228053878,-0.0219166308551781,0.0010389065858467
2024-06-14,-0.0477482712282786,0.0164229134285875,0.0346448087431694,0.0177514792899409,0.0195179584120983,0.0136203866432336,0.0012020544202819
2024-06-21,-0.0287752148227266,0.0064280629352591,-0.0074997359247914,-0.0026427061310781,-0.0044036527140406,0.0056350238404851,0.0008731717965508
2024-06-28,-0.0579281848403799,-0.0005325889331692,-0.023201362281822,-0.0074191838897721,0.0010708632088647,0.0012931034482761,0.0008724100327155
2024-07-05,-0.062869200686306,0.0191466686266581,0.0117638262751262,0.0085388322824369,0.0275336030882284,0.0236762806715451,0.001116804383076
2024-07-12,0.0222556406379157,0.0096458964373287,0.0149092480553154,0.0083899745114699,0.0098673788077672,-0.0206055508830949,0.0009837140671111
2024-07-19,0.1515121154068728,-0.0196432079144271,-0.0108579944645517,-0.0038967877830436,-0.0061852897673794,-0.0304851867754401,0.0009827473247434
2024-07-26,0.0187217221722173,-0.0082879469571394,0.0007533362031855,0.004546415732713,-0.0049609885897262,-0.015057573073516,0.0010908694229299
2024-08-02,-0.094387420390443,-0.0211960913966645,0.0603792598856924,0.0311923301467635,0.0213479581199294,-0.015287769784173,0.0011172609181253
2024-08-09,-0.0107375273442384,0.0001688872208669,-0.0205535205535204,-0.0104422604422605,-0.0034614360521878,0.0141552511415523,0.0007652782333007
2024-08-16,-0.0322724337211008,0.0400007504831234,0.0122584666528151,0.0042416718394371,0.0330869255432846,0.0,0.0012016604762943
2024-08-23,0.0876887486284407,0.0141076293049018,0.0097495894909687,0.0074173277016589,0.0001293159187896,0.002251238181,0.000872885979269
2024-08-30,-0.0767248869564022,0.0027573692918005,-0.0193109055798353,-0.0073627160241337,-0.0031462804930609,-0.0067385444743937,0.0009811403030632
2024-09-06,-0.087291470010735,-0.0413709906329832,0.0351183922344362,0.0162869554692379,-0.0028535604652167,-0.0379918588873812,0.0011586925579065
2024-09-13,0.1211021187306777,0.0400658820045896,0.0085375652872641,0.0052867019113458,0.0349043923166978,0.0183356840620594,0.000983284169125
2024-09-20,0.044679989421138,0.0142088770662445,-0.0152375261428147,-0.0046521035598705,0.0147896765543824,0.0258541089566017,0.0012006112202576
2024-09-27,0.0406464766012588,0.0056665200175978,-0.0031351132686081,-0.0003048160942896,0.0116015028281244,0.0045004500450045,0.0007631091246047
2024-10-04,-0.0560126623176693,0.0026423084326385,-0.0275303897979919,-0.0166591062092147,-8.162598971517276e-05,0.0412186379928314,0.0008876031964162
2024-10-11,0.0073124375865734,0.0115187266571259,-0.019361590790162,-0.0063232092878615,0.0019183673469387,0.0017211703958692,0.0009834990711397
2024-10-18,0.0941477454429164,0.0086441906207945,0.0018143009605122,0.0008345503859796,0.0236281419318042,-0.0408075601374573,0.0007641921397378
2024-10-25,-0.025277225697083,-0.0094938332848665,-0.018429743261958,-0.010944340212633,0.0081585545429219,0.0214957456336768,0.000872695538344
2024-11-01,0.041945278090171,-0.0138159712627798,-0.0107386477100064,-0.0097841395299819,-0.0033554397599873,-0.0201665935992982,0.0009648828337875
2024-11-08,0.1009233479735023,0.0475448304847299,0.0181638044914134,0.0056581616312587,-0.0178635085356675,0.0067114093959725,0.0010931351114995
2024-11-15,0.1898095903556382,-0.0207960681388857,-0.0260568710130825,-0.0093418259023356,-0.0458541700274237,-0.0302222222222215,0.0005459707359685
2024-11-22,0.0863424285529264,0.0166623986342295,0.0034413854351686,0.0030004286326619,0.0560040576524789,0.0339138405132901,0.0009822110662447
2024-11-29,-0.0144804433118957,0.0118217998018503,0.0396061511229117,0.0169871794871794,-0.0170108869676592,-0.0186170212765955,0.0006541648495421
2024-12-06,0.0234028319310486,0.0087295660111192,0.0079474457649693,0.0039203950630222,-0.0107496233559999,-0.0103884372177056,0.001142521403455
2024-12-13,0.0168778406117293,-0.0059229035389346,-0.0449200127132111,-0.016584444211189,0.0055155381765794,0.020082154267458,0.0009830693610048
2024-12-20,-0.0356799286166769,-0.0183619139041063,-0.0165536831565555,-0.0082479284392242,-0.0089647550042981,-0.0147651006711407,0.0007962104746845
2024-12-27,-0.0358508688269282,0.0065296456060224,-0.0137017325331222,-0.005722924090271,-0.0028913672036348,0.0083721160842822,0.0008759443775319
2025-01-03,0.0410942721255986,-0.005142770709736,0.0021814006888636,0.0029322328410077,0.0086578293289145,0.0189753320683112,0.000546986106553
2025-01-10,-0.0351219638401868,-0.0193597432215558,-0.0209646007561005,-0.0110449377368705,0.0193847796624091,0.0316573556797019,0.000874699322108
2025-01-17,0.0987200888962926,0.0294406449723509,0.0202433887198689,0.0122632212854483,0.0042705773337092,0.0139891696750902,0.0009831767533319
2025-01-24,0.0076195157684448,0.0173867934000468,0.0003440761555224,0.0002163331530558,0.0255947366309623,-0.0089007565643076,0.0006548073774965
2025-01-31,-0.0232757543827863,-0.0101156307054625,0.0061912405411603,0.005947874986482,0.011382749853315,-0.0134710372698699,0.0006543788853745
2025-02-07,-0.057822761320072,-0.0017447077199163,0.0208091825746301,0.0044880116771865,0.0206528465346533,0.0050068274920345,0.0008283612343069
2025-02-14,0.0102964765177169,0.0148642575361621,-0.0013442365856389,0.0019325746188532,0.0090564607805989,0.0163043478260871,0.0008743169398908
2025-02-21,-0.0135230103482567,-0.0160078727242908,0.0051598429613011,0.0041791684526359,0.0167111044350143,0.0098039215686274,0.0008735531775496
2025-02-28,-0.1230172221449381,-0.0096009600960097,0.031469702042183,0.0171806637498665,-0.0275910467607299,-0.0291262135922329,0.0006545930613135
2025-03-07,0.0290671220394465,-0.0307314281867447,-0.0220478712244932,-0.0068980146833655,0.0194477152732936,-0.0022727272727272,0.0008669518791233
2025-03-14,-0.0324711195338803,-0.0227635782747603,0.0006658528465208,0.0009534908358936,0.0255225604530722,0.0009111617312071,0.0007649437219976
2025-03-21,0.0012572752645767,0.0050914660364955,0.00587778640346,0.0057154953429296,0.0118078767620986,0.0068274920345929,0.0008735531775496
2025-03-28,0.0039909005706946,-0.0147522961807157,-0.0061742006615215,0.0007366870132603,0.0200007181586412,0.0031645569620251,0.0007636919048659
2025-04-04,-0.0063312280173097,-0.0906669546125329,0.0337299953463774,0.0186914131046105,-0.0152784622966978,-0.0558810274898604,0.0007800583385424
2025-04-11,-0.0055552595325275,0.0567210259658013,-0.0641895530425417,-0.0315865782932892,0.065100815100815,-0.0009546539379473,0.0008745080891998
2025-04-18,0.0125965191724572,-0.0141027081694574,0.0073656347105535,0.0125120307988448,0.0274896787836069,0.0210224558050646,0.0007645259938835
2025-04-25,0.1203199443525626,0.0460287608518075,0.0155375299897178,0.0055978031263204,-0.0045407029922905,-0.0009358914365934,0.0007639419404126
2025-05-02,0.0237583618030177,0.02927502542496,-0.0094041415693263,-0.0020872350515208,-0.0221507564073113,-0.0276346604215457,0.0007814855946308
2025-05-09,0.0628034845491363,-0.004269884960124,-0.0077510543713666,-0.0036958817317847,0.0297335391637021,0.0173410404624276,0.0007653619068446
2025-05-16,0.0047771243422602,0.0529113654888895,-0.0086157380815623,-0.0040275569687335,-0.041063746578021,0.003314393939394,0.0007647765759859
2025-05-23,0.0372535734686205,-0.0253954897340963,-0.0202780996523754,-0.0021283388315418,0.0527120717781401,0.0103822557810286,0.0009825327510917
2025-05-30,-0.0310554677068124,0.0177513771131565,0.0204612655233589,0.0085315132771677,-0.0198547215496367,-0.0247547874824848,0.0005453157378121
2025-06-06,0.0029134836902229,0.0165425270194607,-0.007067166132833,-0.0079442591782097,0.0052042160737812,0.0368773946360152,0.0008351386178102
2025-06-13,0.0170503077809964,-0.0035717862269253,0.0114821323960163,0.0083413538658967,0.0364047447408086,0.046189376443418,0.0008743169398905
2025-06-20,-0.0261024701557766,-0.0016061691792295,0.0018533534113287,0.0032877293456357,-0.0194757975275855,0.0269315673289187,0.0006551648831623
2025-06-27,0.0362988669963471,0.0347142760988086,0.0104058272632674,0.0083509513742072,-0.0287298874665461,-0.0627687016337058,0.0008729812309036
2025-07-04,0.008749846680341,0.0169618318127857,-0.0010991758539434,-0.0034435102687676,0.0196534094681626,0.0220183486238529,0.0009443639377175
2025-07-11,0.0883778966263966,-0.0027505037259731,-0.0135678969759687,-0.0046433094132546,0.0065116884808231,0.0103231597845603,0.0006557377049181
2025-07-18,0.0033794597799359,0.0063500208460283,-0.0064110036134747,0.0008481764206955,-0.0024260852688102,0.0008884940026654,0.0008737439930099
2025-07-25,-0.0026332874396945,0.0151693807960735,0.0139605818864383,0.0036016949152541,-0.003210220824281,-0.0159786950732356,0.0007638585770404
2025-08-01,-0.0366994458412416,-0.0241406372625961,0.0199097766979059,0.0131810745197384,0.0055627846454131,-0.0036084799278304,0.0008646276305745
2025-08-08,0.0298046928130109,0.0248664993887923,-0.0060350717376449,-0.0031354515050171,0.0127462715538158,-0.0113173381620641,0.0007652782333007
2025-08-15,0.0057194042172281,0.0098245393766283,-0.0101958987283767,-0.001572656741455,-0.0179524037693659,-0.0032051282051284,0.0008739348918505
2025-08-22,-0.0034604815579751,0.0029062538853661,0.0075231481481481,0.0056704819909692,0.0102462349152652,0.0142397795130915,0.000764025321982
2025-08-29,-0.0731903839014832,-0.0004029071299065,-0.0051694428489375,0.0039678396157463,0.0241161697469252,0.0058876811594206,0.0008725051804996
2025-09-05,0.0210614943705975,0.003395085652275,0.0265509123494147,0.0098614646169519,0.0408086270317855,-0.0081044574515986,0.0008957634542956
2025-09-12,0.0485218731720469,0.0157128731227982,0.0156955736224029,0.0020665426741062,0.0132004228968434,0.014525646845211,0.0007647765759859
2025-09-19,-0.0034218907583954,0.0123531951141602,-0.0103390772651473,-0.0036089915446485,0.0112098264861963,-0.0040268456375838,0.0008733624454149
2025-09-26,-0.0517927590870308,-0.0028326050926622,-0.0013480116827678,-0.0042429887198588,0.0222890500619139,0.0247079964061098,0.00065445026178
2025-10-03,0.1148134143158194,0.011166178114895,0.0088949371828574,0.004928396615186,0.0314356578416104,-0.0175361683472163,0.000660669832422
2025-10-10,-0.0773733555860985,-0.0241927048310693,0.0138733497426717,0.005290456431535,0.0320993177496924,-0.015171798304328,0.0008744125040986
2025-10-17,-0.0562433883546369,0.0174114115953569,0.0064003531229308,0.0049530492209266,0.0538307325530993,0.002265518803806,0.0005460303592881
2025-10-24,0.0429685033629085,0.0193561010852059,0.0029605263157892,0.0010267994660642,-0.0294866191932955,0.0330018083182637,0.0008731717965508
2025-10-31,-0.0125839501304853,0.0071022517534145,-0.0129004045042089,-0.0065647758744487,-0.0248993430811611,0.0013129102844637,0.0006543075245366
2025-11-07,-0.0571940864540829,-0.016259566607043,-0.0043802293086614,0.0014908636003005,0.0005161360425947,0.0008741258741258,0.0008010020829503
2025-11-14,-0.0846251002041047,0.0014307644156965,-0.0078151166685273,-0.0025855827903608,0.0207705465504601,0.0030567685589517,0.0007647765759859
2025-11-21,-0.1000546546292577,-0.019198428407721,0.0070890064138628,0.0077768560763169,-0.0044951590594743,-0.0191554201131909,0.000655021834061
2025-11-28,0.0676765955087448,0.036963415929472,0.0079329608938547,0.0031896285626094,0.0363641221578006,0.0235241899689302,0.0006545930613135
2025-12-05,-0.0171707336394153,0.0033655745621095,-0.0190834638369058,-0.0076124850150229,-0.0037124883984737,0.0117085862966175,0.0008879226170792
2025-12-12,0.0105046409919888,-0.00573145298896,-0.0094136327549052,-0.0029024567222971,0.0232895145430078,-0.0175739391341621,0.0008741258741258
2025-12-19,-0.0236126875822131,0.0012077094578741,0.0063251316693382,0.0037707973801852,0.0090532065547237,-0.0030541012216404,0.0007155580065481
2025-12-26,-0.0087066784937167,0.0142817261493701,0.002170188463735,0.0020781379883625,0.0444088015638315,0.0264553083736389,0.00065717415115
2026-01-02,0.0300513130660153,-0.0103431791513955,-0.0080920902666969,-0.0037328909166322,-0.0442962038681192,-0.0136563876651981,0.0006567425569177
2026-01-09,0.0071798329531831,0.0159550331542661,0.0103412616339193,0.0022897585345544,0.0406497941146932,0.0227780259044214,0.000546926274338
2026-01-16,0.0541658281966008,-0.0034722722491968,-0.0014784487660641,-0.003842159916926,0.0164547494390425,0.011353711790393,0.0007652782333005
2026-01-23,-0.0622775662908183,-0.003513286875054,0.0014806378132121,0.0002084853539039,0.0871371264449665,0.044041450777202,0.0005462093074066
2026-01-30,-0.0595954743881322,0.0039754508654585,-0.0090981462527012,-0.0001042209484106,-0.0284934497816594,0.010339123242349,0.0006550933508027
2026-02-06,-0.1623564021524205,-0.0019509516308511,0.0085582607394956,0.0046283658684236,0.0236206315316327,-0.0171919770773638,0.0006991911537559
2026-02-13,-0.0244586800898719,-0.0128435318988734,0.0249029015307287,0.0118663474549807,0.015720370614324,-0.0054144106622241,0.0007655293088364
2026-02-20,-0.0121118669136823,0.0112651265126511,-0.003455193936692,-0.0012344409011416,0.0129696078855214,0.0301507537688443,0.0005463883728553
2026-02-27,-0.0315776195857658,-0.0049896291139054,0.0157700480930544,0.0092697497167573,0.0322862873970382,0.0203252032520324,0.0006553079947577
2026-03-06,0.0340344394667848,-0.0198399393577166,-0.0227177399281491,-0.0128501956458252,-0.0211679586563308,0.0960159362549801,0.0006902314418804
2026-03-13,0.0413421495310362,-0.0150063951931943,-0.0217047252995702,-0.0089165370658371,-0.0267576186352981,0.0436205016357686,0.0007655293088364
2026-03-20,-0.0059110390525871,-0.0180026891542977,-0.0082042985902474,-0.0074275551835967,-0.1029858519225761,0.0080111459421803,0.0006556660474263
2026-03-27,-0.0581961071740428,-0.0223260403657277,-0.0022136782010951,-0.0029510961214163,0.0031931878658861,0.0055286800276435,0.0006552364311454
