date,ret_btc,ret_btc_coinmetrics_usd,ret_shy,px_ibit,ret_ibit,px_fbtc,ret_fbtc,macro_hy_oas_lag1,macro_hy_oas_chg_1w_lag1,macro_hy_oas_chg_4w_lag1,ret_btc_minus_coinmetrics
2018-01-05,,,,,,,,,,,
2018-01-12,-0.18987652996187,-0.1887239410887278,-0.0004774409166866,,,,,,,,-0.0011525888731421796
2018-01-19,-0.1648492250005641,-0.1703613401331604,-0.00035825173155,,,,,,,,0.005512115132596307
2018-01-26,-0.0336366599331763,-0.0353751670669658,-0.000955680324931,,,,,,,,0.0017385071337895006
2018-02-02,-0.1998349715934709,-0.2038390737488735,-0.0005237077169487,,,,,,,,0.004004102155402589
2018-02-09,-0.0213128998774939,-0.0142980657474306,0.0013173652694611,,,,,,,,-0.0070148341300633
2018-02-16,0.1699762319321227,0.1765338294539336,-0.0020332496112905,,,,,,,,-0.006557597521810898
2018-02-23,-0.0028484308039975,-0.0029688812674777,0.0003595397890701,,,,,,,,0.00012045046348020021
2018-03-02,0.0896215985723083,0.0841605800547915,0.0005547816022841,,,,,,,,0.005461018517516791
2018-03-09,-0.1641453030165776,-0.1576094123736471,-0.0004794438451398,,,,,,,,-0.006535890642930503
2018-03-16,-0.1048011271269101,-0.0971352841595906,0.0002398369109006,,,,,,,,-0.0076658429673194944
2018-03-23,0.0772433414043585,0.0471345740340043,0.0010790073132718,,,,,,,,0.0301087673703542
2018-03-30,-0.2312646731917066,-0.221118712925425,0.0007185628742514,,,,,,,,-0.01014596026628159
2018-04-06,-0.0349169545468499,-0.0324431909180998,0.0002923887027286,,,,,,,,-0.0024737636287500975
2018-04-13,0.1932956544000581,0.1979538399841101,-0.0014372978799855,,,,,,,,-0.004658185584051983
2018-04-20,0.1243517856757487,0.1162304480336469,-0.0013194194554394,,,,,,,,0.008121337642101795
2018-04-27,0.006590282466484,0.0160449844369443,0.0004804227720394,,,,,,,,-0.009454701970460298
2018-05-04,0.0895803305534834,0.0796443351797033,-8.18917592300128e-05,,,,,,,,0.009935995373780093
2018-05-11,-0.1352677941813816,-0.1316831334793494,-0.000360620266859,,,,,,,,-0.0035846607020321997
2018-05-18,-0.0190702380952381,-0.0221707226103118,0.0001202501202499,,,,,,,,0.003100484515073703
2018-05-25,-0.0950034042047085,-0.0981054656982279,0.0022844775760491,,,,,,,,0.003102061493519395
2018-06-01,0.0085838809172589,0.0127212503407294,0.0004318618042227,,,,,,,,-0.0041373694234705
2018-06-08,0.0109599641537505,0.0136660688502181,0.0001200912693646,,,,,,,,-0.0027061046964676014
2018-06-15,-0.1597355933630041,-0.160434485596141,-0.0004803073967339,,,,,,,,0.0006988922331369052
2018-06-22,-0.0538277324735086,-0.053143048356544,0.0008409418548778,,,,,,,,-0.0006846841169645956
2018-06-29,0.0252969396195201,0.026625272078848,0.0007202016564635,,,,,,,,-0.0013283324593279001
2018-07-06,0.0664513256060097,0.0606896989836631,0.000359103009214,,,,,,,,0.005761626622346604
2018-07-13,-0.059791702598271,-0.0590249205617599,-0.0002401825387294,,,,,,,,-0.0007667820365111003
2018-07-20,0.1806979404850215,0.1801052842044483,0.0,,,,,,,,0.0005926562805732005
2018-07-27,0.1159845343051408,0.1155299950629653,-0.0007207207207207,,,,,,,,0.0004545392421755057
2018-08-03,-0.0940078670634799,-0.0932776345624541,0.0008197229733573,,,,,,,,-0.0007302325010258015
2018-08-10,-0.1718301391873057,-0.1721134990536599,0.0015640038498556,,,,,,,,0.0002833598663542214
2018-08-17,0.0716925916461723,0.0696453246494135,0.0003603603603603,,,,,,,,0.0020472669967587925
2018-08-24,0.0147543697385827,0.0205168343393478,0.0006003842459174,,,,,,,,-0.005762464600765101
2018-08-31,0.0493247166863224,0.0488835485576144,0.0001200048001919,,,,,,,,0.0004411681287080013
2018-09-07,-0.0878122321254105,-0.0877544204574528,-0.0009465398844545,,,,,,,,-5.781166795770787e-05
2018-09-14,0.0126791482814587,0.0134258865567866,-0.0007217610970768,,,,,,,,-0.0007467382753278996
2018-09-21,0.0436013791122853,0.0379459546222398,-0.0004815216082819,,,,,,,,0.005655424490045503
2018-09-28,-0.0184109530671606,-0.0175069332918222,0.0007226303745633,,,,,,,,-0.0009040197753384001
2018-10-05,0.0001612762224585,-0.0057339357810151,-0.0007598753772809,,,,,,,,0.005895212003473599
2018-10-12,-0.0508827319102122,-0.0597514683227483,0.0007238508867173,,,,,,,,0.008868736412536105
2018-10-19,0.0366576108961402,0.0309125637511666,0.0,,,,,,,,0.005745047144973595
2018-10-26,0.0014933648650303,0.0032947604092086,0.0021699819168172,,,,,,,,-0.0018013955441783
2018-11-02,-0.0160048817565759,-0.008735012711214,-0.0012588280813717,,,,,,,,-0.007269869045361902
2018-11-09,-0.0021743928330519,-0.0026448282502555,0.0001206563706566,,,,,,,,0.0004704354172036002
2018-11-16,-0.119011088802319,-0.1319400665594912,0.0027747617324163,,,,,,,,0.012928977757172194
2018-11-23,-0.2184128544503655,-0.2194541149665668,0.0003609239653512,,,,,,,,0.0010412605162012922
2018-11-30,-0.0858003759662127,-0.0737917733189764,0.0012026458208056,,,,,,,,-0.0120086026472363
2018-12-07,-0.1578122989518275,-0.1510918417197619,0.0019543441345968,,,,,,,,-0.006720457232065602
2018-12-14,-0.052703794567437,-0.0516004865529053,0.0004803650774589,,,,,,,,-0.0011033080145316995
2018-12-21,0.1905885855894695,0.2001088295383042,0.002386925581121,,,,,,,,-0.009520243948834689
2018-12-28,0.0001563045437731,0.0109322339206581,0.0023983691090061,,,,,,,,-0.010775929376884999
2019-01-04,-0.0123070591728614,-0.0137927166869463,0.0003588946046177,,,,,,,,0.001485657514084901
2019-01-11,-0.0502899517670049,-0.0531317744080832,-0.000119588615164,,,,,,,,0.0028418226410782954
2019-01-18,-0.0017882381688885,-0.0040656812066258,-0.0008372204281783,,,,,,,,0.0022774430377373
2019-01-25,-0.0082283921254454,-0.0133196326396447,0.0007182188173329,,,,,,,,0.0050912405141993
2019-02-01,-0.0289513616003185,-0.0326563214515311,0.001581495215311,,,,,,,,0.0037049598512125977
2019-02-08,0.0568937080994895,0.0486000880161727,0.0015553960277578,,,,,,,,0.0082936200833168
2019-02-15,-0.0154603393239757,-0.0131413047279276,-0.000358380121849,,,,,,,,-0.002319034596048101
2019-02-22,0.0998009698901032,0.1075155238101039,0.0009560229445506,,,,,,,,-0.0077145539200007
2019-03-01,-0.0350832912670368,-0.0348676139457742,-0.0007839063992358,,,,,,,,-0.0002156773212625973
2019-03-08,0.0109573633272299,0.0075055411064177,0.002274359588221,,,,,,,,0.0034518222208122003
2019-03-15,0.0152319988408466,0.0163263456468485,0.0008360205422188,,,,,,,,-0.0010943468060019002
2019-03-22,0.0160993536811628,0.0210085190442486,0.0027446300715989,,,,,,,,-0.004909165363085801
2019-03-29,0.0291753303920561,0.0265000932756347,0.0010710460549803,,,,,,,,0.0026752371164213973
2019-04-05,0.2197526351063181,0.2307796637305992,-0.0009058425111753,,,,,,,,-0.011027028624281093
2019-04-12,0.0086034825522733,0.0098616579954755,-0.0004768717215067,,,,,,,,-0.0012581754432021992
2019-04-19,0.0417332770735399,0.0407427567823643,0.0005963740458014,,,,,,,,0.0009905202911755992
2019-04-26,0.0105387663824381,-0.0264249239086226,0.0022648706639647,,,,,,,,0.0369636902910607
2019-05-03,0.0862968329538396,0.0986892189263217,-0.0006381379804051,,,,,,,,-0.0123923859724821
2019-05-10,0.1040485458252564,0.12353834141681,0.0017884821747942,,,,,,,,-0.019489795591553602
2019-05-17,0.1540685952241607,0.1524911923271434,0.0015472506546059,,,,,,,,0.0015774028970172993
2019-05-24,0.082880822703752,0.0901032936485619,0.0009506833036245,,,,,,,,-0.007222470944809906
2019-05-31,0.0740916047593998,0.0712551228540809,0.0039178439985751,,,,,,,,0.002836481905318905
2019-06-07,-0.0671502045587376,-0.0622087740331294,0.002113480365472,,,,,,,,-0.0049414305256081995
2019-06-14,0.0838879122063323,0.0840053482585487,0.0002364904812581,,,,,,,,-0.00011743605221641029
2019-06-21,0.1745502890173411,0.1592872765790116,0.0017732592505024,,,,,,,,0.015263012438329504
2019-06-28,0.2205512674387244,0.2255888066660241,0.0004720320981825,,,,,,,,-0.005037539227299687
2019-07-05,-0.1153086577052939,-0.110032851230704,-0.0018192663352843,,,,,,,,-0.005275806474589903
2019-07-12,0.0716898510855703,0.0740948394384828,0.0005919261276192,,,,,,,,-0.0024049883529125016
2019-07-19,-0.1065668584920583,-0.1084471244165861,0.0009465215333648,,,,,,,,0.0018802659245278075
2019-07-26,-0.0647630634721624,-0.0660361330729207,-0.000354609929078,,,,,,,,0.001273069600758292
2019-08-02,0.0712286237785015,0.0704502417023629,0.00307506729685,,,,,,,,0.0007783820761386034
2019-08-09,0.1288742130894404,0.1261809304932883,0.0016532829475672,,,,,,,,0.002693282596152091
2019-08-16,-0.1303410188055712,-0.1252299274698126,0.0031832115067202,,,,,,,,-0.0051110913357586
2019-08-23,0.0056148454151072,0.0039353131201547,-0.0001175226231049,,,,,,,,0.0016795322949525
2019-08-30,-0.0774826628679777,-0.0803201237885409,0.0,,,,,,,,0.002837460920563209
2019-09-06,0.0745147915288577,0.0786381462142125,-0.000516739919522,,,,,,,,-0.0041233546853547964
2019-09-13,0.0042073148825145,0.0014024999006643,-0.0045941807044409,,,,,,,,0.0028048149818502
2019-09-20,-0.016773254071239,-0.016936480775235,0.0018934911242602,,,,,,,,0.0001632267039960028
2019-09-27,-0.1957675547937325,-0.1950168217409462,0.0014174344436572,,,,,,,,-0.0007507330527863065
2019-10-04,-0.0049866041568077,-0.0025765305710081,0.0046640010938765,,,,,,,,-0.0024100735857996002
2019-10-11,0.0149155783427326,0.0152060556055979,-0.0031749764816558,,,,,,,,-0.00029047726286529976
2019-10-18,-0.0377175031785432,-0.0398706701234983,0.0007077975698952,,,,,,,,0.0021531669449550983
2019-10-25,0.0890913689551164,0.0876107674047557,-0.0008251797713072,,,,,,,,0.0014806015503607134
2019-11-01,0.0666191412613719,0.0687016063015888,0.0016464723926381,,,,,,,,-0.002082465040216891
2019-11-08,-0.0495991490108443,-0.0497274238204094,-0.001887682869278,,,,,,,,0.00012827480956510012
2019-11-15,-0.0344209361354862,-0.0370200982938148,0.0014184397163121,,,,,,,,0.0025991621583286023
2019-11-22,-0.1420607125109039,-0.140369803457791,0.0002360717658165,,,,,,,,-0.0016909090531129212
2019-11-29,0.0648644855762683,0.064611776092339,0.000354024073637,,,,,,,,0.00025270948392930315
2019-12-06,-0.0274184462406714,-0.0275602614580805,-0.0001869664583339,,,,,,,,0.00014181521740910114
2019-12-13,-0.0357344499546329,-0.0383988100963056,0.0005908768612621,,,,,,,,0.002664360141672699
2019-12-20,-0.0097334428144735,-0.0083761703852219,-4.095901736145269e-05,,,,,,,,-0.0013572724292515992
2019-12-27,0.0093087899964245,0.0073677144239976,0.0009464095587365,,,,,,,,0.0019410755724268997
2020-01-03,0.0124360073551912,0.0107996805652508,0.0015364614111808,,,,,,,,0.0016363267899404
2020-01-10,0.1160060776369102,0.1113430095018059,-0.0004720320981826,,,,,,,,0.004663068135104309
2020-01-17,0.0873805358532735,0.0962781690720204,0.0008264462809917,,,,,,,,-0.008897633218746898
2020-01-24,-0.0532104904143032,-0.0548834385585043,0.0011796626164917,,,,,,,,0.001672948144201096
2020-01-31,0.1082936366868112,0.1108691059092883,0.0029456816307293,,,,,,,,-0.002575469222477103
2020-02-07,0.0492724708619474,0.0473422181453273,-0.0012366305395372,,,,,,,,0.001930252716620104
2020-02-14,0.0540701649627615,0.0572775803072085,0.0002356267672007,,,,,,,,-0.003207415344447004
2020-02-21,-0.0645095491649556,-0.0636790831875728,0.0015312131919904,,,,,,,,-0.0008304659773828021
2020-02-28,-0.1016983481536211,-0.0980441053761851,0.0082323885687405,,,,,,,,-0.0036542427774359926
2020-03-06,0.0504974743785451,0.0453102541469652,0.0069507296028099,,,,,,,,0.0051872202315799
2020-03-13,-0.38910717179814,-0.3847556514356667,0.0009280742459396,,,,,,,,-0.004351520362473271
2020-03-20,0.1128885383429532,0.0971014493964488,0.0024339360222529,,,,,,,,0.015787088946504407
2020-03-27,0.0242817748970742,0.0512857585019588,0.0018499248468031,,,,,,,,-0.027003983604884603
2020-04-03,0.0589689437672882,0.0402272942015531,0.0008771609924984,,,,,,,,0.018741649565735104
2020-04-10,0.018535513283141,0.0159836612186496,0.0,,,,,,,,0.0025518520644913986
2020-04-17,0.0245855032570725,0.0323000366300842,0.0003463403371046,,,,,,,,-0.007714533373011697
2020-04-24,0.0679397514069626,0.0600232166331202,-0.0002308136180035,,,,,,,,0.007916534773842396
2020-05-01,0.1761439040639572,0.1797245226412731,0.0004889991919658,,,,,,,,-0.003580618577315897
2020-05-08,0.1102361401886948,0.1133515159808935,0.0006928406466513,,,,,,,,-0.003115375792198699
2020-05-15,-0.0493458680144204,-0.0540044902730358,0.0002307869836142,,,,,,,,0.004658622258615394
2020-05-22,-0.0157163373914014,-0.0176973326879733,-0.0004614674665436,,,,,,,,0.0019809952965718983
2020-05-29,0.0280338058887676,0.0295354466916466,0.0002308402585409,,,,,,,,-0.0015016408028790014
2020-06-05,0.0205885816059496,0.022208344961593,-0.0010385960709062,,,,,,,,-0.0016197633556434
2020-06-12,-0.0162173791933614,-0.0192628268929596,0.0005780346820809,,,,,,,,0.0030454476995981986
2020-06-19,-0.0163653325416555,-0.0179956687267222,0.0001155401502022,,,,,,,,0.0016303361850666977
2020-06-26,-0.0158986405276776,-0.01362846495612,0.0004621072088724,,,,,,,,-0.002270175571557601
2020-07-03,-0.011345515983589,-0.0101258480881691,0.0002386147030846,,,,,,,,-0.0012196678954199004
2020-07-10,0.0254000216377097,0.0241025448128613,-0.0002310536044363,,,,,,,,0.0012974768248484002
2020-07-17,-0.0144288430440746,-0.0138663695193952,0.0004622140050842,,,,,,,,-0.0005624735246793997
2020-07-24,0.0418906046544145,0.0427710758059347,0.0,,,,,,,,-0.0008804711515201999
2020-07-31,0.188477426660236,0.1874819573971817,0.0005775005775003,,,,,,,,0.0009954692630542994
2020-08-07,0.0228283633835768,0.0229993983938383,-0.0002258877103156,,,,,,,,-0.00017103501026149992
2020-08-14,0.0143442039704233,0.0151254126561426,-0.0006931608133087,,,,,,,,-0.0007812086857192993
2020-08-21,-0.0194889010198512,-0.0212078006303811,0.0001156069364163,,,,,,,,0.0017188996105299004
2020-08-28,-0.0003841704433309,0.0002762834061129,0.0002311871459945,,,,,,,,-0.0006604538494438
2020-09-04,-0.0937510573085067,-0.091596749893688,-0.000241361862593,,,,,,,,-0.0021543074148187014
2020-09-11,-0.0055866937896374,-0.0081117211428032,0.0003469812630119,,,,,,,,0.0025250273531658004
2020-09-18,0.0525130705080627,0.0513229072349297,0.0,,,,,,,,0.0011901632731329964
2020-09-25,-0.0225657367019743,-0.0216556611342433,0.0001156203029251,,,,,,,,-0.0009100755677310009
2020-10-02,-0.0108799092701468,-0.0106260603085028,6.084682580009826e-07,,,,,,,,-0.00025384896164399977
2020-10-09,0.0454325285703474,0.0476814534641849,-0.0004626416840156,,,,,,,,-0.0022489248938374964
2020-10-16,0.0243135239225964,0.0239191815829931,0.000231427910206,,,,,,,,0.00039434233960329926
2020-10-23,0.1416825392338054,0.1423797818322167,-0.0003470615455807,,,,,,,,-0.0006972425984113073
2020-10-30,0.0492940145027458,0.0501694461717867,0.0002314546927439,,,,,,,,-0.000875431669040902
2020-11-06,0.1489531788113656,0.1481755867851959,-0.0001318924989993,,,,,,,,0.0007775920261696989
2020-11-13,0.0475470990865165,0.0455273416938273,-0.0005788376939105,,,,,,,,0.0020197573926891976
2020-11-20,0.1430680056615216,0.142909376302704,0.0004633383528322,,,,,,,,0.00015862935881760798
2020-11-27,-0.0812701982828811,-0.0837010873444975,0.0002315618849135,,,,,,,,0.002430889061616398
2020-12-04,0.0881588282518996,0.0953924653272004,3.3376816110042284e-05,,,,,,,,-0.0072336370753007945
2020-12-11,-0.0329207979187712,-0.0358302591374275,0.0006947660954144,,,,,,,,0.0029094612186563035
2020-12-18,0.2811438785620073,0.2761084483604585,-0.000208675087806,,,,,,,,0.005035430201548785
2020-12-25,0.0694617609344889,0.0703031069914705,0.0,,,,,,,,-0.0008413460569815928
2021-01-01,0.1869185880650536,0.1909886102848517,0.0001157809424567,,,,,,,,-0.004070022219798103
2021-01-08,0.3835823984230024,0.3878298767979502,-0.0003473026163464,,,,,,,,-0.004247478374947822
2021-01-15,-0.0946358815468912,-0.0996945875103101,0.0,,,,,,,,0.005058705963418897
2021-01-22,-0.1033429662116225,-0.1014396477406862,0.0003474232773594,,,,,,,,-0.001903318470936305
2021-01-29,0.0396728867994913,0.0357635992496339,0.0002315350775643,,,,,,,,0.0039092875498574
2021-02-05,0.1178914055155582,0.1135411583583383,0.0001169791666666,,,,,,,,0.004350247157219891
2021-02-12,0.2349778951503045,0.2491705211131667,-0.000115767538782,,,,,,,,-0.014192625962862193
2021-02-19,0.1822549674756173,0.1745451605625338,0.0,,,,,,,,0.007709806913083511
2021-02-26,-0.1722378635566843,-0.171778039768173,-0.0005789047122843,,,,,,,,-0.0004598237885113099
2021-03-05,0.0534789842096061,0.0555689283691149,-0.0004399057089314,,,,,,,,-0.0020899441595088053
2021-03-12,0.1737377006878322,0.1748705172800864,-0.0001159285879898,,,,,,,,-0.0011328165922541988
2021-03-19,0.0141255802866464,0.014537116918873,0.0002318840579709,,,,,,,,-0.00041153663222659974
2021-03-26,-0.0517735564753479,-0.0575962348333971,0.0003477454503304,,,,,,,,0.005822678358049199
2021-04-02,0.0713199077011261,0.0768668665465668,-0.0005873348783312,,,,,,,,-0.005546958845440694
2021-04-09,-0.0136975379647942,-0.0165974250730051,0.0001159689203291,,,,,,,,0.0028998871082109006
2021-04-16,0.0549040341202844,0.0606243011273137,0.0002319109461965,,,,,,,,-0.005720267007029302
2021-04-23,-0.1664578673118686,-0.1724217740136138,0.0,,,,,,,,0.0059639067017452085
2021-04-30,0.1284911884837869,0.1331870539592996,0.0002318571759796,,,,,,,,-0.004695865475512706
2021-05-07,-0.0065781229227789,-0.0069339443383704,0.0004896858665799,,,,,,,,0.00035582141559150054
2021-05-14,-0.1303905190199731,-0.1280700334281198,-0.0003475842891901,,,,,,,,-0.0023204855918532996
2021-05-21,-0.2525897621357323,-0.2564746537013739,0.0,,,,,,,,0.0038848915656415905
2021-05-28,-0.0426425312352274,-0.04243823906546,0.0004636068613816,,,,,,,,-0.00020429216976739634
2021-06-04,0.0326807611930297,0.0361734361555825,-9.180492081639624e-05,,,,,,,,-0.0034926749625528025
2021-06-11,0.0136571723370171,0.0081611680676567,0.0,,,,,,,,0.005496004269360401
2021-06-18,-0.040505218314164,-0.0395607232948472,-0.0022016222479721,,,,,,,,-0.0009444950193168017
2021-06-25,-0.1182414550148743,-0.1128625652755986,0.0001161305307164,,,,,,,,-0.005378889739275708
2021-07-02,0.0697210177793186,0.0662629612866014,0.0007338031254022,,,,,,,,0.0034580564927172014
2021-07-09,0.0008660250898655,0.0039053766350212,0.0005802483462922,,,,,,,,-0.0030393515451557
2021-07-16,-0.0719172481747443,-0.0725098663020994,-0.0003479471120391,,,,,,,,0.0005926181273550879
2021-07-23,0.0716998891468769,0.0630689195316462,0.0008121591831999,,,,,,,,0.008630969615230702
2021-07-30,0.2548687953204622,0.2497061109685991,0.0002898214699744,,,,,,,,0.005162684351863095
2021-08-06,0.0149385033586162,0.0239458770495466,-0.0007251366994672,,,,,,,,-0.0090073736909304
2021-08-13,0.1158611728634702,0.1151457556114381,-0.0001159958241503,,,,,,,,0.0007154172520320995
2021-08-20,0.0318508368200836,0.0319243614288198,0.0,,,,,,,,-7.352460873619876e-05
2021-08-27,-0.0051207897739103,-0.0039065140430114,0.0004640371229698,,,,,,,,-0.0012142757308989003
2021-09-03,0.0189370673264057,0.0165562449117353,3.2560296846284587e-05,,,,,,,,0.0023808224146704
2021-09-10,-0.1029663710215814,-0.1021902126148053,-0.000231937840659,,,,,,,,-0.0007761584067760979
2021-09-17,0.0546046891802194,0.0546968274329846,-0.0002319916483005,,,,,,,,-9.213825276520315e-05
2021-09-24,-0.0949135707879792,-0.0934152086212621,-0.0010442046641142,,,,,,,,-0.0014983621667171015
2021-10-01,0.1245262560157456,0.1232340241119394,0.0010531707317074,,,,,,,,0.0012922319038062013
2021-10-08,0.1206818799786713,0.1217891762267955,-0.0013924344395452,,,,,,,,-0.0011072962481241955
2021-10-15,0.1431100158049563,0.1392928805512288,-0.0012781780153379,,,,,,,,0.0038171352537275105
2021-10-22,-0.0159585111140441,-0.0113126271056387,-0.0013961605584643,,,,,,,,-0.004645884008405399
2021-10-29,0.0257956156895027,0.0243590886064213,0.0002330187580099,,,,,,,,0.0014365270830813993
2021-11-05,-0.0211487797273447,-0.0196842178731716,0.0017589903990402,,,,,,,,-0.0014645618541731
2021-11-12,0.0522687977377336,0.0503743110771652,-0.0024421444353995,,,,,,,,0.0018944866605683994
2021-11-19,-0.0946628025881196,-0.0946472022609559,-0.0001165772907436,,,,,,,,-1.560032716370341e-05
2021-11-26,-0.0745140928239805,-0.0726281561151345,0.0005829544129649,,,,,,,,-0.0018859367088460005
2021-12-03,-0.002335531440426,-0.0023977748969422,-0.0009336043410403,,,,,,,,6.224345651619986e-05
2021-12-10,-0.1205295418653179,-0.1161579909881797,-0.0016337962422687,,,,,,,,-0.004371550877138211
2021-12-17,-0.0214112948218243,-0.0232464089374203,0.0006786038843125,,,,,,,,0.0018351141155960003
2021-12-24,0.1016405382907881,0.0960267669372665,-0.0005841803949059,,,,,,,,0.005613771353521604
2021-12-31,-0.0905759543486816,-0.0872072213787805,0.0,,,,,,,,-0.003368732969901103
2022-01-07,-0.1006222178755706,-0.1044616652557203,-0.002922609305588,,,,,,,,0.0038394473801496992
2022-01-14,0.035929912756625,0.0382981544910354,-0.001406964474147,,,,,,,,-0.0023682417344104006
2022-01-21,-0.1536148663398665,-0.1533632099006378,-0.0004696489374194,,,,,,,,-0.0002516564392287257
2022-01-28,0.0348810313316034,0.034981645618886,-0.0021144132503227,,,,,,,,-0.00010061428728259936
2022-02-04,0.1022810669902027,0.0876663924133489,-0.0026693626546552,,,,,,,,0.014614674576853795
2022-02-11,0.0192301725226553,0.0310958757012551,-0.0029515938606845,,,,,,,,-0.0118657031785998
2022-02-18,-0.0566221099723814,-0.0546092425318514,0.0002368265245704,,,,,,,,-0.002012867440530003
2022-02-25,-0.0188938231529948,-0.0179913670713061,-0.000710311353143,,,,,,,,-0.0009024560816887003
2022-03-04,-0.0017978452884136,-0.0055275727299297,0.0018404102493951,,,,,,,,0.0037297274415160997
2022-03-11,-0.0107050918217891,-0.007186566828483,-0.0043766264490183,,,,,,,,-0.0035185249933061
2022-03-18,0.0781816064572884,0.0772884348743914,-0.0038018296305096,,,,,,,,0.0008931715828970066
2022-03-25,0.0612021645926685,0.06027139130896,-0.0062015503875968,,,,,,,,0.0009307732837085039
2022-04-01,0.044463766519923,0.042918360587087,-0.0018444137765509,,,,,,,,0.0015454059328360026
2022-04-08,-0.0871040623773184,-0.0870970382910687,-0.0009622323791196,,,,,,,,-7.024086249696193e-06
2022-04-15,-0.0402373756893459,-0.0401386540619504,0.0014447387430773,,,,,,,,-9.872162739549967e-05
2022-04-22,-0.0207812704213612,-0.0194771877285576,-0.0036066362106278,,,,,,,,-0.0013040826928036008
2022-04-29,-0.0280305460853133,-0.0283977137611991,0.0002413127413127,,,,,,,,0.0003671676758857968
2022-05-06,-0.0669067426743266,-0.0664734315638188,0.0002850035168997,,,,,,,,-0.000433311110507803
2022-05-13,-0.186781889260691,-0.1874723238741305,0.0031370656370657,,,,,,,,0.0006904346134394834
2022-05-20,-0.002937817226385,-0.0021064266549307,0.0010825114265096,,,,,,,,-0.0008313905714542997
2022-05-27,-0.0195613096944249,-0.0209485195310173,0.003003724618527,,,,,,,,0.0013872098365923999
2022-06-03,0.0373879663846761,0.0367198428505533,-0.0035369284667429,,,,,,,,0.0006681235341228012
2022-06-10,-0.0204823467578174,-0.0199668782819979,-0.0068575553416747,,,,,,,,-0.0005154684758195
2022-06-17,-0.2964081386283732,-0.2960217586917251,-0.0020593579648698,,,,,,,,-0.0003863799366480847
2022-06-24,0.0375634929436541,0.0407598723900901,0.0031561058509348,,,,,,,,-0.0031963794464359985
2022-07-01,-0.0921894047798983,-0.0918919567571806,0.004828134075508,,,,,,,,-0.00029744802271769455
2022-07-08,0.1200712662994429,0.1278017522907242,-0.0048216007714561,,,,,,,,-0.007730485991281316
2022-07-15,-0.0354118477870778,-0.0450203542282681,0.0001211240310077,,,,,,,,0.009608506441190295
2022-07-22,0.0890439960748996,0.0899762771367571,0.0035121714908563,,,,,,,,-0.0009322810618574984
2022-07-29,0.0480021230046687,0.0548160065292568,0.0022930243784697,,,,,,,,-0.006813883524588102
2022-08-05,-0.019405016036595,-0.0293005087285773,-0.0059274560090614,,,,,,,,0.0098954926919823
2022-08-12,0.0468102410646342,0.0493500258209498,0.0008487935006669,,,,,,,,-0.0025397847563155967
2022-08-19,-0.1462603181159563,-0.1430356761808149,-0.0001211533801793,,,,,,,,-0.003224641935141409
2022-08-26,-0.028478875551432,-0.0315974613610136,-0.0015751847812915,,,,,,,,0.0031185858095815998
2022-09-02,-0.0142873022891598,-0.0146846979488284,0.0001298813241854,,,,,,,,0.0003973956596685993
2022-09-09,0.0705823918171038,0.0709041568592443,-0.0027943141781072,,,,,,,,-0.00032176504214050106
2022-09-16,-0.0728839879569909,-0.0759121935655862,-0.0049951267056529,,,,,,,,0.003028205608595305
2022-09-23,-0.0259244671342654,-0.0210070747612174,-0.005509979184523,,,,,,,,-0.004917392373048002
2022-09-30,0.0068792441229637,0.0056051445861236,-0.0001231223836495,,,,,,,,0.0012740995368401
2022-10-07,0.0055337567916979,0.0053485046911718,-0.0008903984211608,,,,,,,,0.00018525210052609993
2022-10-14,-0.0180828659775761,-0.0184987540895273,-0.0023448105639888,,,,,,,,0.00041588811195120146
2022-10-21,-0.000654953634393,-0.0001469287390623,0.0012370113805046,,,,,,,,-0.0005080248953307
2022-10-28,0.0744856209726696,0.0745630625641398,0.0022238695329874,,,,,,,,-7.744159147020369e-05
2022-11-04,0.0270340095882641,0.0268207440265615,-0.0036918659319172,,,,,,,,0.0002132655617025983
2022-11-11,-0.1928366618562433,-0.2004228013072156,0.0069410014873574,,,,,,,,0.007586139450972307
2022-11-18,-0.0216668590084186,-0.0150930973588928,-0.0020925652387987,,,,,,,,-0.006573761649525799
2022-11-25,-0.0106769578065262,-0.0083506280453558,0.0014802022943136,,,,,,,,-0.0023263297611704013
2022-12-02,0.0345354778497217,0.0334528116838501,0.0047468945200306,,,,,,,,0.0010826661658715972
2022-12-09,0.0020956265642606,0.0035747861599217,-0.0011055152929615,,,,,,,,-0.0014791595956611002
2022-12-16,-0.0289831719654193,-0.0309310350771216,0.0035767546182521,,,,,,,,0.0019478631117023013
2022-12-23,0.008801042801519,0.0105025682085744,-0.0013508534937985,,,,,,,,-0.0017015254070553987
2022-12-30,-0.0101928062699288,-0.0111336349950179,-0.0018445646827347,,,,,,,,0.0009408287250890993
2023-01-06,0.0206635805070969,0.0219465032049006,0.004311937908094,,,,,,,,-0.001282922697803699
2023-01-13,0.1757667110110818,0.1716526779527198,0.0014720314033367,,,,,,,,0.004114033058361999
2023-01-20,0.1373406235119803,0.1405219626541505,0.0017148456638902,,,,,,,,-0.0031813391421702253
2023-01-27,0.0179532461207179,0.0180832546966105,-0.0006113964294448,,,,,,,,-0.0001300085758925984
2023-02-03,0.0155039230030475,0.0162682549918169,-0.0009555062535596,,,,,,,,-0.000764331988769398
2023-02-10,-0.0771047162201956,-0.0778495665652676,-0.0031901840490797,,,,,,,,0.000744850345072004
2023-02-17,0.136173601249284,0.1381447975723859,-0.0007385524372229,,,,,,,,-0.0019711963231019147
2023-02-24,-0.0563566011680112,-0.0581741731312104,-0.0029563932002958,,,,,,,,0.001817571963199198
2023-03-03,-0.0358395344634464,-0.0356288502342587,-0.0002168406204779,,,,,,,,-0.00021068422918769925
2023-03-10,-0.0985781731869517,-0.0943928615499335,0.0055720653789004,,,,,,,,-0.004185311637018199
2023-03-17,0.3595132474371847,0.3562290870710687,0.0130525797315601,,,,,,,,0.003284160366116007
2023-03-24,0.0021660784234278,0.0004916700562787,0.0030387747660143,,,,,,,,0.0016744083671490998
2023-03-31,0.0368205978844247,0.0382519509720564,-0.0043625787687833,,,,,,,,-0.0014313530876317038
2023-04-07,-0.0196389576664408,-0.0202659478844837,0.0045127272923819,,,,,,,,0.0006269902180429006
2023-04-14,0.0917569598008767,0.0902811129353979,-0.0042501517911353,,,,,,,,0.0014758468654788026
2023-04-21,-0.1051661588482988,-0.1039742621625111,-0.0007317073170731,,,,,,,,-0.0011918966857877022
2023-04-28,0.0751521118122691,0.0754356290975466,0.002928972418843,,,,,,,,-0.0002835172852774931
2023-05-05,0.0066154470740353,0.0068876335630969,0.0027026734880564,,,,,,,,-0.00027218648906160003
2023-05-12,-0.0918672754096594,-0.0940556975940222,-0.0004865588127964,,,,,,,,0.0021884221843627982
2023-05-19,0.0031815625372038,0.00433861645363,-0.0047462577583059,,,,,,,,-0.0011570539164262
2023-05-26,-0.006485800360562,-0.0062894364540656,-0.004157495720225,,,,,,,,-0.00019636390649640026
2023-06-02,0.020095544358704,0.0200163362504723,0.0016760394386161,,,,,,,,7.920810823170213e-05
2023-06-09,-0.0280729548842455,-0.0287853184093427,-0.001228803145736,,,,,4.37,,,0.0007123635250971989
2023-06-16,-0.0050158982181683,-0.0052457094543956,-0.0008612204724408,,,,,4.29,-0.08,,0.00022981123622729978
2023-06-23,0.1648699943063198,0.1635486515796771,0.0001231375446373,,,,,4.15,-0.1399999999999996,,0.0013213427266426936
2023-06-30,-0.0070547599263567,-0.0050215004338659,-0.0017237133710907,,,,,4.4,0.25,,-0.0020332594924908007
2023-07-07,-0.0041776056707797,-0.0050720944267746,-0.0009118524089192,,,,,4.05,-0.3500000000000005,-0.3200000000000003,0.0008944887559949001
2023-07-14,-0.0010772886204181,-0.0006334003406809,0.004579207920792,,,,,4.08,0.0300000000000002,-0.2099999999999999,-0.0004438882797371999
2023-07-21,-0.0135355590077991,-0.0128990385987529,-0.0003695946778365,,,,,3.9,-0.1800000000000001,-0.2500000000000004,-0.0006365204090462012
2023-07-28,-0.019650374627279,-0.0201666643799914,-0.0004929751047573,,,,,3.89,-0.0099999999999997,-0.5100000000000002,0.000516289752712399
2023-08-04,-0.006827762984007,-0.0088367125402687,0.0022495276751934,,,,,3.82,-0.0700000000000002,-0.2299999999999999,0.0020089495562616994
2023-08-11,0.0107178713738651,0.0117881581247865,-0.0012335019119277,,,,,4.01,0.1899999999999999,-0.0700000000000002,-0.0010702867509213999
2023-08-18,-0.1145934398897846,-0.1143688269130903,0.0004940101272077,,,,,3.83,-0.1799999999999997,-0.0699999999999998,-0.00022461297669429392
2023-08-25,0.0002306747524372,0.0001350139517566,-0.0009875324034069,,,,,4.02,0.1899999999999995,0.1299999999999994,9.566080068059999e-05
2023-09-01,-0.009783572607992,-0.0091430364039674,0.0032844309897441,,,,,3.9,-0.1199999999999996,0.08,-0.0006405362040245999
2023-09-08,0.004086409443113,0.0039495608320112,-0.0009877762686751,,,,,3.81,-0.0899999999999998,-0.1999999999999997,0.00013684861110180042
2023-09-15,0.0266108334459003,0.0296439612141361,-0.0001235941169199,,,,,3.85,0.04,0.02,-0.0030331277682358014
2023-09-22,-0.0007466165413534,-0.0034293025443137,0.0,,,,,3.79,-0.06,-0.2299999999999995,0.0026826860029603
2023-09-29,0.0122956462983265,0.012418721237482,0.0008652657601977,,,,,3.93,0.1400000000000001,0.0300000000000002,-0.0001230749391555007
2023-10-06,0.0380618992260739,0.0383004076603508,0.0006100884576933,,,,,4.03,0.1,0.2200000000000002,-0.0002385084342769045
2023-10-13,-0.0382759856489668,-0.039350012416333,0.0014849647320875,,,,,4.33,0.2999999999999998,0.48,0.0010740267673661971
2023-10-20,0.1044985481349118,0.1066422380014002,0.0001235635734584,,,,,4.3,-0.0300000000000002,0.5099999999999998,-0.002143689866488399
2023-10-27,0.1423362535491541,0.1411195161074681,0.0018532246108229,,,,,4.52,0.2199999999999997,0.5899999999999994,0.0012167374416860166
2023-11-03,0.024334931939731,0.0239338237420696,0.0043285638050054,,,,,4.53,0.0100000000000006,0.5,0.0004011081976613984
2023-11-10,0.0744553498337114,0.0766179408721983,-0.0025858884373844,,,,,4.04,-0.4900000000000002,-0.29,-0.0021625910384868996
2023-11-17,-0.0184364597472014,-0.021349633745067,0.003456790123457,,,,,4.03,-0.0099999999999997,-0.2699999999999996,0.0029131739978656007
2023-11-24,0.0300336593295664,0.0314214152931981,0.0001230314960629,,,,,3.99,-0.04,-0.5299999999999994,-0.0013877559636316997
2023-12-01,0.0256923436312179,0.0261081988946816,0.0073439291425758,,,,,3.85,-0.1400000000000001,-0.6800000000000002,-0.00041585526346369847
2023-12-08,0.1418850167982852,0.1421445320519818,-0.0019598236158745,,,,,3.87,0.02,-0.1699999999999999,-0.0002595152536966072
2023-12-15,-0.0505012452743304,-0.0503778432120574,0.00600707192309,,,,,3.75,-0.1200000000000001,-0.2800000000000002,-0.00012340206227300088
2023-12-22,0.0483720908052636,0.0483920134503885,0.002937216986905,,,,,3.51,-0.2400000000000002,-0.4800000000000004,-1.9922645124903493e-05
2023-12-29,-0.0432597573201508,-0.0456923672229985,0.0010982306284321,,,,,3.39,-0.1199999999999996,-0.4599999999999999,0.0024326099028477016
2024-01-05,0.049401252051789,0.051137863808802,-0.0018283764017553,,,,,3.34,-0.0500000000000002,-0.5300000000000002,-0.001736611757013
2024-01-12,-0.0308614023161342,-0.0301019790614029,0.0054951764562216,24.97,,38.35,,3.68,0.3400000000000003,-0.0699999999999998,-0.0007594232547313007
2024-01-19,-0.0262652710568026,-0.0282729950743336,-0.0037648773378673,23.8,-0.0468562274729674,36.49,-0.0485006518904823,3.56,-0.1200000000000001,0.0500000000000002,0.002007724017531
2024-01-26,0.0039482436340934,0.0061018195633686,0.0010971595757651,23.99,0.0079831932773108,36.75,0.0071252397917236,3.54,-0.02,0.1499999999999999,-0.0021535759292751998
2024-02-02,0.0329118718156367,0.0309276528352802,0.0005035556534982,24.5,0.0212588578574406,37.58,0.0225850340136053,3.39,-0.1499999999999999,0.0500000000000002,0.0019842189803565002
2024-02-09,0.0910363425925924,0.0931884002821608,-0.0013427734374998,27.15,0.1081632653061224,41.64,0.1080361894624801,3.47,0.08,-0.2099999999999999,-0.0021520576895684013
2024-02-16,0.1058995683894667,0.1055673192242228,-0.0018335166850019,29.62,0.0909760589318602,45.43,0.0910182516810758,3.33,-0.1400000000000001,-0.2299999999999999,0.0003322491652438947
2024-02-23,-0.0264745047925039,-0.0262315897599794,0.0001224589762431,29.16,-0.0155300472653612,44.75,-0.0149680827646929,3.34,0.0099999999999997,-0.2000000000000001,-0.00024291503252450025
2024-03-01,0.2294599475998711,0.2310584094812859,0.0028218195175706,35.99,0.2342249657064472,55.19,0.2332960893854747,3.23,-0.1099999999999998,-0.1600000000000001,-0.0015984618814147977
2024-03-08,0.0919455535448381,0.0930726719345425,0.0017144256674015,39.55,0.0989163656571268,60.73,0.1003805037144409,3.32,0.0899999999999998,-0.1500000000000003,-0.0011271183897043902
2024-03-15,0.0201934144097712,0.0158200241346864,-0.0037897310513447,39.39,-0.0040455120101137,60.48,-0.004116581590647,3.26,-0.06,-0.0700000000000002,0.0043733902750848
2024-03-22,-0.0820607526491065,-0.0855374363248113,0.0033132899742298,36.41,-0.0756537192180757,55.91,-0.0755621693121693,3.16,-0.0999999999999996,-0.1799999999999997,0.003476683675704792
2024-03-29,0.0948937122707402,0.1012901880980685,0.0002446183953033,40.47,0.1115078275199121,62.06,0.1099982114111965,3.08,-0.08,-0.1499999999999999,-0.006396475827328302
2024-04-05,-0.0290609063294284,-0.0287788705564916,-0.0014596080084486,38.41,-0.0509019026439337,58.94,-0.0502739284563326,3.12,0.04,-0.1999999999999997,-0.0002820357729367978
2024-04-12,-0.0103817983380274,-0.0118812585253009,-0.002211573903428,38.14,-0.0070294194220253,58.51,-0.007295554801493,3.18,0.06,-0.0799999999999996,0.0014994601872734999
2024-04-19,-0.0491460224695797,-0.0497105280366716,-0.0004925501785493,36.67,-0.0385422128998426,56.32,-0.0374294992309006,3.25,0.0699999999999998,0.0899999999999998,0.0005645055670919011
2024-04-26,-0.0007521387771257,0.0002327455745323,0.0004927929037821,36.32,-0.0095445868557404,55.75,-0.0101207386363636,3.37,0.1200000000000001,0.29,-0.0009848843516580001
2024-05-03,-0.0139250409400908,-0.0124466524502051,0.0043396497804149,35.4,-0.0253303964757709,54.38,-0.0245739910313901,3.16,-0.2099999999999999,0.04,-0.0014783884898857003
2024-05-10,-0.0331099467081285,-0.0331357964927035,-0.0002460024600245,34.58,-0.0231638418079096,53.05,-0.0244575211474807,3.08,-0.08,-0.1,2.5849784574996648e-05
2024-05-17,0.102368602363257,0.0995095767472955,0.0017224409448817,38.28,0.1069982648930019,58.79,0.1081998114985862,3.12,0.04,-0.1299999999999999,0.0028590256159614913
2024-05-24,0.0227678145142038,0.0246810808427022,-0.0006140997297959,39.46,0.0308254963427376,60.57,0.0302772580370811,3.09,-0.0300000000000002,-0.2800000000000002,-0.0019132663284984024
2024-05-31,-0.0147334813615583,-0.0179456878590064,0.0012289541600096,38.55,-0.0230613279270147,59.11,-0.0241043420835397,3.11,0.02,-0.0500000000000002,0.0032122064974480988
2024-06-07,0.0268816957533766,0.0290955745020389,0.0006382598715395,39.42,0.0225680933852141,60.49,0.0233463035019456,3.2,0.0900000000000003,0.1200000000000001,-0.002213878748662298
2024-06-14,-0.0477482712282786,-0.0484000575442872,0.004307162195422,37.3,-0.0537798072044648,57.25,-0.0535625723260043,3.15,-0.0500000000000002,0.0299999999999998,0.0006517863160086027
2024-06-21,-0.0287752148227266,-0.0287371137081742,0.0003676020095577,36.58,-0.0193029490616621,56.14,-0.0193886462882095,3.29,0.1400000000000001,0.2000000000000001,-3.8101114552397536e-05
2024-06-28,-0.0579281848403799,-0.0590258605425078,0.000122488975992,34.14,-0.0667031164570802,52.46,-0.0655504096900605,3.21,-0.08,0.1,0.0010976757021279038
2024-07-05,-0.062869200686306,-0.05940513595998,0.0033254335260115,32.2,-0.0568248388986525,49.43,-0.0577582920320244,3.18,-0.0299999999999998,-0.02,-0.003464064726325995
2024-07-12,0.0222556406379157,0.0200654500908892,0.0037966932026942,32.85,0.0201863354037266,50.43,0.0202306291725673,3.27,0.0899999999999998,0.1200000000000001,0.0021901905470264986
2024-07-19,0.1515121154068728,0.1537642303833339,-0.0004880429477792,38.4,0.1689497716894976,58.88,0.1675589926630973,3.19,-0.08,-0.1,-0.002252114976461106
2024-07-26,0.0187217221722173,0.0173237413712452,0.0025634765625,38.79,0.01015625,59.52,0.0108695652173913,3.09,-0.1,-0.1200000000000001,0.0013979808009720977
2024-08-02,-0.094387420390443,-0.0943198620641873,0.0099109281609954,35.61,-0.0819798917246713,54.68,-0.0813172043010753,3.1,0.0100000000000002,-0.08,-6.755832625569835e-05
2024-08-09,-0.0107375273442384,-0.0127763029943076,-0.0022982944236119,34.6,-0.0283628194327435,53.1,-0.028895391367959,3.72,0.6200000000000001,0.4500000000000002,0.0020387756500691995
2024-08-16,-0.0322724337211008,-0.0295394674110027,0.0007274490785647,34.03,-0.0164739884393063,52.24,-0.0161958568738229,3.49,-0.2299999999999999,0.3000000000000002,-0.0027329663100981
2024-08-23,0.0876887486284407,0.0878969250465346,0.0032711412648411,36.28,0.0661181310608287,55.73,0.0668070444104134,3.29,-0.2000000000000001,0.2000000000000001,-0.0002081764180938972
2024-08-30,-0.0767248869564022,-0.0774311418674263,-0.0001207583625167,33.37,-0.0802094818081589,51.23,-0.0807464561277588,3.19,-0.1,0.0899999999999998,0.0007062549110241068
2024-09-06,-0.087291470010735,-0.0896808056037927,0.0054288806424067,30.41,-0.088702427329937,46.74,-0.0876439586179971,3.13,-0.06,-0.5900000000000003,0.0023893355930576926
2024-09-13,0.1211021187306777,0.1244067270495605,0.0022902603664418,34.04,0.1193686287405457,52.31,0.1191698759092854,3.39,0.2600000000000002,-0.1,-0.0033046083188828096
2024-09-20,0.044679989421138,0.0432310075111475,0.0007215874924832,35.8,0.0517038777908342,54.945,0.0503727776715732,3.37,-0.02,0.08,0.0014489819099905016
2024-09-27,0.0406464766012588,0.0413871397057685,0.0007210671794255,37.39,0.044413407821229,57.43,0.0452270452270451,3.15,-0.2200000000000002,-0.04,-0.000740663104509702
2024-10-04,-0.0560126623176693,-0.0564897731839479,-0.0057442156345106,35.52,-0.0500133725595077,54.56,-0.049973881246735,3.14,-0.0099999999999997,0.0100000000000002,0.0004771108662786003
2024-10-11,0.0073124375865734,0.0066077893156655,0.0002423654871548,35.94,0.0118243243243241,55.23,0.0122800586510263,2.89,-0.25,-0.5,0.0007046482709078998
2024-10-18,0.0941477454429164,0.0949048438230564,0.0006057669008967,39.07,0.0870895937673901,60.03,0.0869092884302009,2.98,0.0899999999999998,-0.3900000000000001,-0.0007570983801400005
2024-10-25,-0.025277225697083,-0.0311300357076625,-0.002058360576341,38.01,-0.0271307908881495,58.39,-0.027319673496585,2.88,-0.1,-0.27,0.005852810010579499
2024-11-01,0.041945278090171,0.0486261782741068,-0.0010538218878914,39.37,0.0357800578795053,60.47,0.0356225381058399,2.89,0.0100000000000002,-0.25,-0.006680900183935801
2024-11-08,0.1009233479735023,0.1010866749310195,0.0002437538086532,43.69,0.1097282194564388,67.18,0.1109641144369109,2.83,-0.06,-0.06,-0.00016332695751719584
2024-11-15,0.1898095903556382,0.1912446113221337,-0.0006092360180334,52.13,0.1931792172121769,80.06,0.1917237272997916,2.63,-0.2000000000000001,-0.3500000000000001,-0.001435020966495476
2024-11-22,0.0863424285529264,0.0855754164085416,-0.0001219214825649,56.49,0.0836370611931709,86.73,0.0833125156132901,2.72,0.0900000000000003,-0.1599999999999997,0.0007670121443847933
2024-11-29,-0.0144804433118957,-0.0155592630376807,0.0037800268259964,55.21,-0.0226588776774651,84.91,-0.0209846650524617,2.61,-0.1100000000000003,-0.2800000000000002,0.0010788197257850015
2024-12-06,0.0234028319310486,0.0262237337752275,0.0021365282360008,57.8,0.0469117913421481,88.92,0.0472264750912732,2.72,0.1100000000000003,-0.1099999999999998,-0.002820901844178901
2024-12-13,0.0168778406117293,0.013373454581709,-0.0017025416514654,57.91,0.0019031141868512,88.94,0.0002249212775529,2.67,-0.0500000000000002,0.04,0.0035043860300203004
2024-12-20,-0.0356799286166769,-0.0362561768555133,-0.00035628819698,54.81,-0.0535313417371783,84.2,-0.0532943557454462,2.68,0.0100000000000002,-0.04,0.0005762482388364035
2024-12-27,-0.0358508688269282,-0.0348038217585136,0.0003668378576668,53.68,-0.0206166757890896,82.52,-0.0199524940617578,2.86,0.1799999999999997,0.25,-0.0010470470684146027
2025-01-03,0.0410942721255986,0.0413999497872754,0.0018335166850016,55.96,0.0424739195230998,86.01,0.0422927775084829,2.84,-0.02,0.1199999999999996,-0.0003056776616768009
2025-01-10,-0.0351219638401868,-0.0342594943271939,-0.0015861395802829,53.84,-0.0378842030021443,82.69,-0.0386001627717708,2.81,-0.0299999999999998,0.1400000000000001,-0.0008624695129929028
2025-01-17,0.0987200888962926,0.1006496096096458,0.0030551142612733,59.62,0.1073551263001484,91.66,0.1084774458822106,2.81,0.0,0.1299999999999999,-0.0019295207133532
2025-01-24,0.0076195157684448,0.0040225366491517,0.0007309941520468,59.7,0.0013418316001343,91.67,0.0001090988435523,2.64,-0.1699999999999999,-0.2199999999999997,0.0035969791192931007
2025-01-31,-0.0232757543827863,-0.0234260121232778,0.0018261504747991,57.71,-0.0333333333333333,88.64,-0.0330533435147812,2.6,-0.04,-0.2399999999999997,0.0001502577404915023
2025-02-07,-0.057822761320072,-0.057488340619257,-0.0005647178338984,54.47,-0.0561427828799168,83.64,-0.0564079422382671,2.68,0.08,-0.1299999999999999,-0.00033442070081499825
2025-02-14,0.0102964765177169,0.0106889817006645,0.0015859460778333,55.33,0.0157885074352854,85.02,0.016499282639885,2.67,-0.0100000000000002,-0.1400000000000001,-0.0003925051829476011
2025-02-21,-0.0135230103482567,-0.0140160575064878,0.0017052375152253,53.92,-0.0254834628592083,82.81,-0.0259938837920488,2.62,-0.0499999999999998,-0.02,0.0004930471582311
2025-02-28,-0.1230172221449381,-0.1229082716587431,0.0046206225680933,47.9,-0.111646884272997,73.5,-0.1124260355029586,2.78,0.1599999999999997,0.1799999999999997,-0.00010895048619499748
2025-03-07,0.0290671220394465,0.027418218170591,0.0001575544217347,49.43,0.0319415448851774,75.95,0.0333333333333334,2.87,0.0900000000000003,0.1899999999999999,0.0016489038688554981
2025-03-14,-0.0324711195338803,-0.0282802663642555,0.0004855547462976,48.14,-0.0260975116326117,73.93,-0.0265964450296246,2.97,0.1,0.3000000000000002,-0.004190853169624802
2025-03-21,0.0012572752645767,-0.0004330897177305,0.0019412763892259,47.7,-0.0091400083090984,73.28,-0.0087921006357365,3.25,0.2799999999999998,0.6299999999999999,0.0016903649823072
2025-03-28,0.0039909005706946,0.0028508607379584,0.0010898522644708,47.56,-0.0029350104821802,73.12,-0.002183406113537,3.21,-0.04,0.4300000000000001,0.0011400398327361997
2025-04-04,-0.0063312280173097,-0.0063444960840688,0.0035135773658419,47.71,0.0031539108494533,73.39,0.0036925601750545,3.47,0.2600000000000002,0.6000000000000001,1.3268066759100292e-05
2025-04-11,-0.0055552595325275,-0.0049452017685869,-0.0030237058538946,47.67,-0.0008383986585621,73.24,-0.0020438751873552,4.45,0.98,1.48,-0.0006100577639406007
2025-04-18,0.0125965191724572,0.0128943681171727,0.0038820817663471,48.26,0.0123767568701489,74.16,0.0125614418350628,4.26,-0.1900000000000004,1.0099999999999998,-0.00029784894471550014
2025-04-25,0.1203199443525626,0.1224216009369361,0.0010876132930515,54.27,0.1245337753833404,83.3,0.1232470334412081,4.02,-0.2400000000000002,0.8099999999999996,-0.0021016565843735013
2025-05-02,0.0237583618030177,0.0218493029057111,-0.0006193448356123,55.19,0.0169522756587432,84.7,0.0168067226890757,3.67,-0.3499999999999996,0.1999999999999997,0.0019090588973065988
2025-05-09,0.0628034845491363,0.06297571728665,-0.0004846722403974,58.66,0.0628737090052544,90.12,0.0639905548996457,3.6,-0.0699999999999998,-0.8500000000000001,-0.00017223273751369728
2025-05-16,0.0047771243422602,0.0060759798228713,-0.0010910413383439,59.2,0.0092055915444937,90.88,0.0084332001775409,3.53,-0.0700000000000002,-0.73,-0.0012988554806111002
2025-05-23,0.0372535734686205,0.0359732933114538,0.0010922330097085,61.83,0.0444256756756755,94.98,0.0451144366197184,3.16,-0.3699999999999996,-0.8599999999999994,0.001280280157166705
2025-05-30,-0.0310554677068124,-0.0308558833642189,0.0019396290459452,59.46,-0.0383309073265404,91.38,-0.0379027163613393,3.4,0.2399999999999997,-0.27,-0.00019958434259350136
2025-06-06,0.0029134836902229,0.0042291121448339,-0.0020390709770795,59.26,-0.0033636057854019,91.05,-0.0036112934996717,3.31,-0.0899999999999998,-0.29,-0.0013156284546110004
2025-06-13,0.0170503077809964,0.0153586897899411,0.0024327940639823,59.74,0.0080998987512657,91.79,0.0081274025260846,3.09,-0.2200000000000002,-0.4399999999999999,0.0016916179910552998
2025-06-20,-0.0261024701557766,-0.0259360326541535,0.0015774784613518,58.67,-0.0179109474389018,90.08,-0.0186294803355485,3.18,0.0900000000000003,0.02,-0.00016643750162309914
2025-06-27,0.0362988669963471,0.036949907842626,0.0031499878846621,60.72,0.0349411965229247,93.28,0.0355239786856127,3.13,-0.0500000000000002,-0.27,-0.0006510408462788997
2025-07-04,0.008749846680341,0.0092485557721826,-0.0015246263210959,62.19,0.0242094861660078,95.45,0.023263293310463,3.02,-0.1099999999999998,-0.29,-0.0004987090918416003
2025-07-11,0.0883778966263966,0.088240989686722,0.0004853779881082,67.21,0.0807203730503296,103.16,0.0807752750130958,2.8,-0.2200000000000002,-0.29,0.00013690693967459422
2025-07-18,0.0033794597799359,0.0028899010126615,0.0009702850212249,66.68,-0.0078857312899863,102.47,-0.0066886390073671,2.97,0.1700000000000003,-0.2099999999999999,0.0004895587672744
2025-07-25,-0.0026332874396945,-0.0037160342068183,0.0002423361201986,66.36,-0.0047990401919617,101.97,-0.0048794769200741,2.93,-0.04,-0.1999999999999997,0.0010827467671237997
2025-08-01,-0.0366994458412416,-0.0360621405967769,0.0046012961841308,64.22,-0.0322483423749246,98.66,-0.0324605276061586,2.84,-0.0900000000000003,-0.1800000000000001,-0.0006373052444647032
2025-08-08,0.0298046928130109,0.0305303488482875,-0.0004839099927412,66.13,0.0297415135471814,101.6,0.0297993107642409,3.13,0.29,0.33,-0.0007256560352766027
2025-08-15,0.0057194042172281,0.0048870898221524,0.0006051803437423,66.44,0.0046877362770301,102.03,0.0042322834645669,2.94,-0.1899999999999999,-0.0300000000000002,0.0008323143950757003
2025-08-22,-0.0034604815579751,-0.004349396045522,0.0021773315592112,66.25,-0.0028597230583985,101.79,-0.0023522493384298,2.88,-0.06,-0.0500000000000002,0.0008889144875469002
2025-08-29,-0.0731903839014832,-0.0712977477143053,0.0015691007845504,61.44,-0.0726037735849056,94.39,-0.0726986933883486,2.88,0.0,0.04,-0.0018926361871779013
2025-09-05,0.0210614943705975,0.020630868749494,0.002399602103922,63.42,0.0322265625,97.36,0.0314651975844899,2.82,-0.06,-0.31,0.00043062562110349895
2025-09-12,0.0485218731720469,0.0491182743833622,0.0001205981669079,66.38,0.0466729738252915,101.99,0.047555464256368,2.83,0.0100000000000002,-0.1099999999999998,-0.0005964012113153019
2025-09-19,-0.0034218907583954,-0.0046216556831931,0.000361750874231,65.37,-0.0152154263332328,100.43,-0.0152956172173741,2.79,-0.04,-0.0899999999999998,0.0011997649247976997
2025-09-26,-0.0517927590870308,-0.0514068714634378,-0.0008437801350046,61.94,-0.0524705522410893,95.21,-0.0519765010455044,2.72,-0.0699999999999998,-0.1599999999999997,-0.0003858876235929981
2025-10-03,0.1148134143158194,0.1156116465156877,0.0018846670504475,69.81,0.1270584436551503,107.17,0.1256170570318244,2.75,0.0299999999999998,-0.0699999999999998,-0.0007982321998682984
2025-10-10,-0.0773733555860985,-0.0702362633400011,0.0016910254861699,66.2,-0.0517117891419567,101.73,-0.0507604740132499,2.8,0.0499999999999998,-0.0300000000000002,-0.00713709224609739
2025-10-17,-0.0562433883546369,-0.0626714687847428,0.0018690461835282,60.47,-0.0865558912386708,92.86,-0.0871915855696452,3.18,0.3800000000000003,0.3900000000000001,0.006428080430105905
2025-10-24,0.0429685033629085,0.0412590565785901,0.0003008966720827,62.83,0.0390276170001653,96.48,0.0389834158948956,3.04,-0.1400000000000001,0.3199999999999998,0.0017094467843183983
2025-10-31,-0.0125839501304853,-0.0132466045701088,-0.0015641920346528,62.3,-0.0084354607671495,95.69,-0.0081882255389719,2.88,-0.1600000000000001,0.1299999999999999,0.0006626544396235012
2025-11-07,-0.0571940864540829,-0.0559153885927932,0.0013628149470774,58.88,-0.0548956661316211,90.44,-0.0548646671543525,2.94,0.06,0.1400000000000001,-0.0012786978612897015
2025-11-14,-0.0846251002041047,-0.0863004547355227,0.0,53.475,-0.091796875,82.15,-0.0916629809818663,3.15,0.2099999999999999,-0.0300000000000002,0.0016753545314179968
2025-11-21,-0.1000546546292577,-0.1011031080577864,0.0024145840878908,47.97,-0.102945301542777,73.72,-0.1026171637248936,3.07,-0.08,0.0299999999999998,0.0010484534285287034
2025-11-28,0.0676765955087448,0.0711267716162382,0.0006021919788028,51.55,0.0746299770690013,79.08,0.0727075420510037,3.19,0.1200000000000001,0.31,-0.0034501761074934023
2025-12-05,-0.0171707336394153,-0.0187964585906329,-0.0007360608448815,50.69,-0.0166828322017458,77.87,-0.0153009610520991,2.95,-0.2399999999999997,0.0100000000000002,0.0016257249512175997
2025-12-12,0.0105046409919888,0.0117806428744502,0.0012081672103421,51.2,0.0100611560465575,78.67,0.0102735328110954,2.85,-0.1,-0.2999999999999998,-0.0012760018824614014
2025-12-19,-0.0236126875822131,-0.0239510235356014,0.0017478822251719,49.91,-0.0251953125,76.69,-0.0251684250667345,2.91,0.06,-0.1599999999999997,0.0003383359533882975
2025-12-26,-0.0087066784937167,-0.0094508818839199,0.0003624939584341,49.61,-0.0060108194750549,76.28,-0.0053461989829182,2.9,-0.0100000000000002,-0.29,0.0007442033902032002
2026-01-02,0.0300513130660153,0.029832004587015,0.0008455127430848,50.94,0.0268091110663173,78.19,0.0250393287886732,2.86,-0.04,-0.0900000000000003,0.00021930847900029915
2026-01-09,0.0071798329531831,0.0066646860229309,-0.000362056480811,51.16,0.0043188064389476,78.59,0.0051157437012405,2.83,-0.0299999999999998,-0.02,0.0005151469302522001
2026-01-16,0.0541658281966008,0.0546669805801449,-0.000482916817578,54.24,0.0602032838154809,83.23,0.0590405904059041,2.74,-0.0899999999999998,-0.1699999999999999,-0.000501152383544104
2026-01-23,-0.0622775662908183,-0.0633512743468869,0.0006039376736319,50.7,-0.0652654867256636,77.92,-0.0637991108975128,2.65,-0.0900000000000003,-0.25,0.0010737080560685938
2026-01-30,-0.0595954743881322,-0.0606300502240256,0.0018107194591983,47.49,-0.0633136094674556,73.02,-0.0628850102669404,2.68,0.0300000000000002,-0.1799999999999997,0.001034575835893399
2026-02-06,-0.1623564021524205,-0.1591264910124629,0.0014512421843047,39.68,-0.1644556748789218,60.96,-0.1651602300739523,2.8,0.1199999999999996,-0.0300000000000002,-0.003229911139957603
2026-02-13,-0.0244586800898719,-0.0252925020994604,0.0024137098720733,38.97,-0.0178931451612903,59.89,-0.0175524934383202,2.87,0.0700000000000002,0.1299999999999999,0.0008338220095884981
2026-02-20,-0.0121118669136823,-0.0128306870374722,-0.000842764266795,38.42,-0.0141134205799332,59.01,-0.0146936049423944,2.95,0.08,0.3000000000000002,0.0007188201237898987
2026-02-27,-0.0315776195857658,-0.0310864532172528,0.0022894324617426,37.19,-0.0320145757418012,57.15,-0.0315200813421453,2.86,-0.0900000000000003,0.1799999999999997,-0.0004911663685129991
2026-03-06,0.0340344394667848,0.0358703495670027,-0.0027318275490446,38.6,0.0379134175853725,59.31,0.0377952755905512,3.1,0.2400000000000002,0.3000000000000002,-0.0018359101002178996
2026-03-13,0.0413421495310362,0.0396224304112908,-0.0021757524477217,40.37,0.0458549222797926,61.98,0.0450177035912997,3.13,0.0299999999999998,0.2599999999999998,0.0017197191197454026
2026-03-20,-0.0059110390525871,-0.0059156001846039,-0.0029073288915808,39.77,-0.0148625216745106,61.12,-0.0138754436915133,3.28,0.1499999999999999,0.3299999999999996,4.56113201679955e-06
2026-03-27,-0.0581961071740428,-0.0609306849369485,0.0009719353662982,37.4,-0.0595926577822479,57.47,-0.0597185863874345,3.24,-0.0399999999999995,0.3800000000000003,0.002734577762905699
