date,BTCUSDT,BTC_COINMETRICS_USD,BIL,DBC,FBTC,GLD,IBIT,IEF,SHY,SPY,TLT
2018-01-05,16960.39,16997.2274079486,74.23534958819933,14.13623893486555,,125.33,,86.05664857452999,69.6007060616257,240.47949629646345,98.89387446873845
2018-01-12,13740.01,13789.4436639392,74.25970501785424,14.356192383283563,,126.96,,85.58196615728578,69.5674758367216,244.43735502418667,97.95772212908528
2018-01-19,11474.98,11440.2555616598,74.26782349440589,14.280054651138869,,126.42,,84.94360014788842,69.54255316804353,246.6273701868602,96.80916547707383
2018-01-26,11089.0,11035.5546098773,74.30029740061245,14.593065327733736,,128.07,,84.92723178867308,69.47609271823535,252.0540342646496,97.22610727540676
2018-02-02,8873.03,8786.0773798948,74.3053035968887,14.37311187931572,,126.39,,83.7954577438756,69.43970755233536,242.26493034474743,94.26990257920777
2018-02-09,8683.92,8660.45346785505,74.32155585051882,13.645573549933053,,124.77,,83.7954577438756,69.53118501138634,229.99556828880543,92.9770221625001
2018-02-16,10159.98,10189.3164833431,74.33780810414895,14.017802462640466,,127.96,,83.62330898505918,69.38981075648937,240.2068438063314,93.5840452849787
2018-02-23,10131.04,10159.0656125073,74.35406035777906,14.263135155106712,,126.14,,83.72167970438285,69.41475915441237,241.6140824650774,93.126807088826
2018-03-02,11039.0,11014.0584672706,74.37785826447593,14.068560950736927,,125.39,,83.80261181132923,69.45326918571821,236.6623614346148,93.48711017228692
2018-03-09,9227.0,9278.13918439509,74.38599143651142,14.102399942801242,,125.54,,83.67945719418708,69.41997024328228,245.27290297781715,93.13954508165908
2018-03-16,8260.0,8376.90449824664,74.40225778058239,14.077020698753008,,124.6,,84.04892104561354,69.43661971450024,242.1301696526893,94.64039433664298
2018-03-23,8898.03,8771.74632349503,74.42665729668883,14.347732635267487,,127.61,,84.31986120332627,69.51154233498106,227.8690382161797,94.9247657744294
2018-03-30,6840.23,6832.14906633548,74.45918998483074,14.364652131299644,,125.79,,84.72216628599062,69.56149074863494,232.3725534066564,96.29132851712528
2018-04-06,6601.39,6610.49234979544,74.47137018715922,14.153158430897706,,126.39,,84.64391837576245,69.5818297426748,229.34371868051227,95.86379761796265
2018-04-13,7877.41,7919.06469462303,74.48765520141403,14.635364067814123,,127.45,,84.36429408264391,69.48181992630013,234.1386377950786,95.70547590430787
2018-04-20,8856.98,8839.5011320865,74.51208272279621,14.77917978408744,,126.63,,83.53364544720357,69.39014426129003,235.42787939862689,93.77395099771968
2018-04-27,8915.35,8981.33079018118,74.54465275130579,14.78763953210352,,125.5,,83.55009393503408,69.42348086674825,235.3837272889163,94.11434268207744
2018-05-04,9713.99,9696.64290999416,74.56691046016695,14.96529424044115,,124.54,,83.74889697113203,69.4177956557682,234.9068845040423,94.40198691014024
2018-05-11,8400.0,8419.75858737581,74.57506252209548,15.117569704730544,,125.0,,83.55938254469203,69.39276219177405,240.93806269050427,94.5923934725273
2018-05-18,8239.81,8233.08645528931,74.60767076980954,15.354442649180712,,122.41,,83.01555853838599,69.4011066797721,239.5958385553033,92.98980490576972
2018-05-25,7457.0,7425.37567445938,74.64027901752362,15.244465924971706,,123.21,,83.96313067058593,69.55965195173503,240.31993315455645,94.90180413640624
2018-06-01,7521.01,7519.83573728814,74.65364839908639,15.151408696794856,,122.49,,84.15429304856018,69.58969210852801,241.6003443361626,95.664223746631
2018-06-08,7603.44,7622.60233021625,74.67813838762628,15.10065020869839,,123.01,,83.97265913832095,69.59804922298802,245.65350800759165,95.05190909754616
2018-06-15,6388.9,6399.67404646406,74.70262837616617,14.609984823765892,,121.34,,84.07173218026962,69.56462076514796,245.81740063883728,95.72784085302942
2018-06-22,6045.0,6059.5758591467,74.71895503519275,14.745340792023132,,120.34,,84.30290261148318,69.62312056636807,243.6974439848236,95.84712292752648
2018-06-29,6197.92,6220.9137150789,74.75977168275924,14.95683449242507,,118.65,,84.63314608464539,69.67326325312814,240.62838539784136,96.79342738520305
2018-07-06,6609.78,6598.45909585038,74.78177635527052,14.77917978408744,,118.86,,84.87284154021495,69.6982831316241,244.3006115683924,97.83365609813728
2018-07-13,6214.57,6208.98557188779,74.79812567235737,14.406950871380031,,117.61,,84.87284154021495,69.68154282103646,247.99944807351247,97.80974563228844
2018-07-20,7337.53,7327.25668293396,74.83082430653108,14.330813139235335,,116.56,,84.55025691687723,69.68154282103646,248.0792790772201,96.24759519683144
2018-07-27,8188.57,8173.7746113384,74.85534828216136,14.593065327733736,,115.83,,84.17804388994908,69.63132188927355,249.6226784822343,95.2114750100487
2018-08-03,7418.78,7411.34425014611,74.87574058477402,14.516927595589038,,114.92,,84.30265634020492,69.68840028349143,251.55636279426355,95.23420890335488
2018-08-10,6144.01,6135.75185856224,74.90848746453995,14.415410619396107,,114.69,,84.84135793891839,69.7973932098251,251.1660778872485,96.38449627813118
2018-08-17,6584.49,6563.07828872005,74.92486090442291,14.220836415026325,,112.13,,84.94909825866108,69.8225454235944,252.85139907663176,96.64011569474812
2018-08-24,6681.64,6697.73187872589,74.95760778418884,14.559226335669427,,114.16,,85.27231921788916,69.86446577987658,255.02457639978388,97.6865576815238
2018-08-31,7011.21,7025.14078024547,74.98216794401327,14.703042051942743,,113.51,,85.0402631445972,69.87284985113301,257.50820762624346,96.6560919082867
2018-09-07,6395.54,6408.65362244301,75.01359379626376,14.50846784757296,,113.23,,84.63019061504839,69.8067124119084,255.1044074034916,95.37822808231192
2018-09-14,6476.63,6494.69547895967,75.02999200236198,14.55076658765335,,113.02,,84.30631882288012,69.75632864257466,258.01380398305844,94.9138666931762
2018-09-21,6759.02,6741.14289888954,75.0627884145584,14.796099280119597,,113.49,,83.87448976665576,69.72273946301884,260.17154731216044,93.75296322033682
2018-09-28,6634.58,6623.12615984804,75.08738572370571,15.202167184891318,,112.76,,84.01566465042141,69.77312323235259,259.0399405273855,93.88906914473868
2018-10-05,6635.65,6585.14957977791,75.12503338341797,15.481338869421878,,113.8,,82.97945711961877,69.72010435401234,256.4559565306552,90.705698144009
2018-10-12,6298.01,6191.67722326125,75.14145774576677,15.1344892007627,,115.23,,83.4537680959343,69.77057131337101,245.879442723349,91.85316053206571
2018-10-19,6528.88,6383.07784015196,75.16609428928997,15.016052728537613,,116.01,,83.30398568236097,69.77057131337101,246.146751412666,91.24332038176982
2018-10-26,6538.63,6404.10855230859,75.20715519516197,14.770720036071364,,116.77,,84.1610739378083,69.92197219144703,236.41671512153,92.27041958226816
2018-11-02,6433.98,6348.16858270018,75.23212022593216,14.212376667010249,,116.65,,83.36633845310615,69.83395244934754,242.26186512792663,90.08886228982963
2018-11-09,6419.99,6331.37876709527,75.27324865378365,13.873986746367146,,114.48,,83.53312116482589,69.84237836059867,247.4922051488944,91.17475482635882
2018-11-16,5655.94,5496.01623115137,75.29792571049454,13.637113801916977,,115.62,,84.34201731666657,70.03617431937461,243.9013584224038,92.26064736288802
2018-11-23,4420.61,4289.89285330216,75.32260276720542,12.94341446459862,,115.77,,84.48378262162834,70.061452053128,234.5633748755993,92.61456789331235
2018-11-30,4041.32,3973.33405230859,75.3555055094866,12.93495471658254,,115.54,,84.8757219941697,70.14571116563927,245.61213403403207,92.76739721326832
2018-12-07,3403.55,3372.99569257744,75.38616161870463,13.28180438524172,,118.09,,85.92183096836821,70.28280002482296,234.848504144204,95.46416132335835
2018-12-14,3224.17,3198.94747369959,75.41912091988233,13.07031068483978,,117.06,,85.70456121489832,70.31656142750091,232.08631435459583,95.52059651711426
2018-12-21,3838.66,3839.08510841613,75.45213793681125,12.469668575698275,,118.72,,86.43430609935544,70.4844018267487,215.7496547040957,97.55591709975953
2018-12-28,3839.26,3881.05488486265,75.48515495374018,12.384891788856132,,121.06,,86.92835997068482,70.65344943875674,222.06886976709475,97.82259579958487
2019-01-04,3792.01,3827.52459438925,75.51817197066909,12.727726163634156,,121.44,,87.42241384201422,70.67880658055795,226.22789925536648,98.67920010811493
2019-01-11,3601.31,3624.16142109877,75.54293473336578,13.130556553998336,,121.8,,87.22981657014004,70.67035419995753,232.1347967397869,97.72562172692112
2019-01-18,3594.87,3609.42673611923,75.5759517502947,13.33625717886515,,121.02,,86.610155782371,70.61118753575472,238.8394391045008,96.61850106400966
2019-01-25,3565.29,3561.35049795441,75.6007145129914,13.3276863194957,,122.86,,86.94510755954344,70.66190181935713,238.22992616225403,97.40237481804186
2019-02-01,3462.07,3445.04989129164,75.63307118958173,13.421965772559656,,124.5,,87.3554929890735,70.77365327898922,242.06627232815987,97.9719706205298
2019-02-08,3659.04,3612.47961922852,75.67442333347981,13.276261163278996,,124.21,,87.78345938123898,70.88373433816926,242.43377277863212,99.09780593106665
2019-02-15,3602.47,3565.00692372881,75.69923461981865,13.63623725679592,,124.8,,87.64080391718382,70.85833101682003,248.6185364573121,98.79812315056404
2019-02-22,3962.0,3948.30051052016,75.74058676371672,13.790512725446032,,125.5,,87.77506788335339,70.92607320708468,250.2050627922778,98.4660422316287
2019-03-01,3823.0,3810.63269257744,75.7736684788352,13.524816084993065,,121.88,,87.077778883999,70.87047380442498,251.35238127180108,96.31423158269271
2019-03-08,3864.89,3839.23355289304,75.80681169085436,13.516245225623612,,122.84,,88.06147108535345,71.03165874604385,246.01017960152092,98.67622731761296
2019-03-15,3923.76,3901.91420689655,75.83166909986875,13.644808116165372,,122.97,,88.35573798319452,71.09104267190342,253.255406165454,98.82233014657712
2019-03-22,3986.93,3983.88764582116,75.86481231188793,13.661949834904274,,123.97,,89.40669118976977,71.28616128544206,251.4008466521028,101.34666235812418
2019-03-29,4103.25,4089.46104003507,75.89795552390709,13.627666397426472,,122.01,,89.68414283630564,71.36251204726153,254.3087239473088,102.62912052347606
2019-04-05,5004.95,5033.22548369375,75.93578652140316,13.85907960040164,,121.98,,89.07700683819262,71.29786885014487,259.79137804260444,100.89815060990504
2019-04-12,5048.01,5082.86143202805,75.96899338114795,13.979071631573945,,121.83,,88.68945909256158,71.26386891268653,261.2228098999969,99.79179339931513
2019-04-19,5258.68,5289.95121911163,76.00220024089275,13.89336303787944,,120.37,,88.73158384752148,71.30636883450946,261.09677187481765,99.97889792757664
2019-04-26,5314.1,5150.16466066628,76.02710538570133,13.73908756922933,,121.37,,89.22865595604823,71.46786853743659,264.1486926273714,100.71918106113314
2019-05-03,5772.69,5658.43038836938,76.06349845871121,13.60195381931812,,120.65,,89.04431099234527,71.42226217614424,264.7068610245936,100.80737113679062
2019-05-10,6373.33,6357.46349357101,76.1050859373655,13.447678350668008,,121.43,,89.58458743370953,71.54999961892976,259.3682503866457,101.69593683741412
2019-05-17,7355.26,7326.92068188194,76.13003842455808,13.627666397426472,,120.65,,90.09953841688484,71.66070540267721,257.3336365516098,102.70678222160966
2019-05-24,7964.87,7987.10036762127,76.17162590321239,13.396253194451305,,121.3,,90.63981485824908,71.7288320388295,254.57880542983565,104.16598644556936
2019-05-31,8555.0,8556.222185564,76.20489588613583,12.967710225978774,,123.33,,91.9398550452818,72.00985441295764,247.81776565057945,107.46753790201448
2019-06-07,7980.53,8023.950093045,76.23490290747947,13.001993663456576,,126.59,,92.38941270506758,72.16204582637992,258.9631281628553,107.6127314996587
2019-06-14,8650.0,8698.00481502046,76.28490393693343,13.087702257151085,,126.56,,92.4655369121852,72.17911146332598,260.41256545241623,107.38401156023328
2019-06-21,10159.86,10083.4863136762,76.3099044516604,13.456249210037456,,131.98,,92.65161830736156,72.30710374042137,265.9686817109592,107.3595058524377
2019-06-28,12400.63,12358.2079582116,76.34323847129637,13.48196178814581,,133.2,,93.05761407865546,72.34123501431347,265.0640263309899,108.4867684110344
2019-07-05,10970.73,10998.3991004676,76.36420070843621,13.404824053820755,,132.14,,92.8564031653767,72.20962704079903,270.00344470562203,108.38918324850712
2019-07-12,11757.22,11813.3237158971,76.4059434660116,13.76480014733768,,133.53,,92.39885724230614,72.25236980571013,271.98463998775463,106.58037787979003
2019-07-19,10504.29,10532.2027291058,76.43933767207193,13.33625717886515,,134.47,,92.88182238332509,72.32075822956787,268.8364392654617,107.7835199123756
2019-07-26,9824.0,9836.69678813559,76.4560347751021,13.284832022648446,,133.64,,92.72930707563488,72.29511257062121,273.21497130451286,107.60345783947164
2019-08-02,10523.75,10529.6944544126,76.5015343808593,12.976281085348225,,135.89,,94.34253208459144,72.51742490700923,264.7202572866016,111.94654709295725
2019-08-09,11879.99,11858.3410984804,76.51825968352234,12.813434757328665,,141.26,,95.17434208407772,72.63731672900947,263.8156019066324,114.84956355115864
2019-08-16,10331.54,10373.3219028054,76.56007294018,12.710584444895256,,142.78,,96.43054494044476,72.86853667143853,261.3097065041176,119.8355353211768
2019-08-23,10389.55,10414.1441725891,76.57679824284307,12.693442726156354,,144.17,,96.5748385117842,72.85997296986709,257.69108498424055,119.69612492629142
2019-08-30,9584.54,9577.67882349503,76.6102488481692,12.710584444895256,,143.75,,96.77005922594935,72.85997296986709,264.5664658720068,120.77860563951904
2019-09-06,10298.73,10330.8497312098,76.63401417561623,12.959139366609325,,141.94,,96.41285235456895,72.82232331329826,269.63253599983466,119.76802235463089
2019-09-13,10342.06,10345.3387469316,76.65914832260725,12.950568507239872,,140.15,,93.94726794691242,72.48776440067974,272.38268835494114,112.1690498134392
2019-09-20,10168.59,10170.1251161309,76.69266051859528,13.267690303909546,,142.95,,95.22257022673476,72.62501933918989,271.0923051094053,116.56413122915544
2019-09-27,8177.91,8186.77963927528,76.7261727145833,13.019135382195476,,141.06,,95.54564680428976,72.72796054307253,268.4748120199756,117.25420008695016
2019-10-04,8137.13,8165.68615125658,76.75720914899566,12.856289054175916,,141.9,,96.90813411198414,73.06716383060083,267.5205176644544,120.14169117468022
2019-10-11,8258.5,8289.85402893045,76.79077154914825,13.104843975889985,,140.03,,95.28178725183224,72.83517730385738,269.2746015750791,115.5743483017473
2019-10-18,7947.01,7959.33199357101,76.80755274922456,13.07056053841218,,140.46,,95.3243617769671,72.88672986535593,270.81056106158474,114.86661589260817
2019-10-25,8655.02,8656.65517755699,76.83272454933899,13.379111475712405,,141.86,,95.00931029096908,72.8265852102743,274.1096929763868,113.99429455111108
2019-11-01,9231.61,9251.38129345412,76.85678627306841,13.379111475712405,,142.56,,95.62074092773145,72.94649217227312,278.23587999930714,115.87524814199476
2019-11-08,8773.73,8791.33393495032,76.88199624013808,13.379111475712405,,137.39,,94.0090116817365,72.8087923286256,280.7806649473638,111.21748525068664
2019-11-15,8471.73,8465.87788854471,76.89039956249464,13.353398897604052,,138.21,,94.81061247074986,72.91206721136125,283.3708924837786,113.56697626665624
2019-11-22,7268.23,7277.52427323203,76.9156095295643,13.379111475712405,,137.74,,95.24552353712944,72.92927969181717,282.6165455170332,115.33115548566498
2019-11-29,7739.68,7747.73804208066,76.94081949663398,13.121985694628885,,137.86,,95.14319152151072,72.95509841250109,285.66119893702955,115.75983454822784
2019-12-06,7527.47,7534.2083559322,76.9636980724133,13.430536631929106,,137.62,,94.76805880294673,72.9414582561335,286.1701559266409,114.25169177779044
2019-12-13,7258.48,7244.90372004676,76.97211216425461,13.60195381931812,,139.05,,94.93031825300132,72.98455767604376,288.39684275619044,114.82150505806996
2019-12-20,7187.83,7184.21917206312,77.00997557754047,13.807654444184934,,139.52,,94.31237107140755,72.9815683002788,292.92292455666257,113.02775435038728
2019-12-27,7254.74,7237.15044728229,77.01840025488185,14.00266148990908,,142.33,,94.66300647346846,73.05063875412976,294.868254988196,113.58193360698998
2020-01-03,7344.96,7315.3093603156,77.05209896424736,14.072326472445942,,145.86,,95.3300689456819,73.16287824163759,294.45726968575934,115.070773400848
2020-01-10,8197.02,8129.81791992987,77.06894831893013,13.81979091074982,,146.91,,95.1419231201858,73.1283430147121,297.47116190362783,114.5083228120572
2020-01-17,8913.28,8912.54190414962,77.08579767361287,13.732709682578744,,146.58,,95.18468353507129,73.18877966183169,303.1701580974157,114.160926860157
2020-01-24,8439.0,8423.39095815313,77.10264702829564,13.15797357664964,,147.98,,96.15962099446014,73.2751177291454,300.2658619601969,117.51908772852562
2020-01-31,9352.89,9357.28478240795,77.1194963829784,12.696443067342935,,149.33,,97.5279542707954,73.49096289742968,293.836225228744,120.67873662437984
2020-02-07,9813.73,9800.27939982466,77.15181221444993,12.652902453257395,,147.79,,96.99137778000028,73.40008172833072,303.398483265436,119.661462501915
2020-02-14,10344.36,10361.6156901812,77.16868152946347,12.75739992706269,,149.0,,97.02563219560332,73.41737675230064,308.3303068946756,119.76088350517075
2020-02-21,9677.05,9701.79750268849,77.19398550198379,12.870605523685088,,154.7,,97.83917456617544,73.5297944081051,304.5675081257002,122.65237768319253
2020-02-28,8692.91,8750.59344599649,77.21085481699735,11.851755154083495,,148.38,,100.41681934030402,74.13512024705223,270.5744571108311,128.67563346377082
2020-03-06,9131.88,9147.08505897136,77.30143131428939,11.634052083655805,,157.55,,103.2293778440617,74.65041342196129,271.67041791732873,138.37609765403883
2020-03-13,5578.6,5627.69238836938,77.3605367232681,10.545536731517348,,143.28,,100.61434792359334,74.71969454810696,245.97013700495856,127.73050592350384
2020-03-20,6208.36,6174.14947603741,77.3943112426845,9.526686361915756,,140.11,,102.14907040150756,74.90155750423934,210.2468917515709,132.28579030391205
2020-03-27,6359.11,6490.79541502046,77.3605367232681,9.944676257136924,,152.25,,103.72666222238028,75.04011975653069,232.87048648462888,139.14775784962708
2020-04-03,6734.1,6751.90255178258,77.34555652794886,9.944676257136924,,152.65,,104.67334252055032,75.10594202245353,228.0645806985244,140.0107704723275
2020-04-10,6858.92,6859.82267475161,77.32865962865274,10.066589976576427,,158.69,,103.83211014667675,75.10594202245353,255.6411070161146,137.42659542087975
2020-04-17,7027.55,7081.39519842197,77.35400497759692,9.962092502771135,,158.57,,104.51024644806463,75.13195423973215,263.3967178831743,139.43743259917667
2020-04-24,7505.0,7506.44331648159,77.34555652794886,9.317691414305171,,162.64,,104.84502259685104,75.1146127615464,260.0243136317396,141.95513369431706
2020-05-01,8826.96,8855.53525827002,77.34077301575812,9.369940151207818,,159.78,,104.58577108883048,75.15134374649162,259.85890960850844,139.73341370610626
2020-05-08,9800.01,9859.32360461718,77.34077301575812,9.796638169246092,,160.42,,104.4310965444546,75.20341165208966,268.7264030761774,136.43039702010898
2020-05-15,9316.42,9326.87585891292,77.34077301575812,9.753097555160554,,163.93,,104.792003814665,75.22076762062234,263.065909836712,138.70174098806177
2020-05-22,9170.0,9161.81503389831,77.34077301575812,10.057881853759325,,163.21,,104.73185260296326,75.18605568355699,271.4831367966963,137.7366278002137
2020-05-29,9427.07,9432.41333343074,77.34077301575812,10.258168678552796,,162.91,,104.78341078442187,75.20341165208966,279.643068609432,136.10591931040145
2020-06-05,9621.16,9641.8916225599,77.33232324267652,10.72840731067661,,158.01,,103.0220214349672,75.12530568422905,293.4451154368297,130.05083034137323
2020-06-12,9465.13,9456.16153331385,77.34922278883971,10.458455503346272,,162.62,,104.4154895382038,75.16873071641646,279.541988373013,135.20754445202022
2020-06-19,9310.23,9285.99158293396,77.34077301575812,10.737115433493718,,164.03,,104.54451436257756,75.17741572285395,284.86822029757553,135.28252090920245
2020-06-26,9162.21,9159.43777206312,77.34077301575812,10.493287994614704,,166.54,,104.91438552578234,75.21215574860388,276.9398311958513,137.6651061041056
2020-07-03,9058.26,9066.69069661017,77.34922278883971,10.850321030116117,,166.98,,104.7941238854988,75.23010247481618,288.181714695153,136.44203629554087
2020-07-10,9288.34,9285.22101542957,77.34922278883971,11.02448348645827,,169.19,,104.94048439371878,75.21272028847726,293.1288818179984,138.72732989203075
2020-07-17,9154.32,9156.46870976037,77.34922278883971,11.02448348645827,,170.12,,105.06101657695876,75.24748466115508,296.9407848436237,139.10265183306012
2020-07-24,9537.8,9548.1007270602,77.34077301575812,11.233478434068854,,178.7,,105.32790926841872,75.24748466115508,296.165482533327,141.5714361562755
2020-07-31,11335.46,11338.1973407949,77.34922278883971,11.268310925337284,,185.43,,105.72394358477862,75.29094012700236,301.37108375960463,142.6223375911577
2020-08-07,11594.23,11598.9690585038,77.34922278883971,11.468597750130758,,190.81,,105.57739919421668,75.27393282892956,308.801064233281,141.84672369384788
2020-08-14,11760.54,11774.4082518995,77.34077301575812,11.529554609850512,,182.54,,104.62958935896296,75.22175588842892,310.89622642896364,136.25234502214562
2020-08-21,11531.34,11524.6989491525,77.34922278883971,11.581803346753158,,182.03,,105.22412461925848,75.23045204517904,313.3328908327532,138.7739903338681
2020-08-28,11526.91,11527.8830322326,77.34922278883971,11.79950641718085,,184.39,,104.58650709372417,75.24784435867925,323.57795707595915,134.53228232607
2020-09-04,10446.25,10471.9664133255,77.34922278883971,11.442473381679436,,181.64,,104.73966897978562,75.22968239880872,316.18489575991595,136.03664391882143
2020-09-11,10387.89,10387.0207419638,77.33232324267652,11.233478434068854,,182.45,,105.20529358873505,75.25578568902344,308.33034497345807,137.49113427410438
2020-09-18,10933.39,10920.1128439509,77.33232324267652,11.695008943375557,,183.2,,104.9379905724863,75.25578568902344,306.4190623342831,136.73045253657136
2020-09-25,10686.67,10683.6305806546,77.33232324267652,11.27701904815439,,174.94,,105.26565233433958,75.26448678576168,304.6397651932524,138.0261192323694
2020-10-02,10570.4,10570.1056777908,77.33232324267652,11.094148468995131,,178.54,,104.99332632227632,75.26453258181284,309.3752903967249,136.18579497981
2020-10-09,11050.64,11074.1036797779,77.33232324267652,11.616635838021589,,181.08,,104.41091686122904,75.22971207171254,321.43188196173026,133.9599626317529
2020-10-16,11319.32,11338.9871765634,77.34077301575812,11.555678978301836,,178.3,,104.61799578071252,75.24712232676269,321.8396375565498,135.04777543343494
2020-10-23,12923.07,12953.4296969608,77.34077301575812,11.546970855484728,,178.64,,103.86733469758492,75.22100694418747,320.44029449251,132.21946214906163
2020-10-30,13560.1,13603.2960908825,77.34077301575812,11.015775363641165,,176.2,,103.59122947160697,75.23841719923763,302.61025439176416,131.85127935464615
2020-11-06,15579.92,15618.972471361778,77.33232324267652,11.416349013228112,,183.19,,104.03656897466696,75.22849381637246,324.49931609548645,133.53348804807752
2020-11-13,16320.7,16330.06276797195,77.34077301575812,11.625343960838697,,177.16,,103.58761448614555,75.18494872849543,331.8574511474574,132.48639652270208
2020-11-20,18655.67,18663.78185312683,77.34077301575812,11.843047031266387,,175.69,,104.03656897466696,75.21978479879706,329.2904443346161,135.29260181070822
2020-11-27,17139.52,17101.603018059614,77.34077301575812,12.208788189584908,,167.79,,104.01066775417532,75.23720283394788,337.0192662909686,134.2120033565208
2020-12-04,18650.52,18732.967090999413,77.34352063736313,12.226204435219122,,172.32,,103.08644119580214,75.2397140122315,342.74637896366136,130.14143307365129
2020-12-11,18036.53,18061.760025716,77.33507056409344,12.400366891561276,,172.49,,103.80351918937,75.29198801455588,339.4565326872763,133.1350214504099
2020-12-18,23107.39,23048.7645610754,77.33507056409344,12.79223241833112,,176.44,,103.39096124092627,75.27627645234585,343.589691671129,131.22603163784348
2020-12-25,24712.47,24669.1643220339,77.33507056409344,12.713859312977153,,176.35,,103.5638558249412,75.27627645234585,343.4221686620256,132.03187178607047
2021-01-01,29331.69,29380.6937327878,77.33507056409344,12.800940541148227,,178.36,,103.69352676295242,75.28499201057815,347.96390357549626,132.4012151873412
2021-01-08,40582.81,40775.4045634132,77.32662049082377,13.27117917327204,,173.34,,102.2152780696248,75.25884533588126,354.8323469487368,127.02055336428371
2021-01-15,36742.22,36710.3174248977,77.33507056409344,13.323427910174686,,171.13,,102.39681738284048,75.25884533588126,349.6577473342087,127.44026177481862
2021-01-22,32945.17,32986.4357568673,77.32662049082377,13.140557331015426,,173.9,,102.50919886245016,75.28499201057815,356.34005403066766,127.4906267840828
2021-01-29,34252.2,34166.1494259497,77.33507056409344,13.227638559186502,,172.61,,102.56106723765464,75.30242312704274,344.41799988280707,127.5913568026112
2021-02-05,38290.24,38045.4136084161,77.33507056409344,13.81979091074982,,169.81,,101.92738965338232,75.31123194174812,360.8352547749429,124.4025659635625
2021-02-12,47287.6,47525.2091431911,77.32662049082377,14.211656437519665,,170.69,,101.89278814624376,75.30251334578358,365.423523857609,123.62940943659852
2021-02-19,55906.0,55820.5044038574,77.33507056409344,14.385818893861815,,167.01,,100.8114910481641,75.30251334578358,362.9944402256093,120.40232132405322
2021-02-26,46276.87,46231.7675784921,77.32662049082377,14.56868947302108,,161.81,,100.1367616589624,75.25892036596085,353.9947319032197,120.27626319465692
2021-03-05,48751.71,48800.8173594389,77.32662049082377,15.126009333315968,,159.14,,99.0374559662042,75.22581353724384,357.0380665685986,116.88034845208956
2021-03-12,57221.72,57334.641534775,77.31817041755409,15.169549947401508,,161.49,,98.57005318503175,75.21709271490008,366.7450942627583,114.48232820093084
2021-03-19,58030.01,58168.1219222677,77.31817041755409,14.655770701192154,,163.24,,97.83432658503811,75.23453435958758,363.6717804242169,113.3800802960123
2021-03-26,55025.59,54817.8571122151,77.31817041755409,14.603521964289508,,162.24,,98.3103849732693,75.26069682661885,369.7410691495877,114.98717456959584
2021-04-02,58950.01,59031.5340192285,77.32662049082377,14.708019438094802,,161.98,,98.18030158590476,75.21649359440507,374.0642701955056,115.85808840582226
2021-04-09,58142.54,58051.7625563998,77.3097203442844,14.612230087106616,,163.27,,98.39682483393295,75.22521636995816,384.2233257850493,115.85808840582226
2021-04-16,61334.8,61571.1100905903,77.31817041755409,15.186966193035722,,166.35,,98.98576806856968,75.24266192106437,389.6109866997246,117.33253866187776
2021-04-23,51125.14,50954.9100607832,77.31817041755409,15.361128649377871,,166.4,,99.17630852683448,75.24266192106437,389.1254436016949,118.00657306464598
2021-04-30,57694.27,57741.44441654,77.31817041755409,15.59624796543978,,165.66,,98.72594017093584,75.26010747217057,389.64833616880384,116.81016199973236
2021-05-07,57314.75,57341.0684549386,77.3097203442844,16.310314036442605,,171.59,,99.2237002669929,75.29696128311699,394.148947192848,117.4792353942768
2021-05-14,49841.45,49997.3959011105,77.30127027101473,16.03165410629516,,172.69,,98.92903647023532,75.27078924235121,388.9760457253781,115.66511231665206
2021-05-21,37252.01,37174.3311014027,77.3097203442844,15.805242913050362,,176.04,,98.98103596378076,75.27078924235121,387.4447174931307,116.1629414402793
2021-05-28,35663.49,35596.7179510228,77.3097203442844,16.19710843982021,,178.38,,99.14570102667471,75.30568529670558,392.20677480072936,116.81265063552166
2021-06-04,36829.0,36884.3735551724,77.3097203442844,16.61509833504137,,177.16,,99.5347770658366,75.29877186422989,394.59714082179846,118.2147641303937
2021-06-11,37331.98,37185.3931268264,77.30127027101473,16.73701205448088,,175.74,,100.26327068555696,75.29877186422989,396.1938306249344,120.25120145386938
2021-06-18,35819.84,35714.3120787259,77.30127027101473,16.21452468545442,,164.93,,100.2025628839136,75.13299241284862,388.71074777782496,123.14108346477678
2021-06-25,31584.45,31683.5032004676,77.30127027101473,16.536725229687402,,166.59,,99.63884758293952,75.14171764713184,399.6623255314227,119.99770303185996
2021-07-02,33786.55,33782.9459464641,77.29282019774506,16.980839493359895,,167.29,,100.45147478921923,75.1968568743894,406.3232081514466,122.71743139998316
2021-07-09,33815.81,33914.8810742256,77.29282019774506,16.649930826309806,,169.21,,101.0242434575638,75.24048972623713,408.009507548921,123.97811102481752
2021-07-16,31383.87,31455.7175818819,77.29282019774506,16.562849598138726,,169.41,,101.5015506811843,75.21431001512848,404.093545614786,125.39954845416096
2021-07-23,33634.09,33439.5957028638,77.28437012447537,16.676055194761126,,168.56,,101.72718682325944,75.27539600771532,412.1503094027193,125.64491562946428
2021-07-30,42206.37,41789.6670981882,77.28437012447537,16.980839493359895,,169.82,,102.1524241679395,75.29721243363917,410.81063821472577,126.50793121156566
2021-08-06,42836.87,42790.3573284629,77.29282019774506,16.55414147532162,,164.64,,101.62773112573966,75.24261166153596,414.53923354914144,125.1865336792809
2021-08-13,47800.0,47717.4853559322,77.29282019774506,16.606390212224266,,166.39,,101.81009311442978,75.23388383278505,417.7525707343288,125.83881159870874
2021-08-20,49322.47,49240.8356049094,77.29282019774506,15.58753984262267,,166.7,,102.06192633690662,75.23388383278505,415.3542782579207,127.533039960859
2021-08-27,49069.9,49048.4755891292,77.28437012447537,16.719595808846663,,170.19,,101.74062188064306,75.26879514778867,421.80905761825335,126.6096855034871
2021-09-03,49999.14,49860.5341635301,77.2759200512057,16.832801405469063,,171.06,,101.67142410013882,75.27124592210194,424.46029500428256,125.68501384381575
2021-09-10,44850.91,44765.2755762712,77.28437012447537,16.858925773920387,,167.18,,101.51500652460014,75.25378767185906,417.30289089500224,125.87161596991672
2021-09-17,47299.98,47213.7941294565,77.2759200512057,16.998255738994107,,163.77,,101.2282409694459,75.2363294216162,414.855992712128,126.52472341127005
2021-09-24,42810.57,42803.307701052,77.2759200512057,17.346580651678416,,163.3,,100.55043147544498,75.15776729552331,417.215051483554,124.60781066132388
2021-10-01,48141.61,48078.1315543542,77.28437012447537,17.80811116098512,,164.59,,100.53322380416267,75.23692125629944,408.12656609722353,123.43992308650438
2021-10-08,53951.43,53933.5275908825,77.2759200512057,18.30447416156025,,164.23,,99.5071083808523,75.13215877601681,411.5288739667702,120.49299131416058
2021-10-15,61672.42,61446.0840073057,77.2759200512057,18.87921026748936,,165.33,,99.64624267553845,75.03612650242442,419.0571850261815,123.16815992594242
2021-10-22,60688.22,60750.9673718293,77.26746997793602,18.818253407769603,,167.77,,99.09840139021172,74.93136402214179,425.8711994057985,122.40382603686189
2021-10-29,62253.71,62230.8055689655,77.2759200512057,18.591842214524807,,166.65,,99.68102624920998,74.94882443552223,431.6325660467712,125.42719119811372
2021-11-05,60937.12,61005.840833723,77.26746997793602,18.44380412663397,,169.84,,100.69172198403278,75.08065869812366,440.3545044526808,126.9574648191814
2021-11-12,64122.23,64078.968037405,77.26746997793602,18.57442596889059,,174.45,,99.74319569449348,74.8973008852779,439.170275746706,125.28227255063628
2021-11-19,58052.24,58014.0729888954,77.26746997793602,18.156436073669425,,172.61,,99.95204551971312,74.88856956085668,440.6928555115308,126.15813449814974
2021-11-26,53726.53,53800.6178389831,77.25901990466635,17.4423700026666,,166.85,,100.39585139830491,74.93222618296281,431.3694041121101,128.00339704776542
2021-12-03,53601.05,53671.6160680888,77.25901990466635,16.980839493359895,,166.63,,101.33396157228827,74.86226913131458,426.1531586215068,131.4104054860515
2021-12-10,47140.54,47437.2289725307,77.26746997793602,17.703613687179825,,166.58,,100.44567830652916,74.73995943732012,442.43160400839855,126.73633275447766
2021-12-17,46131.2,46334.4837489772,77.26746997793602,17.4423700026666,,167.8,,101.1215528203204,74.79067826410765,433.7505355908057,128.55786338251542
2021-12-24,50820.0,50783.8344210988,77.25056983139666,17.99098174014438,,168.97,,100.52010577742736,74.74698701614405,443.8710984605066,126.58896684725316
2021-12-31,46216.93,46355.1173302747,77.25901990466635,18.09547921394968,,170.96,,100.24117381550596,74.74698701614405,447.9834613786703,126.30769591364424
2022-01-07,41566.48,41512.7845808299,77.25901990466635,18.496052863536622,,167.75,,98.271216834436,74.528530776326,439.61725516671805,121.25334247030858
2022-01-14,43059.96,43102.6476180596,77.25901990466635,18.966291495660435,,169.67,,98.1317508534753,74.42367178121333,438.32506773601074,121.1169686843164
2022-01-21,36445.31,36492.2872241379,77.25056983139666,19.16657832045391,,171.09,,98.40196619158668,74.38871878284243,413.1038327746126,122.42104301286672
2022-01-28,37716.56,37768.8474836353,77.24211975812699,19.453946373418464,,167.1,,98.12303422966524,74.23143029017345,416.8483467161515,121.99487493164114
2022-02-04,41574.25,41079.9060881356,77.24211975812699,19.880644391456737,,168.86,,97.02217463401335,74.03327968235521,423.2149636192718,118.6488974179566
2022-02-11,42373.73,42357.3217416715,77.24211975812699,20.14188807596997,,173.81,,96.96982453978636,73.81476350855843,415.4429749849442,118.00021630121933
2022-02-18,39974.44,40044.2204856809,77.25056983139666,20.185428690055502,,177.12,,97.03962466542237,73.83224480246216,409.5668233839903,117.98314574551571
2022-02-25,39219.17,39323.7702158387,77.24211975812699,20.437964251751627,,176.55,,96.72552410006044,73.77980092075093,412.8868961986544,116.82234795767008
2022-03-04,39148.66,39106.4052159556,77.26873947641772,23.52063972900773,,183.68,,98.68071354809076,73.91558602256382,407.6238262254083,119.8552200312362
2022-03-11,38729.57,38825.3644214494,77.26028741565679,22.614994956028536,,185.09,,96.54990875997272,73.59208511378277,396.2110759250001,115.29996958367136
2022-03-18,41757.51,41826.1160710111,77.26028741565679,22.353751271515307,,179.3,,95.24872059017927,73.3123005440262,420.5608002613713,114.04364347524354
2022-03-25,44313.16,44347.034279661,77.26028741565679,23.651261571264342,,182.38,,92.6376114440838,72.85765061817177,428.2904451325479,109.9584470138252
2022-04-01,46283.49,46250.3362878434,77.27719153717865,22.841406149273336,,179.5,,93.24143436388132,72.72327096364448,428.5080483541355,113.31012593914922
2022-04-08,42252.01,42222.0689772063,77.26028741565679,23.26810416731161,,181.47,,91.0557467322854,72.65329427760777,423.4464081998154,107.09595828302125
2022-04-15,40551.9,40527.3319567504,77.26028741565679,24.469825116072464,,184.04,,90.43501144491216,72.75825930666284,414.19354077752575,103.3554744459304
2022-04-22,39709.18,39737.9735040912,77.26873947641772,23.642553448447234,,180.29,,89.82301890806531,72.49584673402518,403.0768544572902,102.7049555177407
2022-04-29,38596.11,38609.5059070719,77.26873947641772,23.973462115497327,,176.91,,89.88421816175,72.51334090553436,389.79359693081295,102.24274470034275
2022-05-06,36013.77,36042.9995584453,77.28564359793958,24.643987572414616,,175.42,,88.48895833560486,72.53400746271458,389.1691702949529,97.46403732803611
2022-05-13,29287.05,29285.9346718293,77.29409565870051,24.40886825635271,,168.79,,89.81948773188658,72.76155140504453,380.0676790268112,99.44470000268876
2022-05-20,29201.01,29224.245998422,77.30254771946143,24.34791139663296,,172.03,,90.89616612493036,72.84031661585105,368.6293183790113,101.61399721778449
2022-05-27,28629.8,28612.0413103448,77.30254771946143,25.25355616961215,,172.85,,91.395114648536,73.05910886809139,392.8778860715762,102.10273216347797
2022-06-03,29700.21,29662.6709708942,77.29522147319386,26.01987097751762,,172.58,,89.88881620206037,72.80070402618097,388.4122895242135,99.66514422064996
2022-06-10,29091.88,29070.4000300994,77.29522147319386,26.32465527611639,,174.54,,88.28491084276074,72.30146916940855,368.7901555427935,97.72389432029084
2022-06-17,20468.81,20464.9290873174,77.31213138819565,24.94877187101338,,171.27,,87.82039180427506,72.15257456300273,347.6323776507114,96.272251695686
2022-06-24,21237.69,21299.0769853887,77.32058634569655,24.121500203388155,,170.09,,88.65302026948525,72.38029572574104,370.6457056633398,96.6845525594791
2022-07-01,19279.8,19341.8631240795,77.34837356352325,23.311644781397145,,168.32,,90.62097533440324,72.72975749792984,362.2461259923392,99.6796941463412
2022-07-08,21594.75,21813.7871239042,77.33991371734983,22.70207618419961,,162.3,,89.08487782534466,72.37908364307,369.3059537022413,96.82235875896552
2022-07-15,20830.04,20831.722700526,77.33991371734983,21.83126390248885,,159.01,,90.19086803186684,72.38785048944149,365.9423211190578,99.95509996681116
2022-07-22,22684.83,22706.0835554646,77.37375310204348,21.67451769178091,,160.67,,91.48118993947602,72.64208903421488,375.4061009293707,102.02925005222544
2022-07-29,23773.75,23950.7403798948,77.3822129482169,22.73690867546804,,164.1,,92.31507144439352,72.8086591152733,391.4641208886366,101.06532968058065
2022-08-05,23312.42,23248.9715023378,77.42177909089041,21.657101446146697,,165.29,,91.07788124263408,72.37708899128877,392.8703853584422,100.4170132620274
2022-08-12,24403.68,24396.3088462887,77.44718549400491,22.719492429833828,,167.87,,91.14822523278092,72.43852219402177,405.8213209823945,99.62381628253856
2022-08-19,20834.39,20906.7663141438,77.48106069815755,22.606286833211428,,162.72,,90.1106513781149,72.42974602220276,401.1084346511543,97.45976800154185
2022-08-26,20241.05,20246.1655733489,77.50646710127205,23.18973106195764,,161.76,,89.66220844092872,72.31565578855577,385.11692720059546,97.95982696687176
2022-09-02,19951.86,19948.8567472823,77.55598769017324,22.066383218550754,,159.26,,88.54552305024643,72.32504824168893,372.6980916462993,95.2331871746538
2022-09-09,21360.11,21363.3136152542,77.58143256802435,22.10992383263629,,159.82,,87.81439706405756,72.12294933395489,386.3426577181962,93.58289333049132
2022-09-16,19803.3,19741.5776168907,77.61535907182584,21.6658095689638,,155.84,,86.92471363508076,71.7626860636464,367.8677613278991,92.5114983740717
2022-09-23,19289.91,19326.8648199883,77.65776720157767,20.90820288387544,,153.01,,85.28628672627197,71.36727515721024,351.0658335423811,91.32777975286616
2022-09-30,19422.61,19435.1946917008,77.69169370537914,20.821121655704363,,154.67,,84.55516074008311,71.35848824817832,340.7900378439127,88.51968813321795
2022-10-07,19530.09,19539.1439216832,77.71324377838054,22.632411201662748,,157.88,,84.03831260457652,71.29495076290571,346.14261109074727,87.46335914606988
2022-10-14,19176.93,19177.6941031561,77.74722792346785,21.91834513065993,,152.98,,83.20869683217259,71.12777760919779,341.21938863911333,85.36749491066549
2022-10-21,19164.37,19174.8763487434,77.78970810482697,21.6658095689638,,154.15,,82.20256706564017,71.21576347957038,357.1149091903189,80.69077306306893
2022-10-28,20591.84,20604.6138535944,77.81519621364245,22.03155072728233,,153.16,,83.70293601573238,71.37413804624104,371.1689918865528,83.83456941617551
2022-11-04,21148.52,21157.2449275278,77.88970020610454,23.1461904478721,,156.47,,82.62718676583879,71.11063429756817,359.0803817194595,81.79883370347828
2022-11-11,17070.31,16916.8506312098,77.93227684336598,22.771741166736472,,164.56,,84.85605114873232,71.60421331599451,380.22352310089497,84.98501200629896
2022-11-18,16700.45,16661.5229576271,77.98336880807973,21.90963700784281,,162.79,,85.02410044744254,71.45437682825794,377.85732316290034,86.50430683734426
2022-11-25,16522.14,16522.3887767388,78.02594544534118,21.56131209515852,,163.22,,85.89088104079003,71.56014376077788,383.8682342957092,89.33453606546291
2022-12-02,17092.74,17075.1091370544,78.08583329198123,21.848680148123066,,167.26,,87.4514593953885,71.89983221504852,388.2380712779734,93.18687263858618
2022-12-09,17128.56,17136.1490008767,78.16268942711115,20.82982977852147,,167.06,,86.71590293715812,71.82034585097341,375.23351274778537,92.52554083164505
2022-12-16,16632.12,16606.1101750438,78.21392685053108,21.03882472613205,,166.79,,87.55898527851049,72.07722960468034,367.38249951803454,93.42890512414212
2022-12-23,16778.5,16780.5169798363,78.29206871679554,21.48118822480015,,167.26,,85.90743155558148,71.97986382724554,367.0374224187926,89.11116560061954
2022-12-30,16607.48,16593.6888287551,78.34345832540518,21.59507706938514,,169.64,,85.04613740975292,71.84709231256174,366.5773196198032,86.84326201250668
2023-01-06,16950.65,16957.8622738165,78.36058819494173,20.71024835376328,,173.71,,87.35476089341711,72.1568925134906,371.9931129829072,91.74542284527374
2023-01-13,19930.01,19868.7247454705,78.4376726078562,21.717726594322823,,178.76,,87.89639947996909,72.26310972523765,381.98117791096814,93.11488770424958
2023-01-20,22667.21,22660.7169421391,78.48906221646585,21.980547004903578,,179.29,,88.0562272596074,72.3870298056092,379.4697834664845,92.63513886830265
2023-01-27,23074.16,23070.4964582116,78.55758169461204,21.70020523361744,,179.22,,87.92303744324215,72.34277263404793,388.8635489458509,93.07999687981706
2023-02-03,23431.9,23445.8131773816,78.62285982942012,20.6839663127052,,173.46,,87.73640829802555,72.27364866239625,395.2570607568073,93.30829362046217
2023-02-10,21625.19,21620.5667837522,78.67443835106637,21.31473529809901,,173.36,,86.27710089834237,72.04308242126469,391.125721040882,90.41372518668774
2023-02-17,24569.97,24607.3356054939,78.76040255381011,20.894222641169804,,171.26,,85.78769902649739,71.98987482715741,390.3780539925242,89.53048829299826
2023-02-24,23185.29,23175.8242036821,78.82057749573072,20.736530394821354,,168.35,,84.81779349865919,71.77704445072825,379.94905721543176,88.2974546097288
2023-03-03,22354.34,22350.0962340736,78.88541475816419,21.428624142684,,172.49,,84.85959089828232,71.76148027187348,387.435313173988,89.3237133086703
2023-03-10,20150.69,20240.406694623,78.94575766094063,20.736530394821354,,173.87,,86.78558350456885,72.16133993163503,369.9130649124761,92.56738530044656
2023-03-17,27395.13,27450.6282933957,79.0664434664935,19.86922303990487,,183.77,,88.50649356481563,73.10323157462891,375.2677067794045,93.67198711386224
2023-03-24,27454.47,27464.1249453536,79.14402719863463,20.11452208978024,,183.65,,89.06824140831586,73.325375830052,380.810264257928,93.67198711386224
2023-03-31,28465.36,28514.6813062537,79.15264761331696,20.7978551572902,,183.22,,88.38166071070445,73.00548810224275,393.9353482869315,93.2511864230372
2023-04-07,27906.33,27936.8042609585,79.23224483513896,21.13076101069248,,186.49,,89.77099003417428,73.3349419608954,393.7428983744828,95.3846641838193
2023-04-14,30466.93,30458.9700414962,79.31014413637516,21.43738482303669,,186.36,,88.3772525296628,73.0232573259675,396.88945444301953,92.35253397618844
2023-04-21,27262.84,27292.0211052016,79.3966989155265,20.86794060011173,,184.25,,88.06455501262496,72.96982567426558,396.6392695568362,91.7548967178728
2023-04-28,29311.7,29350.811886616,79.43997630510218,20.64016291094174,,184.8,,89.10092392623606,73.18355228107329,400.22846042400505,93.56538605924078
2023-05-05,29505.61,29552.9695236704,79.47746274968742,20.27221433612869,,187.46,,89.28131780267454,73.38134352758514,397.053036868601,92.42510169320822
2023-05-12,26795.01,26773.3443591467,79.57304076327073,19.86046235955218,,186.81,,89.08428811146591,73.34563918819696,396.0522973238676,91.87878113786654
2023-05-19,26880.26,26889.503631502,79.63386313555102,19.895505080962945,,183.64,,87.43640342135735,72.99752187916206,402.8169117464405,89.08549700813568
2023-05-26,26705.92,26720.3838071303,79.71206332848281,20.00063324519524,,180.92,,86.80949076751172,72.69403499436241,404.1640611335816,89.07668538627533
2023-06-02,27242.59,27255.2279941555,79.79090609735485,19.88674440061025,,181.05,,87.36453556246668,72.8158730639651,411.76583267530657,90.1076935388982
2023-06-09,26477.81,26470.6775780245,79.86942328026281,19.851701679199486,,182.04,,87.02340811164736,72.72639669008458,413.671086808549,90.04584886248166
2023-06-16,26345.0,26331.8200943892,79.956664594605,20.56131678776752,,181.63,,86.96056884439116,72.66376322836823,424.44671055214286,90.64662571909948
2023-06-23,30688.5,30638.3537644652,80.01773351464452,20.07071868801678,,178.2,,87.16704072251865,72.67271086575627,418.4102295505707,91.29157734458624
2023-06-30,30472.0,30484.503257744,80.10497482898668,19.88674440061025,,178.27,,86.71818881354584,72.54744394232355,428.13620774030375,90.94701414740838
2023-07-07,30344.7,30329.8829786674,80.16866254271957,20.13204345048562,,178.64,,85.11899022748929,72.48129138080381,423.56779891831394,87.77487195432577
2023-07-14,30312.01,30310.6720204559,80.25625942049791,20.71024835376328,,181.43,,86.86474391224803,72.81319828440402,433.931229501813,89.73270872278621
2023-07-21,29901.72,29919.6934921099,80.32633692272056,21.104478969634403,,182.18,,86.78375533924375,72.78628691384185,436.73215668654245,90.1225042784978
2023-07-28,29314.14,29316.3130751023,80.40517411272106,21.5337523069163,,181.86,,86.04585945187151,72.7504050864256,441.3102238781348,88.4215782172109
2023-08-04,29113.99,29057.2532437171,80.49627874102744,21.419863462331307,,180.19,,85.75053898897559,72.91405913604905,431.5456122099917,85.75570082105247
2023-08-11,29426.03,29399.784739626,80.57545540864156,21.402342101625923,,177.6,,84.92054955320644,72.82411950469832,430.4252413360999,84.72517546155366
2023-08-18,26054.0,26037.3658474576,80.6546320762557,21.15704305175056,,175.33,,84.44240346520898,72.86009535723862,421.5878331497983,83.30376117258976
2023-08-25,26060.01,26040.881255114,80.73380874386982,21.384820740920546,,177.62,,84.52359808392553,72.78814365215803,424.9392874018712,84.59191787196329
2023-09-01,25805.05,25802.7885298071,80.82591496130533,21.796572717497053,,180.11,,85.00332476050066,73.02721128685512,435.77597809589344,84.51958476394971
2023-09-08,25910.5,25904.6982127411,80.89660560519845,21.954264963845503,,178.08,,84.57821768838495,72.95507674057843,430.2996825312672,84.09186309092183
2023-09-15,26600.0,26672.6160818235,80.97613257957822,22.366016940422018,,178.34,,84.19833477287727,72.94605992229386,429.7522162012508,82.83543067640238
2023-09-22,26580.14,26581.1476116306,81.055659553958,22.13823925125203,,178.62,,83.61042073697256,72.94605992229386,417.1999659366722,81.47206784362598
2023-09-29,26906.96,26911.2514739918,81.13518652833775,21.866658160318583,,171.45,,82.84161007463562,73.00917765028595,414.35026587660576,79.03048996009173
2023-10-06,27931.09,27941.9633760959,81.22769061594481,20.955547403638647,,169.7,,81.68160875608073,73.05371970687608,416.34699449012174,75.79862566969886
2023-10-13,26862.0,26842.4467703098,81.30756051822205,21.77029067643898,,178.83,,82.742644419949,73.1622019041886,418.246794530166,78.3195847968194
2023-10-20,29669.04,29704.9853673291,81.38743042049927,22.015589726314342,,183.59,,81.13295356237109,73.17124208729798,408.253458605239,74.41299210691983
2023-10-27,33892.02,33896.938528346,81.47617475636287,21.901700881729354,,186.15,,81.6906774369685,73.30684483393864,398.0662655333687,75.42316367204262
2023-11-03,34716.78,34708.2218804792,81.54527494806545,21.62135911044322,,184.79,,83.32507555667114,73.62415818914597,421.3388160239117,78.60100460805756
2023-11-10,37301.63,37367.4943722969,81.6344149512881,21.060675567870945,,179.51,,82.91586150013397,73.43377432977249,427.0769875734333,78.92391185054188
2023-11-17,36613.92,36569.7120534775,81.72355495451073,20.98182944469672,,183.67,,84.14350366974551,73.68761947560381,436.9443163528472,80.7626892035776
2023-11-24,37713.57,37718.7841630625,81.79486695708884,21.043154207165564,,185.52,,83.90706888152403,73.69668537366921,441.3157950164186,80.54741770858804
2023-12-01,38682.52,38703.5536820573,81.88325729288437,20.850419239406342,,192.01,,85.74302866156322,74.23790860909615,444.99908080834126,83.66788566420898
2023-12-08,44170.99,44205.0522089421,81.9638510500624,20.14956481119101,,185.64,,85.66096919134266,74.09241540261091,446.0652951165293,85.06250038385114
2023-12-15,41940.3,41978.0970195792,82.0533996691491,20.3685818200083,,187.0,,87.77753047378228,74.53749387088986,456.76240324271913,89.49006821954133
2023-12-22,43969.04,44009.5016551724,82.14452946141641,20.42544534730883,,190.27,,87.96041937986371,74.75642666404877,460.9667234055226,88.88083174906033
2023-12-29,42066.95,41998.6033442431,82.21649926052838,20.25086889134893,,191.17,,88.14330828594514,74.83852646148337,462.58227235697024,89.24637363134893
2024-01-05,44145.11,44146.3222022209,82.28846905964033,20.33356300206677,,189.35,,87.17399708371356,74.70169346575905,455.3901598562486,86.90871072979965
2024-01-12,42782.73,42817.4305356517,82.38742753341928,20.26924536039733,38.35,189.71,24.97,87.99699716108,75.11219245293198,463.9155868530445,87.11630241603761
2024-01-19,41659.03,41606.8535330216,82.45939733253125,20.15898654610687,36.49,187.93,23.8,86.81736371685477,74.8294042617684,469.5116148475167,84.92305112230603
2024-01-26,41823.51,41860.7310458796,82.54036335653221,20.77459825922864,36.75,187.01,23.99,86.8356526074629,74.911504059203,474.3582617018596,84.64325363215922
2024-02-02,43200.0,43155.3852030976,82.6271318554472,20.0395394972922,37.58,188.61,24.5,87.59721413458456,74.94922617058407,481.11242418562256,86.9838695605412
2024-02-09,47132.77,47176.9665137347,82.6994215596077,20.45301005088145,41.64,187.6,27.15,86.61637467116884,74.84858634052104,487.77899666599376,84.97383322844584
2024-02-16,52124.11,52157.3123977206,82.79881990282838,20.24168065682472,45.43,186.34,29.62,85.92887037438213,74.71135020861688,486.1342510467489,83.98692349782245
2024-02-23,50744.15,50789.1431759205,82.87110960698887,19.97522185562276,44.75,188.62,29.16,86.20387209309683,74.72049928407716,494.25092469438334,84.99194166387012
2024-03-01,62387.9,62524.401817066,82.9570638724783,20.30599829849416,55.19,192.89,35.99,86.76235841687613,74.93134704731959,499.1170359939244,85.80250601780122
2024-03-08,68124.19,68343.7149552893,83.02963429467401,20.3703159401636,60.73,201.63,39.55,87.52520542414315,75.05981127199048,498.01729484022815,86.94690273191607
2024-03-15,69499.85,69424.9141753361,83.12034732241865,20.912421777091723,60.48,199.71,39.39,86.07303883199629,74.77535477450495,497.7301329605528,84.41288143637604
2024-03-22,63796.64,63486.4849997078,83.19291774461436,20.86648060447069,55.91,200.35,36.41,86.8542676948601,75.0231072077988,508.8400498212536,85.357462851201
2024-03-29,69850.54,69917.0430070134,83.27455946958455,21.10537470210004,62.06,205.72,40.47,87.00132253963447,75.04145923989465,510.6559061798568,85.93874372186251
2024-04-05,67820.62,67904.9094766219,83.36988087194771,21.822056994988067,58.94,215.14,38.41,85.85677059315006,74.93192812502242,506.12602795194346,83.28529567230547
2024-04-12,67116.52,67098.113691993,83.44277257107072,21.794492291415448,58.51,216.89,38.14,85.09167375406574,74.76621062824758,498.7259251572061,82.2828465505248
2024-04-19,63818.01,63762.6310300994,83.5338871949745,21.53722172473769,56.32,221.03,36.67,84.56624580433312,74.72938451785318,483.4082981322153,81.24394473340664
2024-04-26,63770.01,63777.4715002922,83.60677889409752,21.73936288427021,55.75,216.62,36.32,84.33579494918723,74.76621062824758,496.1973939911942,80.41464591447897
2024-05-03,62882.01,62983.6554783752,83.70499530792877,21.23400998543892,54.38,212.96,35.4,85.48218839635126,75.09066979778291,499.1554825753703,82.15725877371561
2024-05-10,60799.99,60896.6418880772,83.77819600343199,21.39020997235041,53.05,218.71,34.58,85.51916965890648,75.07219730828776,508.4788310832519,82.41331434424812
2024-05-17,67024.0,66956.4409476914,83.86054678587311,21.785304056891245,58.79,223.66,38.28,86.08313391287332,75.2015047347538,516.8844887432373,83.57470925344913
2024-05-24,68549.99,68608.998279661,83.97034782912793,21.610727600931337,60.57,215.92,39.46,85.87049165318089,75.15532351101594,516.8747260746427,83.56556441164439
2024-05-31,67540.01,67377.7626122151,84.01609826381744,21.3810217378262,59.11,215.3,38.55,85.79652912807049,75.24768595849167,514.853853675552,82.71509412380429
2024-06-07,69355.6,69338.1573240795,84.10338314162087,20.912421777091723,60.49,211.6,39.42,86.19028777881216,75.2957135368652,521.3362656223933,83.95692562889438
2024-06-14,66043.99,65982.1865195792,84.20447998508692,21.19725704734209,57.25,215.73,37.3,87.72029288731179,75.6200243876885,529.8981259798929,86.86559725997193
2024-06-21,64143.56,64086.0489228521,84.27800496215313,21.31670409615676,56.14,214.78,36.58,87.48847393147851,75.64782246061623,533.3043444829675,86.21412821957286
2024-06-28,60427.84,60303.3147364115,84.35152993921936,21.34426879972938,52.46,215.01,34.14,86.83938085514534,75.65708848492547,533.0203124910848,84.21384299693909
2024-07-05,56628.79,56720.9881256575,84.44573409757464,21.84962169856068,49.43,220.93,32.2,87.58088776377808,75.90868110345366,543.2258757856295,85.20452001591585
2024-07-12,57889.1,57859.1202819988,84.52880455411396,21.39939820687461,50.43,223.11,32.85,88.31568917980809,76.19688307702462,548.4657763255349,86.47485534026723
2024-07-19,66660.0,66755.7833828171,84.61187501065328,20.74703355565602,58.88,221.73,38.4,87.97154168116113,76.15969572559612,537.6921490472247,85.53591183965969
2024-07-26,67907.99,67912.2433091759,84.70417551791917,20.43463358183304,59.52,220.63,38.79,88.37149688229138,76.35492932059582,533.235785036651,85.60034913872099
2024-08-02,61498.33,61506.7698877849,84.79881218282736,20.122233608010045,54.68,225.34,35.61,91.1280097886075,77.11167753983013,521.933270601042,90.76883486567384
2024-08-09,60837.99,60720.9407594974,84.86370686800063,20.40706887826041,53.1,224.56,34.6,90.17642737680998,76.93445220134497,522.0214184605918,88.9032157526431
2024-08-16,58874.6,58927.2765087668,84.96568423041575,20.40706887826041,52.24,231.99,34.03,90.55892618939524,76.99041809770871,542.9026669672801,89.99303285827492
2024-08-23,64037.24,64106.8029152543,85.03984958489947,20.45301005088145,55.73,232.02,36.28,91.23063142125233,77.2422646313455,550.561736541497,90.87042798569036
2024-08-30,59123.99,59142.9399640561,85.12328560869365,20.315186533018363,51.23,231.29,33.37,90.55892618939524,77.23293698195154,552.079838567077,89.11563773085946
2024-09-06,53962.97,53838.9534623028,85.221917326233,19.5433748329851,46.74,230.63,30.41,92.03385538758393,77.65222537848908,529.2397487370596,92.24523565091371
2024-09-13,60498.0,60536.8814503215,85.30571468840236,19.90171597942912,52.31,238.68,34.04,92.52041094677,77.83006919263944,550.4442060620972,93.03278537272244
2024-09-20,63201.05,63153.9518270018,85.40813368660935,20.416257112784624,54.945,242.21,35.8,92.08999641364385,77.88623039710797,558.2654001178602,91.61519587346672
2024-09-27,65769.95,65767.7132542373,85.47330941274106,20.50813945802668,57.43,245.02,37.39,92.06192590061389,77.9423916015765,561.4288221827603,91.32797185727767
2024-10-04,62086.0,62052.5100496785,85.54917579538409,21.353457034253584,54.56,245.0,35.52,90.5282564992107,77.49467369714758,562.9122902939401,88.81367719258678
2024-10-11,62540.0,62462.539962595,85.63331333031562,21.39020997235041,55.23,245.47,35.94,89.95582738690098,77.51345573149008,569.3963230977728,87.09410311821436
2024-10-18,68428.0,68390.5375625365,85.69875363526236,20.51732769255088,60.03,251.27,39.07,90.03090005736783,77.56041081734634,574.3182934534094,87.25211803315669
2024-10-25,66698.33,66261.5376861485,85.7735425552015,20.958362949712747,58.39,253.32,38.01,89.04557125749044,77.4007635254351,568.8658113229137,85.64408389874356
2024-11-01,69496.01,69483.5830303916,85.85630397400617,20.5357041615993,60.47,252.47,39.37,88.1743369637802,77.31919690669248,561.0063776212984,84.72438225330872
2024-11-08,76509.78,76507.4474012273,85.95015651442374,20.67352767946237,67.18,247.96,43.69,88.67324161405034,77.3380437554205,587.6793307461554,86.2632993682136
2024-11-15,91032.07,91139.0844427236,85.99708278463252,20.04872773181641,80.06,236.59,52.13,87.84487162869614,77.29092663360045,575.4579113401436,84.01554770341313
2024-11-22,98892.0,98938.3495450029,86.08155007100835,20.72865708660761,86.73,249.84,56.49,88.10844389676339,77.28150320923646,585.0464204561142,84.30467758560738
2024-11-29,97460.0,97398.9417399182,86.13786159525891,20.34275123659098,84.91,245.59,55.21,89.60515784757379,77.57362936452071,591.9627221135356,87.6436613864313
2024-12-06,99740.84,99953.1056580947,86.23627594577934,20.13142184253425,88.92,242.95,57.8,89.95644546602075,77.73936761402707,597.1302997723476,88.3402046319433
2024-12-13,101424.25,101289.823976914,86.3210521864688,20.5357041615993,88.94,244.29,57.91,88.46456781475266,77.60701310270561,593.5935546066208,84.37196151678873
2024-12-20,97805.44,97617.4422051432,86.38978191240547,20.23249242230052,84.2,242.1,54.81,87.73491839000967,77.57936263993423,582.6940408629016,82.9752947985427
2024-12-27,94299.03,94219.9821461134,86.46545455614785,20.401881197534383,82.52,241.4,53.68,87.23281811199752,77.60782168712423,586.4988264464774,81.83838950235611
2025-01-03,98174.18,98120.6846759205,86.51274995848685,20.789013668075835,86.01,243.49,55.96,87.48860504607917,77.7501169230742,583.482597460534,82.01691182159203
2025-01-10,94726.11,94759.1196358854,86.58842260222924,21.447138867996298,82.69,248.21,53.84,86.52229885065957,77.62679438525089,572.1865241994516,80.29746001000406
2025-01-17,104077.48,104296.588034191,86.67355432643943,21.74716653266592,91.66,249.27,59.62,87.5833409475909,77.8639531118342,589.0320645163712,81.92295270620471
2025-01-24,104870.5,104716.12488194,86.73030880924622,21.5536002973952,91.67,255.65,59.7,87.60228812789325,77.9208712062142,599.2734433281204,81.95114044082091
2025-01-31,102429.56,102263.043670953,86.78706329205302,21.26325094448911,88.64,258.56,57.71,88.12333558620773,78.0631664421642,593.2114144838222,82.45851966391244
2025-02-07,96506.8,96384.1109836353,86.8589543309235,21.369712373888007,83.64,263.9,54.47,88.51883414535126,78.01908277990373,592.1764339494298,84.17441405443253
2025-02-14,97500.48,97414.3589821742,86.93489658607622,21.718131597375315,85.02,266.29,55.33,88.68990339751105,78.14281683823467,600.9786969705002,84.06126372748584
2025-02-21,96181.98,96048.9937247224,87.01083884122893,21.93105445617311,82.81,270.74,53.92,89.06055344385726,78.27606890105261,591.3583064793863,84.49500664744818
2025-02-28,84349.94,84243.7779114553,87.06779553259348,21.29228587977972,73.5,263.27,47.9,90.5906728659532,78.63775307155845,585.6806989764339,87.15403933069564
2025-03-07,86801.75,86553.5921937464,87.14327912154158,21.24389432096204,75.95,268.39,49.43,89.96577707434788,78.65014279727015,567.6818946354771,85.23247829483805
2025-03-14,83983.2,84105.8335517241,87.20993882581989,21.26325094448911,73.93,275.24,48.14,90.05155861833232,78.68833174740234,554.7594233917781,85.2892305831267
2025-03-21,84088.79,84069.4081800117,87.2861213449951,21.40842562094216,73.28,278.49,47.7,90.56624788223895,78.84108754793115,557.5839621544033,85.79054246300977
2025-03-28,84424.38,84309.0783550555,87.3527810492734,21.47617380328691,73.12,284.06,47.56,90.63296686089352,78.92701268572861,549.3583183990845,85.26085443898236
2025-04-04,83889.87,83774.1797375804,87.42092131452577,20.27606314460841,73.39,279.72,47.71,92.32702508538696,79.2043288510547,499.5496726787773,88.1367026624374
2025-04-11,83423.84,83359.8995157802,87.49737161738062,20.25670652108134,73.24,297.93,47.67,89.4107302789409,78.96483825825396,527.8846426339978,82.47924711189215
2025-04-18,84474.69,84434.7727463472,87.5642656323786,20.682552238676937,74.16,306.12,48.26,90.52944008993823,79.27138621703888,520.4400395717922,83.08675911731983
2025-04-25,94638.68,94771.4128007014,87.63115964737662,20.663195615149863,83.3,304.73,54.27,91.03620607269772,79.35760283044715,544.3952496909475,84.37772212885365
2025-05-02,96887.14,96842.1021057861,87.69964213628184,20.092175221101225,84.7,297.98,55.19,90.84619211242531,79.30845310896754,560.3324344668774,83.58422208465663
2025-05-09,102971.99,102940.802949445,87.76676410161686,20.44059444458853,90.12,306.84,58.66,90.5104353305948,79.27001450331676,557.9398794322776,82.93635623469007
2025-05-16,103463.9,103566.269191116,87.83388606695186,20.508342626933285,90.88,294.24,59.2,90.14589939603596,79.18352764060252,587.4612403137459,82.22179831193283
2025-05-23,107318.3,107291.888969901,87.9201857366683,20.72126548573108,94.98,309.75,61.83,89.95403837784711,79.27001450331676,572.5423744161786,80.55449649216594
2025-05-30,103985.48,103981.302957919,87.96812999762187,20.20831496226366,91.38,303.6,59.46,90.72148245060256,79.42376892591989,582.7057900177023,82.20274343399264
2025-06-06,104288.44,104421.051549094,88.04159558011943,20.953544968055947,91.05,305.18,59.26,90.00076748098357,79.26181822381277,592.3452162934664,81.62180298956996
2025-06-13,106066.59,106024.822087376,88.11857183855014,21.92137614440957,91.79,316.29,59.74,90.75149573074474,79.4546459046881,590.2294858083243,82.55899533789777
2025-06-20,103297.99,103274.958839567,88.17630403237317,22.51175316198529,90.08,310.13,58.67,91.04986208641904,79.5799838972571,589.2814773995465,82.71200633354313
2025-06-27,107047.59,107090.95905114,88.25328029080387,21.098719644509,93.28,301.22,60.72,91.810215057331,79.83065988239505,609.7379573059081,83.57269318404826
2025-07-04,107984.24,108081.395758621,88.33662350609579,21.563278609158733,95.45,307.14,62.19,91.49406563900332,79.7089479571079,620.0802299876025,83.48083209765133
2025-07-11,117527.66,117618.605087084,88.39454916085388,21.78587977972007,103.16,309.14,67.21,91.0692303827648,79.74763692590155,618.3746970046193,82.34817276828225
2025-07-18,117924.84,117958.511213033,88.47178336719801,21.80523640324714,102.47,308.39,66.68,91.14647315662636,79.82501486348883,622.301389221255,81.82023833510175
2025-07-25,117614.31,117520.17335038,88.53936329774912,21.456817179759835,101.97,307.4,66.36,91.47475494553794,79.84435934788564,631.7413159642779,82.96249647234684
2025-08-01,113297.93,113282.144336061,88.61591687764984,21.379390685651543,98.66,309.11,64.22,92.68049050714988,80.21174689387745,616.4906780117891,84.61426125141207
2025-08-08,116674.74,116740.687720923,88.68373270996028,21.13743289156314,101.6,313.05,66.13,92.38989532370351,80.17293162802027,631.8206430797654,84.10360811473197
2025-08-15,117342.05,117311.209947715,88.76123651831506,21.069684709218382,102.03,307.43,66.44,92.24459773198036,80.22145071034174,638.0279898666693,83.24609624370308
2025-08-22,116935.99,116800.977035073,88.82905235062549,21.369712373888007,101.79,310.58,66.25,92.76766906218376,80.39611940669909,639.8822611911916,83.87236895849945
2025-08-29,108377.4,108473.330441642,88.90655615898028,21.495530426813986,94.39,318.07,61.44,93.13575629454913,80.52226902073495,639.6244480658569,83.43879554056349
2025-09-05,110659.99,110711.229484804,88.98619540283478,21.32132081507033,97.36,331.05,63.42,94.05421125982087,80.71549042688969,641.7960278523296,85.65417168750173
2025-09-12,116029.42,116149.174031958,89.05424996066498,21.631026791503487,101.99,335.42,66.38,94.2485783010687,80.72522456707624,651.8804874086892,86.99856304528885
2025-09-19,115632.38,115612.372541695,89.13202659818522,21.543921985631663,100.43,339.18,65.37,93.908435978885,80.75442698763588,659.9332942607626,86.09907818000681
2025-09-26,109643.46,109669.102166861,89.19035907632538,22.07622913262616,95.21,346.74,61.94,93.509983544327,80.68628800633003,658.0639638506223,85.98301561674462
2025-10-03,122232.0,122348.127640269,89.24928445591,21.689096662084705,107.17,357.64,69.81,93.97083783071297,80.83835479475849,665.4120232819722,86.74782913944823
2025-10-10,112774.5,113754.852328171,89.32732514622012,21.36003406212448,101.73,369.12,66.2,94.4679864540912,80.97505451297647,649.3139066116668,87.95131211251733
2025-10-17,106431.68,106625.668651373,89.37610057766396,21.40842562094216,92.86,388.99,60.47,94.93589104080016,81.12640062957493,660.6193782942717,88.51423156766255
2025-10-24,111004.89,111024.94314699,89.45414126797408,22.1149423796803,96.48,377.52,62.83,95.03337116303118,81.15081129354243,673.4063937593814,88.77628027954049
2025-10-31,109608.01,109554.239627703,89.51267178570667,22.143977314970908,95.69,368.12,62.3,94.40949838075258,81.02387584091146,678.1890955002195,87.63103035355539
2025-11-07,103339.08,103428.471746932,89.58437162225746,22.163333938497978,90.44,368.31,58.88,94.55025006541108,81.1342963899776,667.1620347297634,87.24718634605254
2025-11-14,94594.0,94502.5476025716,89.65288365124859,22.23108212084273,82.15,375.96,53.475,94.30578256601764,81.1342963899776,668.1165864285584,86.5653394057574
2025-11-21,85129.43,84948.0463205727,89.7116082475267,21.80523640324714,73.72,374.27,47.97,95.039185064198,81.33020197102307,655.2897979759988,87.17900165202303
2025-11-28,90890.7,90990.1266104617,89.77033284380481,22.31818692671456,79.08,387.88,51.55,95.34232476344587,81.37917836628444,679.5115473329254,87.87058926289383
2025-12-05,89330.04,89279.8344634717,89.85004195267955,22.57950134433004,77.87,386.44,50.69,94.61653274488668,81.31927833950039,681.7984941112887,86.19371405036779
2025-12-12,90268.42,90331.6083091759,89.92858219914167,22.18269056202505,78.67,395.44,51.2,94.34191235338083,81.41752562515885,677.8907980943461,85.38231808051631
2025-12-19,88136.94,88168.0738325541,89.99293131615178,22.1149423796803,76.69,399.02,49.91,94.69765658932462,81.55983387101655,678.7094932226105,85.9223724846089
2025-12-26,87369.56,87334.8077808299,90.05207234439898,22.7,76.28,416.74,49.61,94.8944513868918,81.58939881804568,688.4026363397936,86.10884022615174
2026-01-02,89995.13,89940.1801671537,90.11121337264618,22.39,78.19,398.28,50.94,94.54022075127088,81.65838369444697,681.2823645438381,85.41203971828114
2026-01-09,90641.28,90539.6032288136,90.16049756285216,22.9,78.59,414.47,51.16,94.75669502859478,81.62881874741784,692.1522472575518,86.2953079676946
2026-01-16,95550.94,95489.1299602572,90.22949542914056,23.16,83.23,421.29,54.24,94.39262465309552,81.58939881804568,689.7489062171802,86.16772477611264
2026-01-23,89600.26,89439.7718909994,90.27877961934657,24.18,77.92,458.0,50.7,94.41230413285224,81.63867372976088,687.3256204378845,86.2953079676946
2026-01-30,84260.49,84017.0340292227,90.33792064759378,24.43,73.02,444.95,47.49,94.40246439297388,81.7864984649065,690.0580496705061,85.51018063488262
2026-02-06,70580.26,70647.6982188778,90.40108412255928,24.01,60.96,455.46,39.68,94.8393935370654,81.90519048158535,688.7117797931195,86.24199905663731
2026-02-13,68853.96,68860.8411633548,90.47028880200568,23.88,59.89,462.62,38.97,95.96479073319588,82.1028858484248,679.8662880802167,88.38967506695795
2026-02-20,68020.01,67977.3092612507,90.51972071589596,24.6,59.01,468.62,38.42,95.84632787044532,82.033692470031,687.5250678271268,88.08427159760042
2026-02-27,65872.1,65864.1358170661,90.57903901256432,25.1,57.15,483.75,37.19,96.73479934107462,82.22150306852849,684.0945727321567,89.47336479693625
2026-03-06,68114.02,68226.7053927528,90.64155951326612,27.51,59.31,473.51,38.6,95.49173824378217,81.99688810132203,670.5221778942076,87.44073216498303
2026-03-13,70930.0,70930.0132793688,90.71094828367217,28.71,61.98,460.84,40.37,94.64028262025026,81.81848317133002,660.4600571069258,85.54285509334878
2026-03-20,70510.73,70510.4196797194,90.77042437259162,28.94,61.12,413.38,39.77,93.93733669849716,81.58060993134069,648.57,84.84103596790068
2026-03-27,66407.28,66214.1715134424,90.82990046151107,29.1,57.47,414.7,37.4,93.66011858851004,81.65990101133714,634.09,84.6532252160202
