asset,date,PriceUSD
btc,2018-01-01,13464.6536116306
btc,2018-01-02,14754.322204851
btc,2018-01-03,15010.2861595558
btc,2018-01-04,15070.3007986558
btc,2018-01-05,16997.2274079486
btc,2018-01-06,17103.589279661
btc,2018-01-07,16231.6949994155
btc,2018-01-08,14937.4150894214
btc,2018-01-09,14378.5862174167
btc,2018-01-10,14669.0882656341
btc,2018-01-11,13186.7549427236
btc,2018-01-12,13789.4436639392
btc,2018-01-13,14231.2250645821
btc,2018-01-14,13681.0654611338
btc,2018-01-15,13591.6961966686
btc,2018-01-16,11431.0401052016
btc,2018-01-17,11159.6085905903
btc,2018-01-18,11246.0397302747
btc,2018-01-19,11440.2555616598
btc,2018-01-20,12768.4045856224
btc,2018-01-21,11422.3942589129
btc,2018-01-22,10737.3505774401
btc,2018-01-23,10849.3918793103
btc,2018-01-24,11225.8961747516
btc,2018-01-25,11130.4649473992
btc,2018-01-26,11035.5546098773
btc,2018-01-27,11320.9701852718
btc,2018-01-28,11615.95871128
btc,2018-01-29,11132.5543138515
btc,2018-01-30,9959.54671537113
btc,2018-01-31,10050.0957971946
btc,2018-02-01,9039.86507510228
btc,2018-02-02,8786.0773798948
btc,2018-02-03,9132.10032232613
btc,2018-02-04,8250.52689596727
btc,2018-02-05,6849.54255932203
btc,2018-02-06,7738.64395967271
btc,2018-02-07,7624.59538953828
btc,2018-02-08,8218.58085184103
btc,2018-02-09,8660.45346785505
btc,2018-02-10,8530.29280479252
btc,2018-02-11,8096.72848129749
btc,2018-02-12,8907.67017913501
btc,2018-02-13,8523.96693191116
btc,2018-02-14,9467.3010327294
btc,2018-02-15,10106.7330835769
btc,2018-02-16,10189.3164833431
btc,2018-02-17,11085.5984143776
btc,2018-02-18,10452.0919772063
btc,2018-02-19,11139.3557305669
btc,2018-02-20,11245.9323179427
btc,2018-02-21,10458.8650888369
btc,2018-02-22,9878.15894272355
btc,2018-02-23,10159.0656125073
btc,2018-02-24,9686.60177995325
btc,2018-02-25,9603.22747749854
btc,2018-02-26,10312.3657130333
btc,2018-02-27,10654.1072948568
btc,2018-02-28,10307.0249663939
btc,2018-03-01,10923.6308617767
btc,2018-03-02,11014.0584672706
btc,2018-03-03,11425.6805654588
btc,2018-03-04,11462.5831975453
btc,2018-03-05,11540.6623205728
btc,2018-03-06,10677.0352308591
btc,2018-03-07,9903.0850490941
btc,2018-03-08,9330.47545295149
btc,2018-03-09,9278.13918439509
btc,2018-03-10,8786.56042314436
btc,2018-03-11,9513.53539976622
btc,2018-03-12,9147.89018059615
btc,2018-03-13,9160.54293278784
btc,2018-03-14,8222.12723904149
btc,2018-03-15,8268.58912244302
btc,2018-03-16,8376.90449824664
btc,2018-03-17,7881.66192051432
btc,2018-03-18,8189.01671917008
btc,2018-03-19,8537.0156233197
btc,2018-03-20,8895.54717913501
btc,2018-03-21,8879.5942565751
btc,2018-03-22,8710.66493512566
btc,2018-03-23,8771.74632349503
btc,2018-03-24,8610.9885163647
btc,2018-03-25,8440.61092255991
btc,2018-03-26,8171.18435447107
btc,2018-03-27,7837.26531940386
btc,2018-03-28,7933.64272969024
btc,2018-03-29,7108.5708132671
btc,2018-03-30,6832.14906633548
btc,2018-03-31,6922.2812969024
btc,2018-04-01,6804.52487931035
btc,2018-04-02,7033.25960958504
btc,2018-04-03,7420.80051548802
btc,2018-04-04,6780.54360140269
btc,2018-04-05,6798.42261659848
btc,2018-04-06,6610.49234979544
btc,2018-04-07,6886.46947194623
btc,2018-04-08,7009.99610432496
btc,2018-04-09,6736.89282378726
btc,2018-04-10,6816.71861542957
btc,2018-04-11,6944.78585710111
btc,2018-04-12,7904.33027527762
btc,2018-04-13,7919.06469462303
btc,2018-04-14,8006.41794330801
btc,2018-04-15,8342.27110140269
btc,2018-04-16,8046.98213354763
btc,2018-04-17,7887.73795791935
btc,2018-04-18,8162.83486177674
btc,2018-04-19,8272.96731589714
btc,2018-04-20,8839.5011320865
btc,2018-04-21,8863.54082904734
btc,2018-04-22,8800.95908708358
btc,2018-04-23,8930.78463354763
btc,2018-04-24,9652.21378872005
btc,2018-04-25,8855.50893658679
btc,2018-04-26,9264.72742694331
btc,2018-04-27,8981.33079018118
btc,2018-04-28,9341.82468468732
btc,2018-04-29,9396.99762974869
btc,2018-04-30,9228.7264836353
btc,2018-05-01,9072.16875745178
btc,2018-05-02,9204.12764056108
btc,2018-05-03,9750.70014640561
btc,2018-05-04,9696.64290999416
btc,2018-05-05,9795.92577206312
btc,2018-05-06,9595.08681940386
btc,2018-05-07,9339.5108471654
btc,2018-05-08,9212.36963471654
btc,2018-05-09,9293.04227352425
btc,2018-05-10,9037.53050905903
btc,2018-05-11,8419.75858737581
btc,2018-05-12,8485.77526680304
btc,2018-05-13,8695.83309380479
btc,2018-05-14,8671.07417475161
btc,2018-05-15,8488.463421391
btc,2018-05-16,8327.75620134424
btc,2018-05-17,8050.51623933372
btc,2018-05-18,8233.08645528931
btc,2018-05-19,8229.48293571011
btc,2018-05-20,8511.44883021625
btc,2018-05-21,8398.62312653419
btc,2018-05-22,8007.52653214495
btc,2018-05-23,7520.86767913501
btc,2018-05-24,7575.62448597312
btc,2018-05-25,7425.37567445938
btc,2018-05-26,7326.30318644068
btc,2018-05-27,7338.19304441847
btc,2018-05-28,7110.82388164816
btc,2018-05-29,7453.63372501461
btc,2018-05-30,7374.6690490941
btc,2018-05-31,7478.74186703682
btc,2018-06-01,7519.83573728814
btc,2018-06-02,7637.44825306838
btc,2018-06-03,7702.15793308007
btc,2018-06-04,7486.65319959088
btc,2018-06-05,7611.14985271771
btc,2018-06-06,7650.77580713033
btc,2018-06-07,7665.9478962595
btc,2018-06-08,7622.60233021625
btc,2018-06-09,7556.17169783752
btc,2018-06-10,6744.73580099357
btc,2018-06-11,6849.45268731736
btc,2018-06-12,6526.69968001169
btc,2018-06-13,6306.51316803039
btc,2018-06-14,6629.77012419638
btc,2018-06-15,6399.67404646406
btc,2018-06-16,6495.31530917592
btc,2018-06-17,6450.69397282291
btc,2018-06-18,6703.81258971362
btc,2018-06-19,6732.50880917592
btc,2018-06-20,6753.20682583285
btc,2018-06-21,6720.37323436587
btc,2018-06-22,6059.5758591467
btc,2018-06-23,6174.22577936879
btc,2018-06-24,6146.48719491526
btc,2018-06-25,6243.53544097019
btc,2018-06-26,6096.12876621859
btc,2018-06-27,6139.18968322618
btc,2018-06-28,5858.63577819988
btc,2018-06-29,6220.9137150789
btc,2018-06-30,6375.5412314436
btc,2018-07-01,6361.40253886616
btc,2018-07-02,6608.367157218
btc,2018-07-03,6498.3078591467
btc,2018-07-04,6579.33337638808
btc,2018-07-05,6535.29840268849
btc,2018-07-06,6598.45909585038
btc,2018-07-07,6737.85608036236
btc,2018-07-08,6704.91998012858
btc,2018-07-09,6664.02409351257
btc,2018-07-10,6309.08400409118
btc,2018-07-11,6377.97651139684
btc,2018-07-12,6159.46667621274
btc,2018-07-13,6208.98557188779
btc,2018-07-14,6255.11247866744
btc,2018-07-15,6347.60427381648
btc,2018-07-16,6710.80743746347
btc,2018-07-17,7320.59482787843
btc,2018-07-18,7376.03833927528
btc,2018-07-19,7467.0342980713
btc,2018-07-20,7327.25668293396
btc,2018-07-21,7410.56562039743
btc,2018-07-22,7399.48374693162
btc,2018-07-23,7716.15862741087
btc,2018-07-24,8397.61652162478
btc,2018-07-25,8202.72039538282
btc,2018-07-26,7913.93077819989
btc,2018-07-27,8173.7746113384
btc,2018-07-28,8190.36005669199
btc,2018-07-29,8229.60583869083
btc,2018-07-30,8171.83951928697
btc,2018-07-31,7725.13303594389
btc,2018-08-01,7596.6980119813
btc,2018-08-02,7542.69466189363
btc,2018-08-03,7411.34425014611
btc,2018-08-04,7002.2086528346
btc,2018-08-05,7031.58775102279
btc,2018-08-06,6929.99089421391
btc,2018-08-07,6722.57843278784
btc,2018-08-08,6267.3886735827
btc,2018-08-09,6558.09690794857
btc,2018-08-10,6135.75185856224
btc,2018-08-11,6313.74931180596
btc,2018-08-12,6314.69165575687
btc,2018-08-13,6265.84804383402
btc,2018-08-14,6184.82908562244
btc,2018-08-15,6270.21479865576
btc,2018-08-16,6290.7504552893
btc,2018-08-17,6563.07828872005
btc,2018-08-18,6399.28744681473
btc,2018-08-19,6490.71612711865
btc,2018-08-20,6272.95272881356
btc,2018-08-21,6473.07603945061
btc,2018-08-22,6365.00983167738
btc,2018-08-23,6516.40902542373
btc,2018-08-24,6697.73187872589
btc,2018-08-25,6745.43893921683
btc,2018-08-26,6689.86933313852
btc,2018-08-27,6839.15895236704
btc,2018-08-28,7092.97380829924
btc,2018-08-29,7033.42806808884
btc,2018-08-30,6966.96374371713
btc,2018-08-31,7025.14078024547
btc,2018-09-01,7192.35254734074
btc,2018-09-02,7286.66779105786
btc,2018-09-03,7257.47021391
btc,2018-09-04,7358.81147895967
btc,2018-09-05,6790.89732846289
btc,2018-09-06,6488.07593687902
btc,2018-09-07,6408.65362244301
btc,2018-09-08,6187.79050233781
btc,2018-09-09,6249.24631034483
btc,2018-09-10,6295.3886025716
btc,2018-09-11,6278.42463968439
btc,2018-09-12,6327.53636323787
btc,2018-09-13,6490.91231648159
btc,2018-09-14,6494.69547895967
btc,2018-09-15,6524.16566744594
btc,2018-09-16,6497.40470134424
btc,2018-09-17,6258.59487492694
btc,2018-09-18,6340.34779018118
btc,2018-09-19,6383.95187580362
btc,2018-09-20,6498.60711104617
btc,2018-09-21,6741.14289888954
btc,2018-09-22,6705.47605113969
btc,2018-09-23,6703.13684950321
btc,2018-09-24,6576.5450032145
btc,2018-09-25,6416.44402162478
btc,2018-09-26,6463.25040356517
btc,2018-09-27,6677.90048860316
btc,2018-09-28,6623.12615984804
btc,2018-09-29,6584.49914757452
btc,2018-09-30,6604.485028346
btc,2018-10-01,6561.81383226184
btc,2018-10-02,6508.72093863238
btc,2018-10-03,6464.45684365868
btc,2018-10-04,6545.28566773816
btc,2018-10-05,6585.14957977791
btc,2018-10-06,6550.47831589714
btc,2018-10-07,6564.56826008182
btc,2018-10-08,6604.68527410871
btc,2018-10-09,6590.42862215079
btc,2018-10-10,6529.10243600234
btc,2018-10-11,6159.25164260666
btc,2018-10-12,6191.67722326125
btc,2018-10-13,6197.68569637639
btc,2018-10-14,6182.87934424313
btc,2018-10-15,6442.71541408533
btc,2018-10-16,6461.93715926359
btc,2018-10-17,6442.73070017534
btc,2018-10-18,6396.47981209819
btc,2018-10-19,6383.07784015196
btc,2018-10-20,6408.25274634717
btc,2018-10-21,6415.34050292227
btc,2018-10-22,6408.03363559322
btc,2018-10-23,6395.98766686149
btc,2018-10-24,6413.80364114553
btc,2018-10-25,6402.3248591467
btc,2018-10-26,6404.10855230859
btc,2018-10-27,6409.40532758621
btc,2018-10-28,6406.63325306838
btc,2018-10-29,6263.0417346581
btc,2018-10-30,6272.16772822911
btc,2018-10-31,6306.31693132671
btc,2018-11-01,6342.97750058445
btc,2018-11-02,6348.16858270018
btc,2018-11-03,6332.43413296318
btc,2018-11-04,6420.42200029223
btc,2018-11-05,6402.94683898305
btc,2018-11-06,6441.14521887785
btc,2018-11-07,6500.86980508475
btc,2018-11-08,6406.75293746347
btc,2018-11-09,6331.37876709527
btc,2018-11-10,6353.11273407364
btc,2018-11-11,6335.41420397428
btc,2018-11-12,6320.65605376972
btc,2018-11-13,6267.9379912332
btc,2018-11-14,5574.25834891876
btc,2018-11-15,5538.56060783168
btc,2018-11-16,5496.01623115137
btc,2018-11-17,5501.09234044418
btc,2018-11-18,5555.3763383986
btc,2018-11-19,4792.20002367037
btc,2018-11-20,4317.53067007598
btc,2018-11-21,4549.32200993571
btc,2018-11-22,4303.61554850964
btc,2018-11-23,4289.89285330216
btc,2018-11-24,3806.31692489772
btc,2018-11-25,3946.85087434249
btc,2018-11-26,3700.28599269433
btc,2018-11-27,3776.55590531853
btc,2018-11-28,4208.47526914085
btc,2018-11-29,4239.03948831093
btc,2018-11-30,3973.33405230859
btc,2018-12-01,4148.07372559906
btc,2018-12-02,4098.74676388077
btc,2018-12-03,3843.9766659848
btc,2018-12-04,3892.95164699006
btc,2018-12-05,3709.52085827002
btc,2018-12-06,3511.96898158971
btc,2018-12-07,3372.99569257744
btc,2018-12-08,3407.95119462303
btc,2018-12-09,3540.43957597896
btc,2018-12-10,3413.59258416131
btc,2018-12-11,3352.56420017534
btc,2018-12-12,3423.01291788428
btc,2018-12-13,3260.34158240795
btc,2018-12-14,3198.94747369959
btc,2018-12-15,3185.07404383402
btc,2018-12-16,3195.41455523086
btc,2018-12-17,3499.15648188194
btc,2018-12-18,3659.52737931035
btc,2018-12-19,3697.72530333139
btc,2018-12-20,4067.73770777323
btc,2018-12-21,3839.08510841613
btc,2018-12-22,3964.94611630625
btc,2018-12-23,3942.66699590883
btc,2018-12-24,4040.04578959673
btc,2018-12-25,3761.58401081239
btc,2018-12-26,3807.65745353594
btc,2018-12-27,3585.46053594389
btc,2018-12-28,3881.05488486265
btc,2018-12-29,3823.13832612507
btc,2018-12-30,3825.4074628872
btc,2018-12-31,3687.19994009351
btc,2019-01-01,3808.11783167738
btc,2019-01-02,3898.1974880187
btc,2019-01-03,3784.38863471654
btc,2019-01-04,3827.52459438925
btc,2019-01-05,3798.61395499708
btc,2019-01-06,4045.99377498539
btc,2019-01-07,4001.01827819988
btc,2019-01-08,3992.6227893045
btc,2019-01-09,4004.25903565167
btc,2019-01-10,3627.90345002922
btc,2019-01-11,3624.16142109877
btc,2019-01-12,3617.02207831677
btc,2019-01-13,3508.6701081239
btc,2019-01-14,3666.94519374635
btc,2019-01-15,3581.29301548802
btc,2019-01-16,3606.98657568673
btc,2019-01-17,3640.12913062536
btc,2019-01-18,3609.42673611923
btc,2019-01-19,3687.30196113384
btc,2019-01-20,3538.31372296903
btc,2019-01-21,3535.623393045
btc,2019-01-22,3577.30834979544
btc,2019-01-23,3551.89382115722
btc,2019-01-24,3567.58893366452
btc,2019-01-25,3561.35049795441
btc,2019-01-26,3557.03991525424
btc,2019-01-27,3537.61413062536
btc,2019-01-28,3435.05251402689
btc,2019-01-29,3395.82376329632
btc,2019-01-30,3437.89586616014
btc,2019-01-31,3410.13161601403
btc,2019-02-01,3445.04989129164
btc,2019-02-02,3461.93511747516
btc,2019-02-03,3413.02161630625
btc,2019-02-04,3411.38796171829
btc,2019-02-05,3426.46501139684
btc,2019-02-06,3367.50636499123
btc,2019-02-07,3358.87359906487
btc,2019-02-08,3612.47961922852
btc,2019-02-09,3621.26812098188
btc,2019-02-10,3642.0223591467
btc,2019-02-11,3590.6184836353
btc,2019-02-12,3587.90246580947
btc,2019-02-13,3576.08537258913
btc,2019-02-14,3561.91638340152
btc,2019-02-15,3565.00692372881
btc,2019-02-16,3584.73600263004
btc,2019-02-17,3622.7574289889
btc,2019-02-18,3866.12921712449
btc,2019-02-19,3895.43521098773
btc,2019-02-20,3931.61382904734
btc,2019-02-21,3892.26179427236
btc,2019-02-22,3948.30051052016
btc,2019-02-23,4110.15112127411
btc,2019-02-24,3754.18378988895
btc,2019-02-25,3822.01869666861
btc,2019-02-26,3796.17506838106
btc,2019-02-27,3799.3819924021
btc,2019-02-28,3792.94772296902
btc,2019-03-01,3810.63269257744
btc,2019-03-02,3809.64339099942
btc,2019-03-03,3782.38187025132
btc,2019-03-04,3698.16185505552
btc,2019-03-05,3840.1280490941
btc,2019-03-06,3851.99842548218
btc,2019-03-07,3855.92316832262
btc,2019-03-08,3839.23355289304
btc,2019-03-09,3910.36116656926
btc,2019-03-10,3903.9119509059
btc,2019-03-11,3851.56892168323
btc,2019-03-12,3858.91482378726
btc,2019-03-13,3851.95746639392
btc,2019-03-14,3853.78326504968
btc,2019-03-15,3901.91420689655
btc,2019-03-16,3989.79607685564
btc,2019-03-17,3967.14349444769
btc,2019-03-18,3969.44014582116
btc,2019-03-19,3996.16790356517
btc,2019-03-20,4030.65527586207
btc,2019-03-21,3976.27385008767
btc,2019-03-22,3983.88764582116
btc,2019-03-23,3981.77603302163
btc,2019-03-24,3970.6669880187
btc,2019-03-25,3908.23883869082
btc,2019-03-26,3917.76340210403
btc,2019-03-27,4027.00791788428
btc,2019-03-28,4010.93746201052
btc,2019-03-29,4089.46104003507
btc,2019-03-30,4091.89103834015
btc,2019-03-31,4094.31781472823
btc,2019-04-01,4138.41780771479
btc,2019-04-02,4903.71946206897
btc,2019-04-03,4960.22760274693
btc,2019-04-04,4911.26970245471
btc,2019-04-05,5033.22548369375
btc,2019-04-06,5044.35684593805
btc,2019-04-07,5189.11195558153
btc,2019-04-08,5283.42302483928
btc,2019-04-09,5195.57790882525
btc,2019-04-10,5311.74160327294
btc,2019-04-11,5050.66600859147
btc,2019-04-12,5082.86143202805
btc,2019-04-13,5074.79069257744
btc,2019-04-14,5156.80404061952
btc,2019-04-15,5042.89773845704
btc,2019-04-16,5205.96295745178
btc,2019-04-17,5226.35221519579
btc,2019-04-18,5278.5023395675
btc,2019-04-19,5289.95121911163
btc,2019-04-20,5313.97326212741
btc,2019-04-21,5295.73382817066
btc,2019-04-22,5383.79997533606
btc,2019-04-23,5544.86271186441
btc,2019-04-24,5431.94791963764
btc,2019-04-25,5127.67316738749
btc,2019-04-26,5150.16466066628
btc,2019-04-27,5181.80776364699
btc,2019-04-28,5148.66961542957
btc,2019-04-29,5148.80049327878
btc,2019-04-30,5266.61820251315
btc,2019-05-01,5315.17532904734
btc,2019-05-02,5393.12937638808
btc,2019-05-03,5658.43038836938
btc,2019-05-04,5774.71242869667
btc,2019-05-05,5728.35170222092
btc,2019-05-06,5691.68837405026
btc,2019-05-07,5825.744893045
btc,2019-05-08,5931.8005949737
btc,2019-05-09,6150.14044476914
btc,2019-05-10,6357.46349357101
btc,2019-05-11,7325.08286031561
btc,2019-05-12,6942.62317451783
btc,2019-05-13,7798.90573600234
btc,2019-05-14,7955.5576823495
btc,2019-05-15,8215.2068383986
btc,2019-05-16,7862.07160233782
btc,2019-05-17,7326.92068188194
btc,2019-05-18,7277.98756341321
btc,2019-05-19,8219.74278696669
btc,2019-05-20,7981.13937895967
btc,2019-05-21,7983.80847738165
btc,2019-05-22,7667.90211484512
btc,2019-05-23,7897.4712936879
btc,2019-05-24,7987.10036762127
btc,2019-05-25,8061.59176072472
btc,2019-05-26,8731.52495587376
btc,2019-05-27,8816.78670835769
btc,2019-05-28,8719.12584833431
btc,2019-05-29,8655.48850613676
btc,2019-05-30,8271.62196317942
btc,2019-05-31,8556.222185564
btc,2019-06-01,8554.80732963179
btc,2019-06-02,8744.35374547049
btc,2019-06-03,8173.40127054354
btc,2019-06-04,7649.93933196961
btc,2019-06-05,7798.54446639392
btc,2019-06-06,7776.71332612507
btc,2019-06-07,8023.950093045
btc,2019-06-08,7939.80515488019
btc,2019-06-09,7634.06575073057
btc,2019-06-10,7993.30253857393
btc,2019-06-11,7922.48362711864
btc,2019-06-12,8146.75612507306
btc,2019-06-13,8232.77734137931
btc,2019-06-14,8698.00481502046
btc,2019-06-15,8850.58481601403
btc,2019-06-16,9019.51700672121
btc,2019-06-17,9340.57218877849
btc,2019-06-18,9047.13274447691
btc,2019-06-19,9285.05567656341
btc,2019-06-20,9546.71977819988
btc,2019-06-21,10083.4863136762
btc,2019-06-22,10685.2952327878
btc,2019-06-23,10794.4276963764
btc,2019-06-24,11004.2069094681
btc,2019-06-25,11726.2638308007
btc,2019-06-26,12863.4606849795
btc,2019-06-27,11109.7978418469
btc,2019-06-28,12358.2079582116
btc,2019-06-29,11944.3515473407
btc,2019-06-30,10842.6167109877
btc,2019-07-01,10569.5517282291
btc,2019-07-02,10766.0833162186
btc,2019-07-03,11952.0248935126
btc,2019-07-04,11177.0103787551
btc,2019-07-05,10998.3991004676
btc,2019-07-06,11208.225600526
btc,2019-07-07,11456.1836039158
btc,2019-07-08,12319.6228758036
btc,2019-07-09,12579.107616014
btc,2019-07-10,12106.7829313267
btc,2019-07-11,11294.678028346
btc,2019-07-12,11813.3237158971
btc,2019-07-13,11346.837148159
btc,2019-07-14,10283.0757891292
btc,2019-07-15,10926.3802741087
btc,2019-07-16,9471.14086475745
btc,2019-07-17,9674.88246113384
btc,2019-07-18,10679.8906896552
btc,2019-07-19,10532.2027291058
btc,2019-07-20,10862.6485479252
btc,2019-07-21,10589.7064907656
btc,2019-07-22,10318.5609251899
btc,2019-07-23,9866.64894038574
btc,2019-07-24,9792.78753652835
btc,2019-07-25,9897.18678603156
btc,2019-07-26,9836.69678813559
btc,2019-07-27,9446.67205207481
btc,2019-07-28,9529.78879193454
btc,2019-07-29,9504.15891595558
btc,2019-07-30,9589.10920601987
btc,2019-07-31,10059.0040189947
btc,2019-08-01,10400.3070143776
btc,2019-08-02,10529.6944544126
btc,2019-08-03,10810.4216686148
btc,2019-08-04,10986.5089291058
btc,2019-08-05,11790.0239375804
btc,2019-08-06,11423.4970017534
btc,2019-08-07,11967.2735473407
btc,2019-08-08,11938.2346108708
btc,2019-08-09,11858.3410984804
btc,2019-08-10,11303.7305618936
btc,2019-08-11,11530.195242256
btc,2019-08-12,11384.6962465809
btc,2019-08-13,10867.05475827
btc,2019-08-14,10024.3795917008
btc,2019-08-15,10310.0858696669
btc,2019-08-16,10373.3219028054
btc,2019-08-17,10207.1555616598
btc,2019-08-18,10331.3099760374
btc,2019-08-19,10884.6297744009
btc,2019-08-20,10771.3923793688
btc,2019-08-21,10096.8302238457
btc,2019-08-22,10119.7145248393
btc,2019-08-23,10414.1441725891
btc,2019-08-24,10147.0871548802
btc,2019-08-25,10100.3567783752
btc,2019-08-26,10362.6434723553
btc,2019-08-27,10168.221571654
btc,2019-08-28,9724.79997808299
btc,2019-08-29,9482.31173495032
btc,2019-08-30,9577.67882349503
btc,2019-08-31,9605.02446142607
btc,2019-09-01,9762.93655689655
btc,2019-09-02,10377.3383845704
btc,2019-09-03,10618.7815058445
btc,2019-09-04,10577.2410839275
btc,2019-09-05,10580.1846995909
btc,2019-09-06,10330.8497312098
btc,2019-09-07,10494.5069649328
btc,2019-09-08,10407.2656573933
btc,2019-09-09,10332.4644424313
btc,2019-09-10,10085.9519243133
btc,2019-09-11,10142.1480603741
btc,2019-09-12,10403.3599707773
btc,2019-09-13,10345.3387469316
btc,2019-09-14,10363.4528963179
btc,2019-09-15,10306.1696674459
btc,2019-09-16,10257.822761543
btc,2019-09-17,10195.6111811806
btc,2019-09-18,10161.3188664524
btc,2019-09-19,10268.3926291642
btc,2019-09-20,10170.1251161309
btc,2019-09-21,9986.4061081239
btc,2019-09-22,10047.0134748685
btc,2019-09-23,9692.74104792519
btc,2019-09-24,8613.67124850965
btc,2019-09-25,8424.15764640561
btc,2019-09-26,8091.69529924021
btc,2019-09-27,8186.77963927528
btc,2019-09-28,8201.97901344243
btc,2019-09-29,8064.50806236119
btc,2019-09-30,8282.3654541204
btc,2019-10-01,8314.55139012273
btc,2019-10-02,8362.53073232028
btc,2019-10-03,8254.33991028638
btc,2019-10-04,8165.68615125658
btc,2019-10-05,8141.63371379311
btc,2019-10-06,7854.60981297487
btc,2019-10-07,8226.02342928112
btc,2019-10-08,8190.1151207481
btc,2019-10-09,8598.3319207481
btc,2019-10-10,8578.09037931034
btc,2019-10-11,8289.85402893045
btc,2019-10-12,8323.7501440678
btc,2019-10-13,8291.25065143191
btc,2019-10-14,8346.36843658679
btc,2019-10-15,8160.71262752776
btc,2019-10-16,8003.85592314436
btc,2019-10-17,8072.48938229106
btc,2019-10-18,7959.33199357101
btc,2019-10-19,7948.47733722969
btc,2019-10-20,8213.70903927528
btc,2019-10-21,8211.65455873758
btc,2019-10-22,8029.20537288136
btc,2019-10-23,7458.03585680889
btc,2019-10-24,7454.37113816482
btc,2019-10-25,8656.65517755699
btc,2019-10-26,9249.64676095851
btc,2019-10-27,9558.15604400935
btc,2019-10-28,9319.17814167154
btc,2019-10-29,9431.20712390415
btc,2019-10-30,9182.85506516657
btc,2019-10-31,9155.27729877265
btc,2019-11-01,9251.38129345412
btc,2019-11-02,9300.19083752192
btc,2019-11-03,9209.63869608416
btc,2019-11-04,9418.36013062537
btc,2019-11-05,9330.78722296902
btc,2019-11-06,9354.93338229106
btc,2019-11-07,9210.74822238457
btc,2019-11-08,8791.33393495032
btc,2019-11-09,8810.78456195208
btc,2019-11-10,9042.89072320281
btc,2019-11-11,8713.20792957335
btc,2019-11-12,8788.95814295734
btc,2019-11-13,8766.72943050848
btc,2019-11-14,8645.43580362361
btc,2019-11-15,8465.87788854471
btc,2019-11-16,8477.69024284044
btc,2019-11-17,8505.16122326125
btc,2019-11-18,8183.53341350088
btc,2019-11-19,8116.82067258913
btc,2019-11-20,8076.55466008182
btc,2019-11-21,7612.2774880187
btc,2019-11-22,7277.52427323203
btc,2019-11-23,7324.83617855056
btc,2019-11-24,6943.38065604909
btc,2019-11-25,7139.04468597312
btc,2019-11-26,7165.43773027469
btc,2019-11-27,7526.86381654004
btc,2019-11-28,7436.3363817066
btc,2019-11-29,7747.73804208066
btc,2019-11-30,7556.19372121567
btc,2019-12-01,7417.72720601987
btc,2019-12-02,7318.31252180012
btc,2019-12-03,7306.44623331385
btc,2019-12-04,7215.02034482759
btc,2019-12-05,7404.0867949737
btc,2019-12-06,7534.2083559322
btc,2019-12-07,7512.06140263004
btc,2019-12-08,7528.94026943308
btc,2019-12-09,7340.22745908825
btc,2019-12-10,7232.09178375219
btc,2019-12-11,7200.46444599649
btc,2019-12-12,7192.84902425482
btc,2019-12-13,7244.90372004676
btc,2019-12-14,7071.10709029807
btc,2019-12-15,7111.28666995909
btc,2019-12-16,6882.39579532437
btc,2019-12-17,6608.96197983635
btc,2019-12-18,7284.6254836353
btc,2019-12-19,7146.16763763881
btc,2019-12-20,7184.21917206312
btc,2019-12-21,7140.29801127995
btc,2019-12-22,7479.40240789012
btc,2019-12-23,7321.7487238457
btc,2019-12-24,7235.62908381064
btc,2019-12-25,7191.17416569258
btc,2019-12-26,7194.63975832846
btc,2019-12-27,7237.15044728229
btc,2019-12-28,7306.64330829924
btc,2019-12-29,7391.578521391
btc,2019-12-30,7229.3971006429
btc,2019-12-31,7167.39505464641
btc,2020-01-01,7170.63186879018
btc,2020-01-02,6946.82526914085
btc,2020-01-03,7315.3093603156
btc,2020-01-04,7343.16419438925
btc,2020-01-05,7345.53069181765
btc,2020-01-06,7765.7977346581
btc,2020-01-07,8136.08684190532
btc,2020-01-08,8059.69952887201
btc,2020-01-09,7817.13609322034
btc,2020-01-10,8129.81791992987
btc,2020-01-11,8032.00549503215
btc,2020-01-12,8164.54999316189
btc,2020-01-13,8121.92566762127
btc,2020-01-14,8830.16787346581
btc,2020-01-15,8811.44820251315
btc,2020-01-16,8718.68699801286
btc,2020-01-17,8912.54190414962
btc,2020-01-18,8928.1807565751
btc,2020-01-19,8687.35483664524
btc,2020-01-20,8636.2587862069
btc,2020-01-21,8730.86756019871
btc,2020-01-22,8647.90047399182
btc,2020-01-23,8366.38461396844
btc,2020-01-24,8423.39095815313
btc,2020-01-25,8344.77456896552
btc,2020-01-26,8573.87480958504
btc,2020-01-27,8901.95928486265
btc,2020-01-28,9297.3883176505
btc,2020-01-29,9311.94754354179
btc,2020-01-30,9508.92096493279
btc,2020-01-31,9357.28478240795
btc,2020-02-01,9381.88602863822
btc,2020-02-02,9339.38706312098
btc,2020-02-03,9279.81252051432
btc,2020-02-04,9161.62719772063
btc,2020-02-05,9628.13677586207
btc,2020-02-06,9739.2804364699
btc,2020-02-07,9800.27939982466
btc,2020-02-08,9911.29340841613
btc,2020-02-09,10151.0832026885
btc,2020-02-10,9872.36187305669
btc,2020-02-11,10272.2225558738
btc,2020-02-12,10360.1352229106
btc,2020-02-13,10235.4973226184
btc,2020-02-14,10361.6156901812
btc,2020-02-15,9911.72432700175
btc,2020-02-16,9952.04661157218
btc,2020-02-17,9683.0796277031
btc,2020-02-18,10195.3037904734
btc,2020-02-19,9636.00229865576
btc,2020-02-20,9614.03012244302
btc,2020-02-21,9701.79750268849
btc,2020-02-22,9675.24905756868
btc,2020-02-23,9972.84242308591
btc,2020-02-24,9648.00788310929
btc,2020-02-25,9344.28714009351
btc,2020-02-26,8798.88894856809
btc,2020-02-27,8779.02948188194
btc,2020-02-28,8750.59344599649
btc,2020-02-29,8582.09029964933
btc,2020-03-01,8541.77389392169
btc,2020-03-02,8906.21475645821
btc,2020-03-03,8768.81061420222
btc,2020-03-04,8756.36957218001
btc,2020-03-05,9062.61580274693
btc,2020-03-06,9147.08505897136
btc,2020-03-07,8898.30695675044
btc,2020-03-08,8109.61454114553
btc,2020-03-09,7896.38531987142
btc,2020-03-10,7909.92787545295
btc,2020-03-11,7939.34133477499
btc,2020-03-12,4959.31341437756
btc,2020-03-13,5627.69238836938
btc,2020-03-14,5145.17250642899
btc,2020-03-15,5358.61066335476
btc,2020-03-16,5012.92738778492
btc,2020-03-17,5416.7547106955
btc,2020-03-18,5392.48783594389
btc,2020-03-19,6203.5516320865
btc,2020-03-20,6174.14947603741
btc,2020-03-21,6175.83102220924
btc,2020-03-22,5830.56097960257
btc,2020-03-23,6486.40865733489
btc,2020-03-24,6775.05761893629
btc,2020-03-25,6689.96901285798
btc,2020-03-26,6754.46033606078
btc,2020-03-27,6490.79541502046
btc,2020-03-28,6231.81989023963
btc,2020-03-29,5904.85758679135
btc,2020-03-30,6436.90570017534
btc,2020-03-31,6432.3832421391
btc,2020-04-01,6643.11000870836
btc,2020-04-02,6792.74222209234
btc,2020-04-03,6751.90255178258
btc,2020-04-04,6859.98916867329
btc,2020-04-05,6790.81247264758
btc,2020-04-06,7298.17374517826
btc,2020-04-07,7187.59333664524
btc,2020-04-08,7372.19476399766
btc,2020-04-09,7299.57918790181
btc,2020-04-10,6859.82267475161
btc,2020-04-11,6883.18222895967
btc,2020-04-12,6978.66628661601
btc,2020-04-13,6863.57553319696
btc,2020-04-14,6875.53850344828
btc,2020-04-15,6625.47577510228
btc,2020-04-16,7127.79228223261
btc,2020-04-17,7081.39519842197
btc,2020-04-18,7262.79234360023
btc,2020-04-19,7150.2442154588
btc,2020-04-20,6853.27341478667
btc,2020-04-21,6870.42369865576
btc,2020-04-22,7123.65691992987
btc,2020-04-23,7488.60516528346
btc,2020-04-24,7506.44331648159
btc,2020-04-25,7537.73820911748
btc,2020-04-26,7684.06852168322
btc,2020-04-27,7777.49151858562
btc,2020-04-28,7769.89969842197
btc,2020-04-29,8761.83716954997
btc,2020-04-30,8652.4109912332
btc,2020-05-01,8855.53525827002
btc,2020-05-02,8977.28170537697
btc,2020-05-03,8896.7956383986
btc,2020-05-04,8881.95430450029
btc,2020-05-05,8985.8795993571
btc,2020-05-06,9266.8130730567
btc,2020-05-07,9993.75317685564
btc,2020-05-08,9859.32360461718
btc,2020-05-09,9577.33892238457
btc,2020-05-10,8715.03329322034
btc,2020-05-11,8591.65288433665
btc,2020-05-12,8817.25068112215
btc,2020-05-13,9322.99720204559
btc,2020-05-14,9801.26948772647
btc,2020-05-15,9326.87585891292
btc,2020-05-16,9395.4753893045
btc,2020-05-17,9682.5324811806
btc,2020-05-18,9726.85002209235
btc,2020-05-19,9754.20146201052
btc,2020-05-20,9515.702550263
btc,2020-05-21,9068.80122933957
btc,2020-05-22,9161.81503389831
btc,2020-05-23,9183.66212507305
btc,2020-05-24,8806.23065715956
btc,2020-05-25,8909.19258153127
btc,2020-05-26,8835.13725336061
btc,2020-05-27,9169.05743921683
btc,2020-05-28,9568.26185300994
btc,2020-05-29,9432.41333343074
btc,2020-05-30,9691.68049117475
btc,2020-05-31,9433.94384663939
btc,2020-06-01,10199.1350542373
btc,2020-06-02,9512.34653302163
btc,2020-06-03,9642.27340035067
btc,2020-06-04,9813.36067913501
btc,2020-06-05,9641.8916225599
btc,2020-06-06,9668.67053857393
btc,2020-06-07,9747.58011104617
btc,2020-06-08,9769.34236148451
btc,2020-06-09,9779.42216566335
btc,2020-06-10,9888.44417469316
btc,2020-06-11,9277.45116931619
btc,2020-06-12,9456.16153331385
btc,2020-06-13,9461.33379865576
btc,2020-06-14,9342.955635301
btc,2020-06-15,9441.38321127995
btc,2020-06-16,9520.09194827586
btc,2020-06-17,9448.69356060783
btc,2020-06-18,9389.99076639392
btc,2020-06-19,9285.99158293396
btc,2020-06-20,9357.29246446522
btc,2020-06-21,9284.76937182934
btc,2020-06-22,9684.62018474576
btc,2020-06-23,9611.72599824664
btc,2020-06-24,9292.94354354179
btc,2020-06-25,9247.12143249561
btc,2020-06-26,9159.43777206312
btc,2020-06-27,9002.16561718293
btc,2020-06-28,9108.06567457627
btc,2020-06-29,9184.24736627703
btc,2020-06-30,9143.96758530099
btc,2020-07-01,9241.33961239041
btc,2020-07-02,9094.38728679135
btc,2020-07-03,9066.69069661017
btc,2020-07-04,9126.21955493863
btc,2020-07-05,9079.61401808884
btc,2020-07-06,9338.94259117475
btc,2020-07-07,9252.15873261251
btc,2020-07-08,9434.56795645821
btc,2020-07-09,9231.50234751607
btc,2020-07-10,9285.22101542957
btc,2020-07-11,9237.17100818235
btc,2020-07-12,9289.09797691408
btc,2020-07-13,9236.62250116891
btc,2020-07-14,9260.3569868498
btc,2020-07-15,9196.72555897136
btc,2020-07-16,9132.59231209818
btc,2020-07-17,9156.46870976037
btc,2020-07-18,9175.90530859147
btc,2020-07-19,9218.84231081239
btc,2020-07-20,9167.19056750439
btc,2020-07-21,9388.57434979544
btc,2020-07-22,9531.2574301578
btc,2020-07-23,9609.16671537113
btc,2020-07-24,9548.1007270602
btc,2020-07-25,9702.45279047341
btc,2020-07-26,9933.90655423729
btc,2020-07-27,11046.5083295149
btc,2020-07-28,10944.6129789012
btc,2020-07-29,11115.7712819988
btc,2020-07-30,11135.3907261835
btc,2020-07-31,11338.1973407949
btc,2020-08-01,11797.5821265342
btc,2020-08-02,11094.0206841321
btc,2020-08-03,11236.0956805377
btc,2020-08-04,11202.651909059
btc,2020-08-05,11721.4384715956
btc,2020-08-06,11769.3091081239
btc,2020-08-07,11598.9690585038
btc,2020-08-08,11743.0086350088
btc,2020-08-09,11680.5173661601
btc,2020-08-10,11870.3695447107
btc,2020-08-11,11392.6440884278
btc,2020-08-12,11575.5124736996
btc,2020-08-13,11773.4481155465
btc,2020-08-14,11774.4082518995
btc,2020-08-15,11866.9103613092
btc,2020-08-16,11899.6427535944
btc,2020-08-17,12315.7624166569
btc,2020-08-18,11992.6959962595
btc,2020-08-19,11736.8490645237
btc,2020-08-20,11867.5203439509
btc,2020-08-21,11524.6989491525
btc,2020-08-22,11682.2891503799
btc,2020-08-23,11665.6092735243
btc,2020-08-24,11771.4080537405
btc,2020-08-25,11358.4543202805
btc,2020-08-26,11472.0491204559
btc,2020-08-27,11314.6737410286
btc,2020-08-28,11527.8830322326
btc,2020-08-29,11490.7623477499
btc,2020-08-30,11698.9758329632
btc,2020-08-31,11678.3482268849
btc,2020-09-01,11970.364856166
btc,2020-09-02,11414.5209336645
btc,2020-09-03,10261.4944095266
btc,2020-09-04,10471.9664133255
btc,2020-09-05,10128.64358609
btc,2020-09-06,10253.2998980129
btc,2020-09-07,10367.8783543542
btc,2020-09-08,10108.6354501461
btc,2020-09-09,10223.1114091175
btc,2020-09-10,10334.6307302162
btc,2020-09-11,10387.0207419638
btc,2020-09-12,10436.9778322618
btc,2020-09-13,10322.5236148451
btc,2020-09-14,10662.719912332
btc,2020-09-15,10779.3810249562
btc,2020-09-16,10968.3205465809
btc,2020-09-17,10936.2927505552
btc,2020-09-18,10920.1128439509
btc,2020-09-19,11073.7795478083
btc,2020-09-20,10921.2180998247
btc,2020-09-21,10455.3799623027
btc,2020-09-22,10519.8391641146
btc,2020-09-23,10233.2995687317
btc,2020-09-24,10739.0427094097
btc,2020-09-25,10683.6305806546
btc,2020-09-26,10742.0304202221
btc,2020-09-27,10758.8242899474
btc,2020-09-28,10727.3750541204
btc,2020-09-29,10841.1427444769
btc,2020-09-30,10772.351766803
btc,2020-10-01,10606.6173325541
btc,2020-10-02,10570.1056777908
btc,2020-10-03,10555.7054339567
btc,2020-10-04,10665.618622443
btc,2020-10-05,10772.6355995909
btc,2020-10-06,10596.3735493863
btc,2020-10-07,10667.1943941555
btc,2020-10-08,10902.5293637054
btc,2020-10-09,11074.1036797779
btc,2020-10-10,11302.8542864407
btc,2020-10-11,11378.2625284629
btc,2020-10-12,11548.401556692
btc,2020-10-13,11434.9687849211
btc,2020-10-14,11417.10811391
btc,2020-10-15,11502.5812390415
btc,2020-10-16,11338.9871765634
btc,2020-10-17,11362.8022174167
btc,2020-10-18,11489.6225650497
btc,2020-10-19,11745.8119675628
btc,2020-10-20,11929.4572507306
btc,2020-10-21,12848.4906177674
btc,2020-10-22,12997.4993417884
btc,2020-10-23,12953.4296969608
btc,2020-10-24,13113.8669231444
btc,2020-10-25,13041.6410374635
btc,2020-10-26,13080.6561698422
btc,2020-10-27,13675.5239275278
btc,2020-10-28,13290.3288497954
btc,2020-10-29,13475.2173007013
btc,2020-10-30,13603.2960908825
btc,2020-10-31,13807.2336110462
btc,2020-11-01,13736.89941128
btc,2020-11-02,13595.5647603741
btc,2020-11-03,13996.915398597312
btc,2020-11-04,14129.148195499703
btc,2020-11-05,15606.46683372297
btc,2020-11-06,15618.972471361778
btc,2020-11-07,14866.356304500296
btc,2020-11-08,15500.000707188785
btc,2020-11-09,15319.819972530682
btc,2020-11-10,15319.27567621274
btc,2020-11-11,15731.241105786092
btc,2020-11-12,16289.814897720637
btc,2020-11-13,16330.06276797195
btc,2020-11-14,16102.010016949156
btc,2020-11-15,15986.7549905903
btc,2020-11-16,16743.05393980129
btc,2020-11-17,17682.16918702513
btc,2020-11-18,17804.690023962594
btc,2020-11-19,17818.668662185857
btc,2020-11-20,18663.78185312683
btc,2020-11-21,18706.58933541788
btc,2020-11-22,18482.692631735823
btc,2020-11-23,18373.2577597896
btc,2020-11-24,19150.251048509646
btc,2020-11-25,18748.393713033314
btc,2020-11-26,17113.716871420223
btc,2020-11-27,17101.603018059614
btc,2020-11-28,17745.377312448858
btc,2020-11-29,18190.866880420806
btc,2020-11-30,19664.407606662764
btc,2020-12-01,18820.60778959673
btc,2020-12-02,19214.872229047334
btc,2020-12-03,19470.31120806546
btc,2020-12-04,18732.967090999413
btc,2020-12-05,19114.633130917588
btc,2020-12-06,19356.3136767972
btc,2020-12-07,19182.176832846293
btc,2020-12-08,18340.97813769725
btc,2020-12-09,18574.69673524255
btc,2020-12-10,18294.84695149036
btc,2020-12-11,18061.760025716
btc,2020-12-12,18813.2837685564
btc,2020-12-13,19156.0825055523
btc,2020-12-14,19286.7512992402
btc,2020-12-15,19432.5884640561
btc,2020-12-16,21370.7203186441
btc,2020-12-17,22789.2674160725
btc,2020-12-18,23048.7645610754
btc,2020-12-19,23856.7735192285
btc,2020-12-20,23528.5506135593
btc,2020-12-21,22937.4183435418
btc,2020-12-22,23756.8887685564
btc,2020-12-23,23307.2709018118
btc,2020-12-24,23707.6330440678
btc,2020-12-25,24669.1643220339
btc,2020-12-26,26478.0681052016
btc,2020-12-27,26430.8565971946
btc,2020-12-28,27039.3490199883
btc,2020-12-29,27231.2034552893
btc,2020-12-30,28844.6136781999
btc,2020-12-31,29022.6714126242
btc,2021-01-01,29380.6937327878
btc,2021-01-02,32022.6810578609
btc,2021-01-03,33277.8353050848
btc,2021-01-04,31802.1467136178
btc,2021-01-05,34013.1741724138
btc,2021-01-06,36643.2777223846
btc,2021-01-07,39215.6511490356
btc,2021-01-08,40775.4045634132
btc,2021-01-09,40370.6823495032
btc,2021-01-10,38329.3401665693
btc,2021-01-11,35269.5137177089
btc,2021-01-12,33712.4685452952
btc,2021-01-13,37296.5475277615
btc,2021-01-14,39045.518340152
btc,2021-01-15,36710.3174248977
btc,2021-01-16,36177.2610970193
btc,2021-01-17,36069.939466803
btc,2021-01-18,36594.2964018118
btc,2021-01-19,36250.1461893629
btc,2021-01-20,35515.480012858
btc,2021-01-21,31022.9510280538
btc,2021-01-22,32986.4357568673
btc,2021-01-23,32036.2822723553
btc,2021-01-24,32216.1042904734
btc,2021-01-25,32419.7059462303
btc,2021-01-26,32640.6391426067
btc,2021-01-27,30358.9347235535
btc,2021-01-28,33511.287595149
btc,2021-01-29,34166.1494259497
btc,2021-01-30,34349.9170952659
btc,2021-01-31,33157.8325745178
btc,2021-02-01,33570.2718468732
btc,2021-02-02,35596.1489094097
btc,2021-02-03,37578.3732068966
btc,2021-02-04,37129.2029376972
btc,2021-02-05,38045.4136084161
btc,2021-02-06,39341.727081239
btc,2021-02-07,39003.0121817651
btc,2021-02-08,46121.9340724722
btc,2021-02-09,46548.1619912332
btc,2021-02-10,45078.128350263
btc,2021-02-11,47892.8409181765
btc,2021-02-12,47525.2091431911
btc,2021-02-13,47208.6250270602
btc,2021-02-14,48829.8275096435
btc,2021-02-15,48110.2417334892
btc,2021-02-16,49140.3826578024
btc,2021-02-17,52224.9391139684
btc,2021-02-18,51650.0699485681
btc,2021-02-19,55820.5044038574
btc,2021-02-20,55861.8205670953
btc,2021-02-21,57500.7161102864
btc,2021-02-22,53952.1533386324
btc,2021-02-23,48560.4890350672
btc,2021-02-24,49567.3456890707
btc,2021-02-25,47568.131170076
btc,2021-02-26,46231.7675784921
btc,2021-02-27,45834.5133611923
btc,2021-02-28,45359.4641642314
btc,2021-03-01,49634.4471092928
btc,2021-03-02,48304.7054879018
btc,2021-03-03,50690.4671835184
btc,2021-03-04,48472.7954751607
btc,2021-03-05,48800.8173594389
btc,2021-03-06,48970.5244868498
btc,2021-03-07,51086.4681794272
btc,2021-03-08,52088.475131502
btc,2021-03-09,54739.1352542373
btc,2021-03-10,56116.040912332
btc,2021-03-11,57847.2549357101
btc,2021-03-12,57334.641534775
btc,2021-03-13,61288.7941276447
btc,2021-03-14,59905.6184704851
btc,2021-03-15,56121.121924021
btc,2021-03-16,56500.4460257159
btc,2021-03-17,58683.0659824664
btc,2021-03-18,57731.4798410871
btc,2021-03-19,58168.1219222677
btc,2021-03-20,58247.8847066043
btc,2021-03-21,57447.9330198714
btc,2021-03-22,54453.1373508475
btc,2021-03-23,54563.6119458211
btc,2021-03-24,52595.4113237873
btc,2021-03-25,51547.1248953828
btc,2021-03-26,54817.8571122151
btc,2021-03-27,56019.8373055523
btc,2021-03-28,55713.0381396844
btc,2021-03-29,57571.2333477498
btc,2021-03-30,58684.5483921683
btc,2021-03-31,58792.1948275862
btc,2021-04-01,58818.9770985973
btc,2021-04-02,59031.5340192285
btc,2021-04-03,57282.3896247808
btc,2021-04-04,58202.199391993
btc,2021-04-05,58755.8525295149
btc,2021-04-06,58084.0664231444
btc,2021-04-07,56266.8346762127
btc,2021-04-08,57963.3445994155
btc,2021-04-09,58051.7625563998
btc,2021-04-10,59651.5589877265
btc,2021-04-11,59932.9306469901
btc,2021-04-12,59905.9363744594
btc,2021-04-13,63445.638314436
btc,2021-04-14,62869.4955873758
btc,2021-04-15,63231.162987142
btc,2021-04-16,61571.1100905903
btc,2021-04-17,60280.8761758036
btc,2021-04-18,56389.5579812975
btc,2021-04-19,55798.1370771479
btc,2021-04-20,56474.3737586207
btc,2021-04-21,54025.7995745178
btc,2021-04-22,51882.0598106371
btc,2021-04-23,50954.9100607832
btc,2021-04-24,50279.9484464056
btc,2021-04-25,48946.9407428404
btc,2021-04-26,53943.3499783752
btc,2021-04-27,55027.0309848042
btc,2021-04-28,54787.3787071888
btc,2021-04-29,53567.0811938048
btc,2021-04-30,57741.44441654
btc,2021-05-01,57863.5903927528
btc,2021-05-02,56572.5968410286
btc,2021-05-03,57243.0416054939
btc,2021-05-04,53724.10892519
btc,2021-05-05,57342.0256616014
btc,2021-05-06,56527.3529789597
btc,2021-05-07,57341.0684549386
btc,2021-05-08,58736.1258950906
btc,2021-05-09,58288.4256303916
btc,2021-05-10,55902.9277399182
btc,2021-05-11,56612.1026487434
btc,2021-05-12,50972.355081239
btc,2021-05-13,49368.6144739918
btc,2021-05-14,49997.3959011105
btc,2021-05-15,47047.9633331385
btc,2021-05-16,46022.5037090006
btc,2021-05-17,43492.3954833431
btc,2021-05-18,42789.8093921683
btc,2021-05-19,37642.5200017534
btc,2021-05-20,40799.4021475745
btc,2021-05-21,37174.3311014027
btc,2021-05-22,37643.4197983635
btc,2021-05-23,34774.207221917
btc,2021-05-24,38630.4091186441
btc,2021-05-25,38269.7710747516
btc,2021-05-26,39194.8588980129
btc,2021-05-27,38510.8570417884
btc,2021-05-28,35596.7179510228
btc,2021-05-29,34681.8183670368
btc,2021-05-30,35652.1687703098
btc,2021-05-31,37312.9748970193
btc,2021-06-01,36661.3781184687
btc,2021-06-02,37639.4556732905
btc,2021-06-03,39160.1504132086
btc,2021-06-04,36884.3735551724
btc,2021-06-05,35409.5672366452
btc,2021-06-06,35720.6043546464
btc,2021-06-07,33724.9077517826
btc,2021-06-08,33475.0489234366
btc,2021-06-09,37372.9888953828
btc,2021-06-10,36826.0022185856
btc,2021-06-11,37185.3931268264
btc,2021-06-12,35669.1712817066
btc,2021-06-13,38925.4194289889
btc,2021-06-14,40455.5959833431
btc,2021-06-15,40254.6514679135
btc,2021-06-16,38265.5437726476
btc,2021-06-17,38018.6432346581
btc,2021-06-18,35714.3120787259
btc,2021-06-19,35555.9763966686
btc,2021-06-20,35599.9418784337
btc,2021-06-21,31715.1598624196
btc,2021-06-22,32394.5555949737
btc,2021-06-23,33610.4968129749
btc,2021-06-24,34658.972875979
btc,2021-06-25,31683.5032004676
btc,2021-06-26,31890.6764465225
btc,2021-06-27,34506.4911975453
btc,2021-06-28,34376.188538983
btc,2021-06-29,35933.7782178843
btc,2021-06-30,35065.4661533606
btc,2021-07-01,33505.0804935126
btc,2021-07-02,33782.9459464641
btc,2021-07-03,34588.2242916423
btc,2021-07-04,35355.6078883694
btc,2021-07-05,33911.7538404442
btc,2021-07-06,34123.9815680888
btc,2021-07-07,33931.6186382233
btc,2021-07-08,32819.6595312098
btc,2021-07-09,33914.8810742256
btc,2021-07-10,33610.9458386908
btc,2021-07-11,34258.4413898305
btc,2021-07-12,33135.2359117475
btc,2021-07-13,32641.9759610169
btc,2021-07-14,32798.2845189947
btc,2021-07-15,31707.6900368206
btc,2021-07-16,31455.7175818819
btc,2021-07-17,31547.9511990064
btc,2021-07-18,31707.7038527177
btc,2021-07-19,30883.4697462303
btc,2021-07-20,29766.6577182934
btc,2021-07-21,32119.6572258328
btc,2021-07-22,32306.9614285798
btc,2021-07-23,33439.5957028638
btc,2021-07-24,34166.914654588
btc,2021-07-25,35119.9374360023
btc,2021-07-26,37444.7825102279
btc,2021-07-27,39126.5402881356
btc,2021-07-28,39939.1940432495
btc,2021-07-29,40086.1643950906
btc,2021-07-30,41789.6670981882
btc,2021-07-31,41793.3137481005
btc,2021-08-01,39968.9689544126
btc,2021-08-02,39304.1862835769
btc,2021-08-03,38288.8253975453
btc,2021-08-04,39773.9113489188
btc,2021-08-05,40941.650434249
btc,2021-08-06,42790.3573284629
btc,2021-08-07,44484.9005862069
btc,2021-08-08,43972.3010181181
btc,2021-08-09,46265.6424564582
btc,2021-08-10,45488.7912624196
btc,2021-08-11,45676.3263611923
btc,2021-08-12,44405.7483483343
btc,2021-08-13,47717.4853559322
btc,2021-08-14,47124.2050736411
btc,2021-08-15,47074.370710111
btc,2021-08-16,45984.7199070719
btc,2021-08-17,44714.0967982466
btc,2021-08-18,44954.3637469316
btc,2021-08-19,46646.8615049679
btc,2021-08-20,49240.8356049094
btc,2021-08-21,49070.2409701929
btc,2021-08-22,49363.3160952659
btc,2021-08-23,49590.8763676213
btc,2021-08-24,47925.8622127411
btc,2021-08-25,49002.3166049094
btc,2021-08-26,47190.3449929866
btc,2021-08-27,49048.4755891292
btc,2021-08-28,48852.4687995324
btc,2021-08-29,48948.3479579193
btc,2021-08-30,47125.7685189947
btc,2021-08-31,47219.2443424898
btc,2021-09-01,48688.5375572764
btc,2021-09-02,49369.5862746932
btc,2021-09-03,49860.5341635301
btc,2021-09-04,49919.577563647
btc,2021-09-05,51747.6438565167
btc,2021-09-06,52640.5883740503
btc,2021-09-07,46854.4006028638
btc,2021-09-08,46187.9757306254
btc,2021-09-09,46448.7748290473
btc,2021-09-10,44765.2755762712
btc,2021-09-11,45098.5916447691
btc,2021-09-12,46180.6124563998
btc,2021-09-13,44991.5221277031
btc,2021-09-14,47022.6177597896
btc,2021-09-15,48167.1893676213
btc,2021-09-16,47797.3283237873
btc,2021-09-17,47213.7941294565
btc,2021-09-18,48204.0136519579
btc,2021-09-19,47218.4739964933
btc,2021-09-20,42855.5103448276
btc,2021-09-21,40526.4893760958
btc,2021-09-22,43577.5724821742
btc,2021-09-23,44861.2980329047
btc,2021-09-24,42803.307701052
btc,2021-09-25,42735.2658240795
btc,2021-09-26,43131.2941773816
btc,2021-09-27,42496.7852250146
btc,2021-09-28,41223.7862743425
btc,2021-09-29,41453.9470131502
btc,2021-09-30,43781.546015488
btc,2021-10-01,48078.1315543542
btc,2021-10-02,47792.4391943308
btc,2021-10-03,48202.6229177089
btc,2021-10-04,49288.5013106371
btc,2021-10-05,51558.0493319112
btc,2021-10-06,55419.800411163
btc,2021-10-07,53805.1569125658
btc,2021-10-08,53933.5275908825
btc,2021-10-09,55010.9224751607
btc,2021-10-10,54701.2797022209
btc,2021-10-11,57289.1864570426
btc,2021-10-12,56196.1812597896
btc,2021-10-13,57348.8928769725
btc,2021-10-14,57384.0369146698
btc,2021-10-15,61446.0840073057
btc,2021-10-16,60932.0632119228
btc,2021-10-17,61462.2223722969
btc,2021-10-18,61977.0575514319
btc,2021-10-19,64290.8977574518
btc,2021-10-20,66061.7965639977
btc,2021-10-21,62373.8856206897
btc,2021-10-22,60750.9673718293
btc,2021-10-23,61250.082628872
btc,2021-10-24,60865.4470523086
btc,2021-10-25,63031.6729015196
btc,2021-10-26,60393.9802738165
btc,2021-10-27,58563.3359899766
btc,2021-10-28,60564.5721122151
btc,2021-10-29,62230.8055689655
btc,2021-10-30,61742.9165321449
btc,2021-10-31,61432.9700628287
btc,2021-11-01,61092.0950592051
btc,2021-11-02,63024.7472296902
btc,2021-11-03,62955.9817630041
btc,2021-11-04,61393.8899780246
btc,2021-11-05,61005.840833723
btc,2021-11-06,61455.0536268849
btc,2021-11-07,63043.8290590298
btc,2021-11-08,67541.7555081824
btc,2021-11-09,67095.5856706605
btc,2021-11-10,64756.0779689071
btc,2021-11-11,64962.9312939801
btc,2021-11-12,64078.968037405
btc,2021-11-13,64397.7912063121
btc,2021-11-14,65032.2256548217
btc,2021-11-15,63753.5031592636
btc,2021-11-16,60322.4978530099
btc,2021-11-17,60154.3083661601
btc,2021-11-18,56794.1556271186
btc,2021-11-19,58014.0729888954
btc,2021-11-20,59749.4738229106
btc,2021-11-21,59032.6241017534
btc,2021-11-22,56383.5658760958
btc,2021-11-23,57642.2657980713
btc,2021-11-24,57141.8303784337
btc,2021-11-25,59008.6554792519
btc,2021-11-26,53800.6178389831
btc,2021-11-27,54635.8824628872
btc,2021-11-28,57248.5696963764
btc,2021-11-29,57920.7107299825
btc,2021-11-30,57097.0127942724
btc,2021-12-01,57180.6098439509
btc,2021-12-02,56582.8937691408
btc,2021-12-03,53671.6160680888
btc,2021-12-04,49159.7357983635
btc,2021-12-05,49327.0935999416
btc,2021-12-06,50535.4252232612
btc,2021-12-07,50574.4728344828
btc,2021-12-08,50500.6543513735
btc,2021-12-09,47937.8228458212
btc,2021-12-10,47437.2289725307
btc,2021-12-11,49321.7693252484
btc,2021-12-12,50136.5722568673
btc,2021-12-13,46785.3278410286
btc,2021-12-14,48292.6822501461
btc,2021-12-15,48830.6223860316
btc,2021-12-16,47663.4691077148
btc,2021-12-17,46334.4837489772
btc,2021-12-18,46904.8736753361
btc,2021-12-19,46876.426924021
btc,2021-12-20,46954.7634783168
btc,2021-12-21,49082.0624666277
btc,2021-12-22,48692.0987391584
btc,2021-12-23,50712.9707682642
btc,2021-12-24,50783.8344210988
btc,2021-12-25,50590.4508976622
btc,2021-12-26,50798.3065859147
btc,2021-12-27,50796.3776735827
btc,2021-12-28,47673.0440452367
btc,2021-12-29,46470.3215751023
btc,2021-12-30,47102.4630037989
btc,2021-12-31,46355.1173302747
btc,2022-01-01,47560.0093816482
btc,2022-01-02,47352.5577565751
btc,2022-01-03,46453.432351841
btc,2022-01-04,45905.9611221508
btc,2022-01-05,43530.9440388662
btc,2022-01-06,43144.9652928112
btc,2022-01-07,41512.7845808299
btc,2022-01-08,41799.8128848627
btc,2022-01-09,41886.4985569842
btc,2022-01-10,41816.9510561075
btc,2022-01-11,42768.1786116306
btc,2022-01-12,43961.0265441262
btc,2022-01-13,42626.8653924605
btc,2022-01-14,43102.6476180596
btc,2022-01-15,43206.6744812975
btc,2022-01-16,43168.8596671537
btc,2022-01-17,42211.270399474
btc,2022-01-18,42431.2319670368
btc,2022-01-19,41787.722012858
btc,2022-01-20,40756.1261630625
btc,2022-01-21,36492.2872241379
btc,2022-01-22,34996.390965225
btc,2022-01-23,36271.0502650497
btc,2022-01-24,36659.7252206312
btc,2022-01-25,36952.586773232
btc,2022-01-26,36825.8245993571
btc,2022-01-27,37021.9371332554
btc,2022-01-28,37768.8474836353
btc,2022-01-29,38088.2912279953
btc,2022-01-30,37983.5063845704
btc,2022-01-31,38462.6724029807
btc,2022-02-01,38787.9640824079
btc,2022-02-02,36942.3307493279
btc,2022-02-03,37057.6521879018
btc,2022-02-04,41079.9060881356
btc,2022-02-05,41508.5816925774
btc,2022-02-06,42358.2251732905
btc,2022-02-07,43888.980119813
btc,2022-02-08,44167.4447945646
btc,2022-02-09,44405.0732042665
btc,2022-02-10,43614.3426960842
btc,2022-02-11,42357.3217416715
btc,2022-02-12,42173.4593962595
btc,2022-02-13,42195.5947451782
btc,2022-02-14,42646.1618590883
btc,2022-02-15,44511.9084880187
btc,2022-02-16,44065.7092673875
btc,2022-02-17,40610.024261543
btc,2022-02-18,40044.2204856809
btc,2022-02-19,40095.887329398
btc,2022-02-20,38551.6224967855
btc,2022-02-21,37098.0360081824
btc,2022-02-22,38202.5940818235
btc,2022-02-23,37308.2687344243
btc,2022-02-24,38283.790402104
btc,2022-02-25,39323.7702158387
btc,2022-02-26,39056.5781523086
btc,2022-02-27,37664.7792828755
btc,2022-02-28,43179.2545140269
btc,2022-03-01,44334.457582408
btc,2022-03-02,43984.584926768
btc,2022-03-03,42492.7744552893
btc,2022-03-04,39106.4052159556
btc,2022-03-05,39383.8848433665
btc,2022-03-06,38399.3426268264
btc,2022-03-07,38146.734273232
btc,2022-03-08,38725.477261543
btc,2022-03-09,41989.4028179427
btc,2022-03-10,39482.2584672706
btc,2022-03-11,38825.3644214494
btc,2022-03-12,38951.1300157802
btc,2022-03-13,37808.3174004091
btc,2022-03-14,39649.0453243717
btc,2022-03-15,39356.8139000584
btc,2022-03-16,41101.768579135
btc,2022-03-17,40966.4169324956
btc,2022-03-18,41826.1160710111
btc,2022-03-19,42193.1615362361
btc,2022-03-20,41294.7235129164
btc,2022-03-21,41064.429648159
btc,2022-03-22,42383.169518761
btc,2022-03-23,42734.2000355932
btc,2022-03-24,43974.5935882525
btc,2022-03-25,44347.034279661
btc,2022-03-26,44519.9268641145
btc,2022-03-27,46777.2056265342
btc,2022-03-28,47223.6528860316
btc,2022-03-29,47463.7096770894
btc,2022-03-30,47123.2971478667
btc,2022-03-31,45562.2106665693
btc,2022-04-01,46250.3362878434
btc,2022-04-02,45939.8973489188
btc,2022-04-03,46440.5438538866
btc,2022-04-04,46663.0041770894
btc,2022-04-05,45693.0350619521
btc,2022-04-06,43304.9371990064
btc,2022-04-07,43569.0471697837
btc,2022-04-08,42222.0689772063
btc,2022-04-09,42680.9947355932
btc,2022-04-10,42264.4633909994
btc,2022-04-11,39544.0251835184
btc,2022-04-12,40096.3669748685
btc,2022-04-13,41152.7554517826
btc,2022-04-14,39916.4963842782
btc,2022-04-15,40527.3319567504
btc,2022-04-16,40439.5881209819
btc,2022-04-17,39704.7839798364
btc,2022-04-18,40818.8786025716
btc,2022-04-19,41489.6638011689
btc,2022-04-20,41395.64458346
btc,2022-04-21,40457.4959418469
btc,2022-04-22,39737.9735040912
btc,2022-04-23,39582.4548720047
btc,2022-04-24,39511.6456928697
btc,2022-04-25,40473.7483176505
btc,2022-04-26,38072.800873758
btc,2022-04-27,39218.5376174752
btc,2022-04-28,39747.9894270018
btc,2022-04-29,38609.5059070719
btc,2022-04-30,37714.0949804208
btc,2022-05-01,38459.226979135
btc,2022-05-02,38566.0628877849
btc,2022-05-03,37704.4053153127
btc,2022-05-04,39641.852176505
btc,2022-05-05,36502.0245601403
btc,2022-05-06,36042.9995584453
btc,2022-05-07,35508.7110227937
btc,2022-05-08,34058.9066861484
btc,2022-05-09,30457.9218194039
btc,2022-05-10,30990.7351659848
btc,2022-05-11,28796.5568217417
btc,2022-05-12,29030.7070417884
btc,2022-05-13,29285.9346718293
btc,2022-05-14,30051.935755114
btc,2022-05-15,31182.6212460549
btc,2022-05-16,29889.6124757452
btc,2022-05-17,30438.1944476914
btc,2022-05-18,28771.2204786675
btc,2022-05-19,30257.8852483928
btc,2022-05-20,29224.245998422
btc,2022-05-21,29420.0782857978
btc,2022-05-22,30331.87514173
btc,2022-05-23,29088.2515419638
btc,2022-05-24,29643.6837556984
btc,2022-05-25,29577.259880187
btc,2022-05-26,29332.4860467563
btc,2022-05-27,28612.0413103448
btc,2022-05-28,29045.5206344243
btc,2022-05-29,29430.0689800117
btc,2022-05-30,31735.9549719462
btc,2022-05-31,31831.4095251315
btc,2022-06-01,29825.9221992987
btc,2022-06-02,30504.2679997078
btc,2022-06-03,29662.6709708942
btc,2022-06-04,29792.4076779077
btc,2022-06-05,29915.4093009936
btc,2022-06-06,31333.6770197545
btc,2022-06-07,31175.0324289889
btc,2022-06-08,30228.464698422
btc,2022-06-09,30064.4855289305
btc,2022-06-10,29070.4000300994
btc,2022-06-11,28360.7899231444
btc,2022-06-12,26830.2839456458
btc,2022-06-13,22316.2570400351
btc,2022-06-14,22072.8663085915
btc,2022-06-15,22520.7910087668
btc,2022-06-16,20310.1769848042
btc,2022-06-17,20464.9290873174
btc,2022-06-18,19013.8672536528
btc,2022-06-19,20492.2951683226
btc,2022-06-20,20571.6292247224
btc,2022-06-21,20688.4651312098
btc,2022-06-22,20003.1683375219
btc,2022-06-23,21097.1028331385
btc,2022-06-24,21299.0769853887
btc,2022-06-25,21468.3431566335
btc,2022-06-26,21066.6209430158
btc,2022-06-27,20751.0516960842
btc,2022-06-28,20263.2196393922
btc,2022-06-29,20080.9480864991
btc,2022-06-30,19332.9121294565
btc,2022-07-01,19341.8631240795
btc,2022-07-02,19231.8317083577
btc,2022-07-03,19276.5146639392
btc,2022-07-04,20226.2984745763
btc,2022-07-05,20193.3427938048
btc,2022-07-06,20560.8438126826
btc,2022-07-07,21651.4191423144
btc,2022-07-08,21813.7871239042
btc,2022-07-09,21585.1321922852
btc,2022-07-10,20831.2733915839
btc,2022-07-11,19971.3294704851
btc,2022-07-12,19339.1534734074
btc,2022-07-13,20155.5278386908
btc,2022-07-14,20552.8990289304
btc,2022-07-15,20831.722700526
btc,2022-07-16,21196.5091428989
btc,2022-07-17,20827.8886085915
btc,2022-07-18,22305.7066428989
btc,2022-07-19,23371.2026601403
btc,2022-07-20,23280.9356680304
btc,2022-07-21,23152.4093112215
btc,2022-07-22,22706.0835554646
btc,2022-07-23,22484.4592317358
btc,2022-07-24,22653.3570260082
btc,2022-07-25,21510.1255874342
btc,2022-07-26,21181.6591967855
btc,2022-07-27,22898.4150683226
btc,2022-07-28,23838.5568838691
btc,2022-07-29,23950.7403798948
btc,2022-07-30,23623.4349611338
btc,2022-07-31,23356.1722215079
btc,2022-08-01,23331.4426969608
btc,2022-08-02,23031.4268834015
btc,2022-08-03,22809.7474418469
btc,2022-08-04,22628.3320821157
btc,2022-08-05,23248.9715023378
btc,2022-08-06,22996.2750452952
btc,2022-08-07,23153.6584713618
btc,2022-08-08,23803.6505154296
btc,2022-08-09,23186.2917464641
btc,2022-08-10,23923.0584830508
btc,2022-08-11,23934.4390561075
btc,2022-08-12,24396.3088462887
btc,2022-08-13,24426.2225748101
btc,2022-08-14,24314.2021315021
btc,2022-08-15,24083.9539748685
btc,2022-08-16,23868.8193530099
btc,2022-08-17,23336.3489310345
btc,2022-08-18,23221.1706028638
btc,2022-08-19,20906.7663141438
btc,2022-08-20,21146.6548021625
btc,2022-08-21,21553.9961717125
btc,2022-08-22,21301.0840581531
btc,2022-08-23,21534.5143521333
btc,2022-08-24,21424.9728232028
btc,2022-08-25,21587.8395844535
btc,2022-08-26,20246.1655733489
btc,2022-08-27,20043.9909485681
btc,2022-08-28,19673.5412188778
btc,2022-08-29,20270.960383986
btc,2022-08-30,19825.4632066043
btc,2022-08-31,20024.6716059614
btc,2022-09-01,20105.4626072472
btc,2022-09-02,19948.8567472823
btc,2022-09-03,19803.8332697253
btc,2022-09-04,19961.9118907072
btc,2022-09-05,19797.7967884278
btc,2022-09-06,18846.150537405
btc,2022-09-07,19292.9070745178
btc,2022-09-08,19319.1248512566
btc,2022-09-09,21363.3136152542
btc,2022-09-10,21715.2107980713
btc,2022-09-11,21732.7705686733
btc,2022-09-12,22365.2145601987
btc,2022-09-13,20165.0421607247
btc,2022-09-14,20246.3660424313
btc,2022-09-15,19696.8698661601
btc,2022-09-16,19741.5776168907
btc,2022-09-17,20120.7023459965
btc,2022-09-18,19427.1002626534
btc,2022-09-19,19557.9769582116
btc,2022-09-20,18872.9498667446
btc,2022-09-21,18506.7607481005
btc,2022-09-22,19414.5396449445
btc,2022-09-23,19326.8648199883
btc,2022-09-24,18924.7677872589
btc,2022-09-25,18793.1561531268
btc,2022-09-26,19201.1317209234
btc,2022-09-27,19106.7389135009
btc,2022-09-28,19454.937210111
btc,2022-09-29,19540.8664105786
btc,2022-09-30,19435.1946917008
btc,2022-10-01,19311.861629398
btc,2022-10-02,19015.2928050847
btc,2022-10-03,19633.4325859147
btc,2022-10-04,20339.9712811221
btc,2022-10-05,20155.0996987142
btc,2022-10-06,19950.5477957335
btc,2022-10-07,19539.1439216832
btc,2022-10-08,19416.1772291058
btc,2022-10-09,19428.3671323787
btc,2022-10-10,19154.4042346581
btc,2022-10-11,19039.2820683811
btc,2022-10-12,19156.9115645821
btc,2022-10-13,19387.8336806546
btc,2022-10-14,19177.6941031561
btc,2022-10-15,19069.8749272355
btc,2022-10-16,19261.7497878434
btc,2022-10-17,19557.0218106371
btc,2022-10-18,19341.4075543542
btc,2022-10-19,19132.1544254822
btc,2022-10-20,19033.3760239626
btc,2022-10-21,19174.8763487434
btc,2022-10-22,19207.6285078901
btc,2022-10-23,19565.4123243717
btc,2022-10-24,19341.460210111
btc,2022-10-25,20094.9611215663
btc,2022-10-26,20797.0308258328
btc,2022-10-27,20280.1751280538
btc,2022-10-28,20604.6138535944
btc,2022-10-29,20803.8999205143
btc,2022-10-30,20616.7033766803
btc,2022-10-31,20490.8581808884
btc,2022-11-01,20483.966530976
btc,2022-11-02,20148.2845537697
btc,2022-11-03,20198.1111860316
btc,2022-11-04,21157.2449275278
btc,2022-11-05,21283.4715999416
btc,2022-11-06,20946.8030359439
btc,2022-11-07,20568.5651183518
btc,2022-11-08,18520.971163647
btc,2022-11-09,15758.2912819988
btc,2022-11-10,17541.5602866745
btc,2022-11-11,16916.8506312098
btc,2022-11-12,16771.2426718293
btc,2022-11-13,16320.4983375219
btc,2022-11-14,16629.4784146698
btc,2022-11-15,16855.59378609
btc,2022-11-16,16659.6063345996
btc,2022-11-17,16675.1790204559
btc,2022-11-18,16661.5229576271
btc,2022-11-19,16696.0040581531
btc,2022-11-20,16246.8446992987
btc,2022-11-21,15778.0174047341
btc,2022-11-22,16172.8893445354
btc,2022-11-23,16574.0617299825
btc,2022-11-24,16583.5243445354
btc,2022-11-25,16522.3887767388
btc,2022-11-26,16448.6413077148
btc,2022-11-27,16436.0707688486
btc,2022-11-28,16212.5814161309
btc,2022-11-29,16443.0368199883
btc,2022-11-30,17176.8986914085
btc,2022-12-01,16961.2918042081
btc,2022-12-02,17075.1091370544
btc,2022-12-03,16899.5073831093
btc,2022-12-04,17121.7149824664
btc,2022-12-05,16961.3517866745
btc,2022-12-06,17070.5158281707
btc,2022-12-07,16848.2518243717
btc,2022-12-08,17231.4563223261
btc,2022-12-09,17136.1490008767
btc,2022-12-10,17124.2146797195
btc,2022-12-11,17094.3606592636
btc,2022-12-12,17195.5249962011
btc,2022-12-13,17774.9166320865
btc,2022-12-14,17809.7240835769
btc,2022-12-15,17344.0544569258
btc,2022-12-16,16606.1101750438
btc,2022-12-17,16774.3853702513
btc,2022-12-18,16776.1159254822
btc,2022-12-19,16424.1313857393
btc,2022-12-20,16901.8169362946
btc,2022-12-21,16800.5329707773
btc,2022-12-22,16814.2225791935
btc,2022-12-23,16780.5169798363
btc,2022-12-24,16837.612170076
btc,2022-12-25,16824.8389736996
btc,2022-12-26,16879.9382273524
btc,2022-12-27,16698.9112708942
btc,2022-12-28,16536.2942001753
btc,2022-12-29,16630.5931551724
btc,2022-12-30,16593.6888287551
btc,2022-12-31,16524.2178024547
btc,2023-01-01,16606.7520432496
btc,2023-01-02,16688.7192729398
btc,2023-01-03,16670.0773836937
btc,2023-01-04,16848.3660391584
btc,2023-01-05,16824.8001826417
btc,2023-01-06,16957.8622738165
btc,2023-01-07,16942.6285891292
btc,2023-01-08,17059.2399444769
btc,2023-01-09,17182.3198521333
btc,2023-01-10,17433.9146320865
btc,2023-01-11,17833.7107656341
btc,2023-01-12,18869.7044842198
btc,2023-01-13,19868.7247454705
btc,2023-01-14,21010.9227200468
btc,2023-01-15,20876.0085561075
btc,2023-01-16,21180.4119485681
btc,2023-01-17,21178.2993962595
btc,2023-01-18,20709.6686040327
btc,2023-01-19,21071.8334152542
btc,2023-01-20,22660.7169421391
btc,2023-01-21,22803.172761543
btc,2023-01-22,22716.2771966686
btc,2023-01-23,22929.0248936295
btc,2023-01-24,22611.1268787259
btc,2023-01-25,23109.0845189947
btc,2023-01-26,23008.6894766219
btc,2023-01-27,23070.4964582116
btc,2023-01-28,23008.8094649328
btc,2023-01-29,23774.9963679135
btc,2023-01-30,22799.427261543
btc,2023-01-31,23130.0519132087
btc,2023-02-01,23727.2026075395
btc,2023-02-02,23505.6048430742
btc,2023-02-03,23445.8131773816
btc,2023-02-04,23355.5243863238
btc,2023-02-05,22957.2251905319
btc,2023-02-06,22745.1650371128
btc,2023-02-07,23266.2692036821
btc,2023-02-08,22937.5799453536
btc,2023-02-09,21818.1989456458
btc,2023-02-10,21620.5667837522
btc,2023-02-11,21864.8626414378
btc,2023-02-12,21772.1373252484
btc,2023-02-13,21798.7157168323
btc,2023-02-14,22222.415043834
btc,2023-02-15,24304.6129827586
btc,2023-02-16,23742.4488354763
btc,2023-02-17,24607.3356054939
btc,2023-02-18,24636.5266127995
btc,2023-02-19,24366.9907606663
btc,2023-02-20,24797.8430359439
btc,2023-02-21,24400.3893898305
btc,2023-02-22,24163.7389812975
btc,2023-02-23,23910.0342104033
btc,2023-02-24,23175.8242036821
btc,2023-02-25,23159.8154403857
btc,2023-02-26,23542.0964281122
btc,2023-02-27,23504.1894178843
btc,2023-02-28,23145.9491277031
btc,2023-03-01,23610.6590902981
btc,2023-03-02,23470.0254815897
btc,2023-03-03,22350.0962340736
btc,2023-03-04,22334.2852638808
btc,2023-03-05,22419.8171390999
btc,2023-03-06,22414.7033056692
btc,2023-03-07,22174.6484725307
btc,2023-03-08,21701.3846227352
btc,2023-03-09,20349.8141732905
btc,2023-03-10,20240.406694623
btc,2023-03-11,20585.2343290473
btc,2023-03-12,22065.9800359439
btc,2023-03-13,24154.4290946815
btc,2023-03-14,24769.0175691409
btc,2023-03-15,24409.8017518995
btc,2023-03-16,25043.2388468732
btc,2023-03-17,27450.6282933957
btc,2023-03-18,26985.7359915254
btc,2023-03-19,28185.2043319696
btc,2023-03-20,27834.3361090006
btc,2023-03-21,28172.7950558153
btc,2023-03-22,27341.5571297487
btc,2023-03-23,28387.8897495617
btc,2023-03-24,27464.1249453536
btc,2023-03-25,27488.954880187
btc,2023-03-26,28049.3916911163
btc,2023-03-27,27154.9963702513
btc,2023-03-28,27283.9634029807
btc,2023-03-29,28389.2917784921
btc,2023-03-30,28021.5583009936
btc,2023-03-31,28514.6813062537
btc,2023-04-01,28494.5638863238
btc,2023-04-02,28161.9980362361
btc,2023-04-03,27850.9799436002
btc,2023-04-04,28113.9585187025
btc,2023-04-05,28190.3116063705
btc,2023-04-06,28049.0744763296
btc,2023-04-07,27936.8042609585
btc,2023-04-08,27964.0512498539
btc,2023-04-09,28357.8072703098
btc,2023-04-10,29687.5651846873
btc,2023-04-11,30247.0959193454
btc,2023-04-12,29913.0035463472
btc,2023-04-13,30370.82207218
btc,2023-04-14,30458.9700414962
btc,2023-04-15,30342.0591084161
btc,2023-04-16,30312.9308533022
btc,2023-04-17,29469.5050727645
btc,2023-04-18,30366.8723813559
btc,2023-04-19,28796.7440952659
btc,2023-04-20,28251.2763790181
btc,2023-04-21,27292.0211052016
btc,2023-04-22,27827.5475920514
btc,2023-04-23,27604.6855742256
btc,2023-04-24,27520.1996729982
btc,2023-04-25,28302.6942180012
btc,2023-04-26,28384.2340333139
btc,2023-04-27,29465.5514272355
btc,2023-04-28,29350.811886616
btc,2023-04-29,29221.5145075979
btc,2023-04-30,29362.0867974868
btc,2023-05-01,28114.9531873174
btc,2023-05-02,28690.5809959088
btc,2023-05-03,29045.0427735243
btc,2023-05-04,28855.8574465225
btc,2023-05-05,29552.9695236704
btc,2023-05-06,28899.4629602572
btc,2023-05-07,28761.738434249
btc,2023-05-08,27727.2854091175
btc,2023-05-09,27642.4281092928
btc,2023-05-10,27646.004902104
btc,2023-05-11,26986.271065751
btc,2023-05-12,26773.3443591467
btc,2023-05-13,26841.3982913501
btc,2023-05-14,26918.261597896
btc,2023-05-15,27231.6216052016
btc,2023-05-16,27025.7181864407
btc,2023-05-17,27401.0440610754
btc,2023-05-18,26843.2350938048
btc,2023-05-19,26889.503631502
btc,2023-05-20,27100.8582878434
btc,2023-05-21,26777.0977831677
btc,2023-05-22,26858.7370637054
btc,2023-05-23,27226.8558763881
btc,2023-05-24,26341.4306446522
btc,2023-05-25,26484.8359234366
btc,2023-05-26,26720.3838071303
btc,2023-05-27,26854.5403702513
btc,2023-05-28,28097.5211259497
btc,2023-05-29,27765.0728693746
btc,2023-05-30,27712.4915844535
btc,2023-05-31,27217.6832580362
btc,2023-06-01,26825.3713451198
btc,2023-06-02,27255.2279941555
btc,2023-06-03,27079.4084643483
btc,2023-06-04,27158.25456955
btc,2023-06-05,25785.8514842198
btc,2023-06-06,27213.7705187025
btc,2023-06-07,26339.5790292227
btc,2023-06-08,26521.693600526
btc,2023-06-09,26470.6775780245
btc,2023-06-10,25863.2138506721
btc,2023-06-11,25906.8281516657
btc,2023-06-12,25906.7519354179
btc,2023-06-13,25880.8599734074
btc,2023-06-14,25097.5853796026
btc,2023-06-15,25559.1433293396
btc,2023-06-16,26331.8200943892
btc,2023-06-17,26514.1713495032
btc,2023-06-18,26353.962682934
btc,2023-06-19,26778.0634415547
btc,2023-06-20,28305.4204573349
btc,2023-06-21,30099.5153509643
btc,2023-06-22,29952.5112866745
btc,2023-06-23,30638.3537644652
btc,2023-06-24,30549.0162872589
btc,2023-06-25,30467.4403705435
btc,2023-06-26,30255.8861241964
btc,2023-06-27,30667.0762948568
btc,2023-06-28,30104.0432717709
btc,2023-06-29,30460.792978083
btc,2023-06-30,30484.503257744
btc,2023-07-01,30581.6889655172
btc,2023-07-02,30594.2164736996
btc,2023-07-03,31135.3575993571
btc,2023-07-04,30799.9474558738
btc,2023-07-05,30497.8221282876
btc,2023-07-06,29979.7298094681
btc,2023-07-07,30329.8829786674
btc,2023-07-08,30263.6196341321
btc,2023-07-09,30163.2210563998
btc,2023-07-10,30394.6555806546
btc,2023-07-11,30616.247094097
btc,2023-07-12,30385.6087852133
btc,2023-07-13,31434.7354704851
btc,2023-07-14,30310.6720204559
btc,2023-07-15,30290.8905958504
btc,2023-07-16,30249.7729658095
btc,2023-07-17,30143.7462744009
btc,2023-07-18,29835.7474076563
btc,2023-07-19,29913.0294646406
btc,2023-07-20,29805.6065707189
btc,2023-07-21,29919.6934921099
btc,2023-07-22,29726.0096271186
btc,2023-07-23,30066.5724482759
btc,2023-07-24,29178.3597042665
btc,2023-07-25,29221.2548533022
btc,2023-07-26,29361.5917580362
btc,2023-07-27,29201.6865175336
btc,2023-07-28,29316.3130751023
btc,2023-07-29,29360.376179135
btc,2023-07-30,29262.8367337814
btc,2023-07-31,29219.8201887785
btc,2023-08-01,29499.5875385739
btc,2023-08-02,29143.1519620105
btc,2023-08-03,29192.3448617767
btc,2023-08-04,29057.2532437171
btc,2023-08-05,29053.0956975453
btc,2023-08-06,29048.0433275862
btc,2023-08-07,29164.3585873758
btc,2023-08-08,29779.511383986
btc,2023-08-09,29582.9442375804
btc,2023-08-10,29430.1599117475
btc,2023-08-11,29399.784739626
btc,2023-08-12,29415.733902104
btc,2023-08-13,29286.1176110462
btc,2023-08-14,29408.9717127411
btc,2023-08-15,29167.59721654
btc,2023-08-16,28754.2924079486
btc,2023-08-17,26660.5627264757
btc,2023-08-18,26037.3658474576
btc,2023-08-19,26093.981808007
btc,2023-08-20,26176.4721642315
btc,2023-08-21,26128.9050160725
btc,2023-08-22,25978.2096914085
btc,2023-08-23,26452.1935882525
btc,2023-08-24,26126.7943331385
btc,2023-08-25,26040.881255114
btc,2023-08-26,26006.1740800701
btc,2023-08-27,26086.3612594974
btc,2023-08-28,26103.2765730567
btc,2023-08-29,27672.2221306254
btc,2023-08-30,27298.997779661
btc,2023-08-31,25954.8665935126
btc,2023-09-01,25802.7885298071
btc,2023-09-02,25868.2960976037
btc,2023-09-03,25962.5475689655
btc,2023-09-04,25799.5256870251
btc,2023-09-05,25782.3622200468
btc,2023-09-06,25754.7902676797
btc,2023-09-07,26210.6045637054
btc,2023-09-08,25904.6982127411
btc,2023-09-09,25894.6205976037
btc,2023-09-10,25831.4647802455
btc,2023-09-11,25135.0393781414
btc,2023-09-12,25859.7018068381
btc,2023-09-13,26226.8667524839
btc,2023-09-14,26556.056943308
btc,2023-09-15,26672.6160818235
btc,2023-09-16,26555.6361031561
btc,2023-09-17,26502.4321189363
btc,2023-09-18,26764.6319064874
btc,2023-09-19,27215.0504848042
btc,2023-09-20,27133.4037235535
btc,2023-09-21,26571.5952919345
btc,2023-09-22,26581.1476116306
btc,2023-09-23,26575.776386616
btc,2023-09-24,26286.6410488019
btc,2023-09-25,26288.8095005845
btc,2023-09-26,26194.5378880772
btc,2023-09-27,26336.0825973115
btc,2023-09-28,27033.4254415546
btc,2023-09-29,26911.2514739918
btc,2023-09-30,26977.6933126826
btc,2023-10-01,27950.1453594389
btc,2023-10-02,27565.8892954413
btc,2023-10-03,27439.1422393337
btc,2023-10-04,27797.251176505
btc,2023-10-05,27426.3450926359
btc,2023-10-06,27941.9633760959
btc,2023-10-07,27972.7515704266
btc,2023-10-08,27936.3261157218
btc,2023-10-09,27591.3467618352
btc,2023-10-10,27419.7971803039
btc,2023-10-11,26828.1725710111
btc,2023-10-12,26741.3405990649
btc,2023-10-13,26842.4467703098
btc,2023-10-14,26861.9892375804
btc,2023-10-15,27130.3067092344
btc,2023-10-16,28506.7936741671
btc,2023-10-17,28433.2051522501
btc,2023-10-18,28328.0750195792
btc,2023-10-19,28690.358041204
btc,2023-10-20,29704.9853673291
btc,2023-10-21,29922.5464044418
btc,2023-10-22,29984.1593196961
btc,2023-10-23,32954.1690482174
btc,2023-10-24,33880.9566537113
btc,2023-10-25,34488.6589210988
btc,2023-10-26,34181.4922521917
btc,2023-10-27,33896.938528346
btc,2023-10-28,34091.5890327294
btc,2023-10-29,34574.3377206312
btc,2023-10-30,34495.1050207481
btc,2023-10-31,34636.4264736996
btc,2023-11-01,35431.9794532437
btc,2023-11-02,34882.9173366452
btc,2023-11-03,34708.2218804792
btc,2023-11-04,35091.0763062537
btc,2023-11-05,35105.0420265926
btc,2023-11-06,35017.7151484512
btc,2023-11-07,35418.4768901227
btc,2023-11-08,35797.8946090006
btc,2023-11-09,36675.3264333723
btc,2023-11-10,37367.4943722969
btc,2023-11-11,36979.9312405026
btc,2023-11-12,37053.3410514319
btc,2023-11-13,36543.2680870836
btc,2023-11-14,35590.6835645821
btc,2023-11-15,37840.5534894798
btc,2023-11-16,36160.4044509059
btc,2023-11-17,36569.7120534775
btc,2023-11-18,36577.4249617183
btc,2023-11-19,37442.7285119813
btc,2023-11-20,37516.0503708358
btc,2023-11-21,36035.0330862069
btc,2023-11-22,37403.0347168323
btc,2023-11-23,37311.7192156634
btc,2023-11-24,37718.7841630625
btc,2023-11-25,37800.1260932203
btc,2023-11-26,37482.7055260082
btc,2023-11-27,37229.2452197545
btc,2023-11-28,37828.4655911748
btc,2023-11-29,37846.8531227352
btc,2023-11-30,37712.7114789597
btc,2023-12-01,38703.5536820573
btc,2023-12-02,39462.2799272355
btc,2023-12-03,39978.2226104617
btc,2023-12-04,41910.2994815897
btc,2023-12-05,44067.0054763296
btc,2023-12-06,43745.8343907072
btc,2023-12-07,43282.6182261835
btc,2023-12-08,44205.0522089421
btc,2023-12-09,43740.0063927528
btc,2023-12-10,43732.7120900059
btc,2023-12-11,41209.8947904734
btc,2023-12-12,41467.2735698422
btc,2023-12-13,42939.0607583285
btc,2023-12-14,43033.1371560491
btc,2023-12-15,41978.0970195792
btc,2023-12-16,42203.2140450029
btc,2023-12-17,41428.6657855056
btc,2023-12-18,42635.7331911163
btc,2023-12-19,42271.863025716
btc,2023-12-20,43605.1555549386
btc,2023-12-21,43870.2382340736
btc,2023-12-22,44009.5016551724
btc,2023-12-23,43768.8067518995
btc,2023-12-24,43097.8093258329
btc,2023-12-25,43623.7504029807
btc,2023-12-26,42491.1229079486
btc,2023-12-27,43436.9594269433
btc,2023-12-28,42670.6797180012
btc,2023-12-29,41998.6033442431
btc,2023-12-30,42204.4917744009
btc,2023-12-31,42217.1587913501
btc,2024-01-01,44049.4735534775
btc,2024-01-02,44941.160493571
btc,2024-01-03,42773.6515423729
btc,2024-01-04,44250.7452670953
btc,2024-01-05,44146.3222022209
btc,2024-01-06,43917.9798147282
btc,2024-01-07,43844.195949737
btc,2024-01-08,46981.3242995324
btc,2024-01-09,46084.005795149
btc,2024-01-10,46818.1592764465
btc,2024-01-11,46380.8708082992
btc,2024-01-12,42817.4305356517
btc,2024-01-13,42846.9544699006
btc,2024-01-14,41888.1513068381
btc,2024-01-15,42528.9192489772
btc,2024-01-16,43171.4472241379
btc,2024-01-17,42689.304327294
btc,2024-01-18,41261.9076177674
btc,2024-01-19,41606.8535330216
btc,2024-01-20,41668.6904102864
btc,2024-01-21,41537.1123562244
btc,2024-01-22,39577.0998603156
btc,2024-01-23,39737.3143617767
btc,2024-01-24,40101.8568980129
btc,2024-01-25,39917.6611461134
btc,2024-01-26,41860.7310458796
btc,2024-01-27,42125.3014155465
btc,2024-01-28,41983.0202744009
btc,2024-01-29,43218.3470821157
btc,2024-01-30,42950.0541277031
btc,2024-01-31,42589.4708059614
btc,2024-02-01,43020.3596548802
btc,2024-02-02,43155.3852030976
btc,2024-02-03,42982.3789979544
btc,2024-02-04,42576.2913050847
btc,2024-02-05,42619.2742738165
btc,2024-02-06,43102.7062632963
btc,2024-02-07,44253.0314731151
btc,2024-02-08,45332.09157218
btc,2024-02-09,47176.9665137347
btc,2024-02-10,47792.8972156634
btc,2024-02-11,48200.7986057861
btc,2024-02-12,49989.80371654
btc,2024-02-13,49628.0941528346
btc,2024-02-14,51844.2929193454
btc,2024-02-15,51939.1472919345
btc,2024-02-16,52157.3123977206
btc,2024-02-17,51674.8158521333
btc,2024-02-18,52148.0645365283
btc,2024-02-19,51804.8051537113
btc,2024-02-20,52308.0531712449
btc,2024-02-21,51744.321808007
btc,2024-02-22,51292.3252574518
btc,2024-02-23,50789.1431759205
btc,2024-02-24,51578.2349164231
btc,2024-02-25,51746.4789669784
btc,2024-02-26,54551.8259184687
btc,2024-02-27,57049.888220339
btc,2024-02-28,62460.740619813
btc,2024-02-29,61394.7818515488
btc,2024-03-01,62524.401817066
btc,2024-03-02,62049.6145637054
btc,2024-03-03,62991.4422913501
btc,2024-03-04,68091.8388243717
btc,2024-03-05,63950.524329924
btc,2024-03-06,66103.7215400351
btc,2024-03-07,67070.3791484512
btc,2024-03-08,68343.7149552893
btc,2024-03-09,68502.5053392753
btc,2024-03-10,68882.2513395675
btc,2024-03-11,72198.0875341905
btc,2024-03-12,71432.7283018702
btc,2024-03-13,73081.5759053185
btc,2024-03-14,71505.2729076563
btc,2024-03-15,69424.9141753361
btc,2024-03-16,65433.6819006429
btc,2024-03-17,68285.0891691993
btc,2024-03-18,67770.8865245471
btc,2024-03-19,61969.3075394506
btc,2024-03-20,67848.1076396844
btc,2024-03-21,65454.7357232612
btc,2024-03-22,63486.4849997078
btc,2024-03-23,64361.2429047341
btc,2024-03-24,67289.5658310929
btc,2024-03-25,70042.0204237288
btc,2024-03-26,70071.0472144945
btc,2024-03-27,69267.8879815897
btc,2024-03-28,70826.8968714202
btc,2024-03-29,69917.0430070134
btc,2024-03-30,69663.0119073641
btc,2024-03-31,71227.4517939801
btc,2024-04-01,69791.6277305669
btc,2024-04-02,65533.7548351841
btc,2024-04-03,66130.2162393337
btc,2024-04-04,68438.135024547
btc,2024-04-05,67904.9094766219
btc,2024-04-06,69136.0710783168
btc,2024-04-07,69392.6830108124
btc,2024-04-08,71712.7972840444
btc,2024-04-09,69074.5418638223
btc,2024-04-10,70579.4456767972
btc,2024-04-11,70046.5536057861
btc,2024-04-12,67098.113691993
btc,2024-04-13,64551.6482875512
btc,2024-04-14,65648.8099602572
btc,2024-04-15,63393.325166277
btc,2024-04-16,63784.8203340152
btc,2024-04-17,61324.2184286967
btc,2024-04-18,63510.14500263
btc,2024-04-19,63762.6310300994
btc,2024-04-20,64907.9928366452
btc,2024-04-21,64968.192619813
btc,2024-04-22,66944.5960911748
btc,2024-04-23,66385.3002919345
btc,2024-04-24,64189.9679064874
btc,2024-04-25,64515.3874725307
btc,2024-04-26,63777.4715002922
btc,2024-04-27,63429.3099649328
btc,2024-04-28,62978.5770049678
btc,2024-04-29,63908.3888766803
btc,2024-04-30,60636.3261633548
btc,2024-05-01,58141.7772799532
btc,2024-05-02,59170.1088936295
btc,2024-05-03,62983.6554783752
btc,2024-05-04,63881.1305429573
btc,2024-05-05,64067.5959918177
btc,2024-05-06,63228.1031341321
btc,2024-05-07,62396.999720339
btc,2024-05-08,61079.27442782
btc,2024-05-09,62998.4903381064
btc,2024-05-10,60896.6418880772
btc,2024-05-11,60843.5729240211
btc,2024-05-12,61431.2746879018
btc,2024-05-13,62886.9394491526
btc,2024-05-14,61555.5670046756
btc,2024-05-15,66281.5322542373
btc,2024-05-16,65269.2603246639
btc,2024-05-17,66956.4409476914
btc,2024-05-18,66977.6006914085
btc,2024-05-19,66259.4704260666
btc,2024-05-20,71202.2025902981
btc,2024-05-21,70217.2546914085
btc,2024-05-22,69074.9141350088
btc,2024-05-23,67758.7306586791
btc,2024-05-24,68608.998279661
btc,2024-05-25,69282.7925976037
btc,2024-05-26,68445.0069532437
btc,2024-05-27,69347.815260374
btc,2024-05-28,68342.8204488603
btc,2024-05-29,67584.2632402104
btc,2024-05-30,68375.4760260082
btc,2024-05-31,67377.7626122151
btc,2024-06-01,67714.3526399766
btc,2024-06-02,67805.4855742256
btc,2024-06-03,68833.3028351841
btc,2024-06-04,70554.0894330801
btc,2024-06-05,71087.4433158971
btc,2024-06-06,70788.5013755114
btc,2024-06-07,69338.1573240795
btc,2024-06-08,69310.1092618352
btc,2024-06-09,69644.0190894214
btc,2024-06-10,69465.9362478083
btc,2024-06-11,67368.263506429
btc,2024-06-12,68213.8346838106
btc,2024-06-13,66783.4902767388
btc,2024-06-14,65982.1865195792
btc,2024-06-15,66204.904308007
btc,2024-06-16,66622.5999336645
btc,2024-06-17,66483.8785260082
btc,2024-06-18,65112.1230020456
btc,2024-06-19,64878.7141525424
btc,2024-06-20,64897.7011542957
btc,2024-06-21,64086.0489228521
btc,2024-06-22,64258.135506429
btc,2024-06-23,63345.0218760959
btc,2024-06-24,60258.9554374635
btc,2024-06-25,61739.6658477498
btc,2024-06-26,60794.4760584454
btc,2024-06-27,61569.9234275278
btc,2024-06-28,60303.3147364115
btc,2024-06-29,60889.3298430742
btc,2024-06-30,62763.2796861485
btc,2024-07-01,62835.3997647575
btc,2024-07-02,62028.6170385739
btc,2024-07-03,60216.3920859147
btc,2024-07-04,57418.2420213326
btc,2024-07-05,56720.9881256575
btc,2024-07-06,58259.221773232
btc,2024-07-07,56112.5725587376
btc,2024-07-08,56691.9149061952
btc,2024-07-09,57981.4320967271
btc,2024-07-10,57722.0113527177
btc,2024-07-11,57307.712738457
btc,2024-07-12,57859.1202819988
btc,2024-07-13,59329.0372016365
btc,2024-07-14,61015.0339412624
btc,2024-07-15,64734.7611697837
btc,2024-07-16,65118.8266583869
btc,2024-07-17,64201.3707805377
btc,2024-07-18,63984.3022022209
btc,2024-07-19,66755.7833828171
btc,2024-07-20,67185.4978112215
btc,2024-07-21,68056.6201215663
btc,2024-07-22,67535.1976738749
btc,2024-07-23,65916.4081616014
btc,2024-07-24,65353.3857784921
btc,2024-07-25,65722.0611917007
btc,2024-07-26,67912.2433091759
btc,2024-07-27,68077.3730812391
btc,2024-07-28,68170.6691309176
btc,2024-07-29,66867.167277031
btc,2024-07-30,66186.9146861484
btc,2024-07-31,64690.6340385739
btc,2024-08-01,65178.0554891876
btc,2024-08-02,61506.7698877849
btc,2024-08-03,60688.2444272355
btc,2024-08-04,58306.2644786675
btc,2024-08-05,54343.6276773816
btc,2024-08-06,56047.4712866744
btc,2024-08-07,55129.7410376973
btc,2024-08-08,61908.7896724138
btc,2024-08-09,60720.9407594974
btc,2024-08-10,60871.5550727645
btc,2024-08-11,58836.1043722969
btc,2024-08-12,59394.1629538282
btc,2024-08-13,60536.2457846289
btc,2024-08-14,58840.6466797195
btc,2024-08-15,57644.1876879018
btc,2024-08-16,58927.2765087668
btc,2024-08-17,59414.6743351841
btc,2024-08-18,58793.2061458212
btc,2024-08-19,59411.5190169492
btc,2024-08-20,59123.3002662186
btc,2024-08-21,61133.0256493279
btc,2024-08-22,60394.4737749854
btc,2024-08-23,64106.8029152543
btc,2024-08-24,64023.226703682
btc,2024-08-25,64498.0183413209
btc,2024-08-26,62983.4427729398
btc,2024-08-27,59548.0076215663
btc,2024-08-28,59100.7747548217
btc,2024-08-29,59339.7909947399
btc,2024-08-30,59142.9399640561
btc,2024-08-31,58959.926273232
btc,2024-09-01,57349.0807180012
btc,2024-09-02,59159.0238877849
btc,2024-09-03,57637.7754444769
btc,2024-09-04,58033.3989704851
btc,2024-09-05,56112.9529400935
btc,2024-09-06,53838.9534623028
btc,2024-09-07,54066.4399248977
btc,2024-09-08,54859.2584082408
btc,2024-09-09,57135.7814371712
btc,2024-09-10,57664.4998214494
btc,2024-09-11,57409.1950663355
btc,2024-09-12,58124.6418065459
btc,2024-09-13,60536.8814503215
btc,2024-09-14,60007.1702507306
btc,2024-09-15,59129.9197536528
btc,2024-09-16,58227.46421654
btc,2024-09-17,60238.2177255991
btc,2024-09-18,61306.2337317358
btc,2024-09-19,62994.6096528346
btc,2024-09-20,63153.9518270018
btc,2024-09-21,63367.7296078317
btc,2024-09-22,63571.9521729983
btc,2024-09-23,63336.0126347165
btc,2024-09-24,64342.7891113384
btc,2024-09-25,63059.6269167154
btc,2024-09-26,65057.7861461134
btc,2024-09-27,65767.7132542373
btc,2024-09-28,65770.5276478667
btc,2024-09-29,65617.7610689655
btc,2024-09-30,63260.0425482174
btc,2024-10-01,60858.2487086499
btc,2024-10-02,60686.0993135593
btc,2024-10-03,60765.2367498539
btc,2024-10-04,62052.5100496785
btc,2024-10-05,62030.4538977206
btc,2024-10-06,62789.8814555815
btc,2024-10-07,62416.508829924
btc,2024-10-08,62126.3273769725
btc,2024-10-09,60615.2581917008
btc,2024-10-10,60221.1172869667
btc,2024-10-11,62462.539962595
btc,2024-10-12,63202.8806992987
btc,2024-10-13,62759.431113384
btc,2024-10-14,66089.7587410871
btc,2024-10-15,66933.974833723
btc,2024-10-16,67662.9534038574
btc,2024-10-17,67337.9075482174
btc,2024-10-18,68390.5375625365
btc,2024-10-19,68357.8982963179
btc,2024-10-20,69012.3532089421
btc,2024-10-21,67440.4625058445
btc,2024-10-22,67425.7553211572
btc,2024-10-23,66647.2866642315
btc,2024-10-24,68130.9948369374
btc,2024-10-25,66261.5376861485
btc,2024-10-26,67023.3399611338
btc,2024-10-27,68000.1475008767
btc,2024-10-28,69862.5205470485
btc,2024-10-29,72678.7866201052
btc,2024-10-30,72450.2843819404
btc,2024-10-31,70367.0819576271
btc,2024-11-01,69483.5830303916
btc,2024-11-02,69241.6794865576
btc,2024-11-03,68742.7546227352
btc,2024-11-04,67779.0969795441
btc,2024-11-05,69538.0241729982
btc,2024-11-06,75696.0366192285
btc,2024-11-07,75972.2955546464
btc,2024-11-08,76507.4474012273
btc,2024-11-09,76799.2527469316
btc,2024-11-10,80409.2865666277
btc,2024-11-11,88859.998448568
btc,2024-11-12,88048.7488877849
btc,2024-11-13,90369.3819693162
btc,2024-11-14,87204.2569827586
btc,2024-11-15,91139.0844427236
btc,2024-11-16,90567.6957568673
btc,2024-11-17,89732.9704292811
btc,2024-11-18,90587.6965534775
btc,2024-11-19,92254.1385800701
btc,2024-11-20,94160.0406858562
btc,2024-11-21,98545.5688798948
btc,2024-11-22,98938.3495450029
btc,2024-11-23,97707.0484590883
btc,2024-11-24,97980.2082819988
btc,2024-11-25,93343.0290745178
btc,2024-11-26,91875.5699593805
btc,2024-11-27,95989.0802273524
btc,2024-11-28,95737.9402822911
btc,2024-11-29,97398.9417399182
btc,2024-11-30,96463.6248980129
btc,2024-12-01,97469.6044529515
btc,2024-12-02,95726.4417258913
btc,2024-12-03,96010.8774228521
btc,2024-12-04,98920.2528255406
btc,2024-12-05,96949.6644117475
btc,2024-12-06,99953.1056580947
btc,2024-12-07,99977.7002282291
btc,2024-12-08,100798.98356429
btc,2024-12-09,97390.1988597311
btc,2024-12-10,96835.5017387493
btc,2024-12-11,101310.201899766
btc,2024-12-12,100090.890479544
btc,2024-12-13,101289.823976914
btc,2024-12-14,101366.87166803
btc,2024-12-15,104551.367141146
btc,2024-12-16,105855.672229982
btc,2024-12-17,106115.910582992
btc,2024-12-18,100469.770656926
btc,2024-12-19,97697.045779661
btc,2024-12-20,97617.4422051432
btc,2024-12-21,97093.0190832846
btc,2024-12-22,95149.1058252484
btc,2024-12-23,94800.7562060199
btc,2024-12-24,98637.7330543542
btc,2024-12-25,99235.3678869082
btc,2024-12-26,95628.3030902981
btc,2024-12-27,94219.9821461134
btc,2024-12-28,95123.5811098773
btc,2024-12-29,93457.5783202806
btc,2024-12-30,92523.163085038
btc,2024-12-31,93389.7326016949
btc,2025-01-01,94455.7965718878
btc,2025-01-02,96851.393682934
btc,2025-01-03,98120.6846759205
btc,2025-01-04,98230.0478571011
btc,2025-01-05,98414.8120964348
btc,2025-01-06,102179.560366745
btc,2025-01-07,96974.9957857978
btc,2025-01-08,95039.2809210988
btc,2025-01-09,92346.1691589714
btc,2025-01-10,94759.1196358854
btc,2025-01-11,94606.5080099357
btc,2025-01-12,94353.7752586207
btc,2025-01-13,94375.7299102864
btc,2025-01-14,96569.475726768
btc,2025-01-15,100172.405985096
btc,2025-01-16,99977.7298234951
btc,2025-01-17,104296.588034191
btc,2025-01-18,104398.156261251
btc,2025-01-19,100954.572281999
btc,2025-01-20,102588.998699006
btc,2025-01-21,105987.888705435
btc,2025-01-22,103791.128861485
btc,2025-01-23,104184.616743717
btc,2025-01-24,104716.12488194
btc,2025-01-25,104866.085348919
btc,2025-01-26,102833.369273232
btc,2025-01-27,101907.44629661
btc,2025-01-28,101138.144066043
btc,2025-01-29,103918.795458796
btc,2025-01-30,104987.446410871
btc,2025-01-31,102263.043670953
btc,2025-02-01,100610.290439801
btc,2025-02-02,97424.7809000584
btc,2025-02-03,101582.408702221
btc,2025-02-04,97848.1497592051
btc,2025-02-05,96559.3327562829
btc,2025-02-06,96541.3006811806
btc,2025-02-07,96384.1109836353
btc,2025-02-08,96603.318157218
btc,2025-02-09,96309.7532405026
btc,2025-02-10,97375.2253535944
btc,2025-02-11,95806.2580385739
btc,2025-02-12,97756.4976548802
btc,2025-02-13,96534.7406332554
btc,2025-02-14,97414.3589821742
btc,2025-02-15,97583.2431767972
btc,2025-02-16,96182.2661706604
btc,2025-02-17,95790.5109985389
btc,2025-02-18,95444.031886616
btc,2025-02-19,96647.9132977791
btc,2025-02-20,98392.2197247224
btc,2025-02-21,96048.9937247224
btc,2025-02-22,96605.7091057861
btc,2025-02-23,96091.6329774985
btc,2025-02-24,91869.6543430742
btc,2025-02-25,88769.7356265342
btc,2025-02-26,83987.89564173
btc,2025-02-27,84625.4191364699
btc,2025-02-28,84243.7779114553
btc,2025-03-01,85844.3685628288
btc,2025-03-02,94328.0094444769
btc,2025-03-03,86315.9305511397
btc,2025-03-04,87323.690650789
btc,2025-03-05,90619.4090976038
btc,2025-03-06,90222.0693275862
btc,2025-03-07,86553.5921937464
btc,2025-03-08,86171.2789362946
btc,2025-03-09,80647.7964108709
btc,2025-03-10,79005.9601291642
btc,2025-03-11,82747.1601917008
btc,2025-03-12,83630.1581101695
btc,2025-03-13,81110.2890490941
btc,2025-03-14,84105.8335517241
btc,2025-03-15,84352.8773018703
btc,2025-03-16,82492.1028287551
btc,2025-03-17,84013.947518118
btc,2025-03-18,82680.8065514319
btc,2025-03-19,86774.23507218
btc,2025-03-20,84124.9712878434
btc,2025-03-21,84069.4081800117
btc,2025-03-22,83821.220305377
btc,2025-03-23,85760.8814506137
btc,2025-03-24,87322.5718568089
btc,2025-03-25,87422.8426084161
btc,2025-03-26,86836.6760955582
btc,2025-03-27,87211.3240169492
btc,2025-03-28,84309.0783550555
btc,2025-03-29,82497.1792472238
btc,2025-03-30,82216.4666765049
btc,2025-03-31,82461.4496279953
btc,2025-04-01,85226.7137936879
btc,2025-04-02,82555.631296318
btc,2025-04-03,82931.697399474
btc,2025-04-04,83774.1797375804
btc,2025-04-05,83302.1715756867
btc,2025-04-06,77949.0884926943
btc,2025-04-07,79421.8044105786
btc,2025-04-08,76351.4295303916
btc,2025-04-09,82720.6034891876
btc,2025-04-10,79558.9558252484
btc,2025-04-11,83359.8995157802
btc,2025-04-12,85269.2495119813
btc,2025-04-13,83568.9544360023
btc,2025-04-14,84589.0324135009
btc,2025-04-15,83671.3439713618
btc,2025-04-16,84151.5357562829
btc,2025-04-17,84940.5838538866
btc,2025-04-18,84434.7727463472
btc,2025-04-19,85124.721496201
btc,2025-04-20,85101.7461545879
btc,2025-04-21,87360.7198933372
btc,2025-04-22,93495.6106890707
btc,2025-04-23,93695.7404772063
btc,2025-04-24,93849.8817790766
btc,2025-04-25,94771.4128007014
btc,2025-04-26,94694.5111014027
btc,2025-04-27,93812.876534775
btc,2025-04-28,95066.0211867329
btc,2025-04-29,94102.8403024547
btc,2025-04-30,94236.7325143191
btc,2025-05-01,96411.7422635885
btc,2025-05-02,96842.1021057861
btc,2025-05-03,95943.61135301
btc,2025-05-04,94377.7899196376
btc,2025-05-05,94853.7298594389
btc,2025-05-06,96677.9245029223
btc,2025-05-07,97137.3757086499
btc,2025-05-08,103069.539295733
btc,2025-05-09,102940.802949445
btc,2025-05-10,104582.821806254
btc,2025-05-11,103976.137798948
btc,2025-05-12,102920.074689071
btc,2025-05-13,104145.711825248
btc,2025-05-14,103572.719642022
btc,2025-05-15,103716.283947399
btc,2025-05-16,103566.269191116
btc,2025-05-17,103190.041364991
btc,2025-05-18,106015.689848919
btc,2025-05-19,105615.828960257
btc,2025-05-20,106893.330247516
btc,2025-05-21,109704.855619521
btc,2025-05-22,111477.014787843
btc,2025-05-23,107291.888969901
btc,2025-05-24,107917.328289304
btc,2025-05-25,108914.876558445
btc,2025-05-26,109371.985172122
btc,2025-05-27,109066.345636762
btc,2025-05-28,107895.402399474
btc,2025-05-29,105732.957892168
btc,2025-05-30,103981.302957919
btc,2025-05-31,104708.964150205
btc,2025-06-01,105750.15972443
btc,2025-06-02,105899.696926651
btc,2025-06-03,105483.98555114
btc,2025-06-04,104782.844900351
btc,2025-06-05,101669.190496785
btc,2025-06-06,104421.051549094
btc,2025-06-07,105685.250402104
btc,2025-06-08,105727.739632379
btc,2025-06-09,110198.15871391
btc,2025-06-10,110074.119081824
btc,2025-06-11,108645.785558153
btc,2025-06-12,105998.985830801
btc,2025-06-13,106024.822087376
btc,2025-06-14,105467.108742256
btc,2025-06-15,105512.797437756
btc,2025-06-16,107243.933345997
btc,2025-06-17,104628.396527469
btc,2025-06-18,104813.367028638
btc,2025-06-19,104709.720767095
btc,2025-06-20,103274.958839567
btc,2025-06-21,101548.196381648
btc,2025-06-22,100899.234151958
btc,2025-06-23,105496.947495324
btc,2025-06-24,105964.065136762
btc,2025-06-25,107305.065199591
btc,2025-06-26,107012.822824079
btc,2025-06-27,107090.95905114
btc,2025-06-28,107357.617171245
btc,2025-06-29,108360.901696376
btc,2025-06-30,107153.101135885
btc,2025-07-01,105566.356597896
btc,2025-07-02,108927.13451841
btc,2025-07-03,109632.159126826
btc,2025-07-04,108081.395758621
btc,2025-07-05,108244.788813852
btc,2025-07-06,109180.005545587
btc,2025-07-07,108249.401004091
btc,2025-07-08,108956.631703098
btc,2025-07-09,111416.806720047
btc,2025-07-10,115873.903783752
btc,2025-07-11,117618.605087084
btc,2025-07-12,117382.372540912
btc,2025-07-13,118899.737107832
btc,2025-07-14,119871.096197838
btc,2025-07-15,117710.89100789
btc,2025-07-16,118730.187791642
btc,2025-07-17,119501.663770894
btc,2025-07-18,117958.511213033
btc,2025-07-19,117908.52473232
btc,2025-07-20,117305.680953828
btc,2025-07-21,117432.435634717
btc,2025-07-22,120068.00578872
btc,2025-07-23,118650.587165693
btc,2025-07-24,118377.081936879
btc,2025-07-25,117520.17335038
btc,2025-07-26,117983.204598773
btc,2025-07-27,119438.164235535
btc,2025-07-28,118022.637320281
btc,2025-07-29,117871.370895383
btc,2025-07-30,117732.643660725
btc,2025-07-31,115848.339985096
btc,2025-08-01,113282.144336061
btc,2025-08-02,112545.673659264
btc,2025-08-03,114263.693947691
btc,2025-08-04,115199.933659264
btc,2025-08-05,114111.36101841
btc,2025-08-06,115034.678748977
btc,2025-08-07,117444.913924313
btc,2025-08-08,116740.687720923
btc,2025-08-09,116511.655739375
btc,2025-08-10,119189.198160275
btc,2025-08-11,118742.043048644
btc,2025-08-12,120154.32493507
btc,2025-08-13,123442.67982225
btc,2025-08-14,118510.27128083
btc,2025-08-15,117311.209947715
btc,2025-08-16,117462.42684623
btc,2025-08-17,117601.952231888
btc,2025-08-18,116312.914397989
btc,2025-08-19,112886.10147543
btc,2025-08-20,114277.320860316
btc,2025-08-21,112347.102298302
btc,2025-08-22,116800.977035073
btc,2025-08-23,115280.444723834
btc,2025-08-24,113516.122474401
btc,2025-08-25,110089.533314144
btc,2025-08-26,111895.295495307
btc,2025-08-27,111252.307236061
btc,2025-08-28,112481.152904109
btc,2025-08-29,108473.330441642
btc,2025-08-30,108746.150824851
btc,2025-08-31,108316.44689481
btc,2025-09-01,108992.324614863
btc,2025-09-02,111140.947159836
btc,2025-09-03,111780.743587376
btc,2025-09-04,110900.633412981
btc,2025-09-05,110711.229484804
btc,2025-09-06,110243.650741672
btc,2025-09-07,111307.784421087
btc,2025-09-08,112112.311575102
btc,2025-09-09,111486.396779836
btc,2025-09-10,113930.748423437
btc,2025-09-11,115445.812932648
btc,2025-09-12,116149.174031958
btc,2025-09-13,115965.627551268
btc,2025-09-14,115395.933423437
btc,2025-09-15,115420.931814144
btc,2025-09-16,116798.867050906
btc,2025-09-17,116575.777628866
btc,2025-09-18,117014.426762174
btc,2025-09-19,115612.372541695
btc,2025-09-20,115753.165960549
btc,2025-09-21,115320.858829047
btc,2025-09-22,112727.70773813
btc,2025-09-23,112052.393282022
btc,2025-09-24,113324.623592192
btc,2025-09-25,109166.347974874
btc,2025-09-26,109669.102166861
btc,2025-09-27,109644.73069287
btc,2025-09-28,112170.00778609
btc,2025-09-29,114341.141435418
btc,2025-09-30,113971.742796902
btc,2025-10-01,118393.270386324
btc,2025-10-02,120558.594007013
btc,2025-10-03,122348.127640269
btc,2025-10-04,122379.744317651
btc,2025-10-05,123523.768313852
btc,2025-10-06,124824.453666861
btc,2025-10-07,121587.699236704
btc,2025-10-08,123390.353094682
btc,2025-10-09,121603.33278609
btc,2025-10-10,113754.852328171
btc,2025-10-11,110940.113648159
btc,2025-10-12,115152.917045003
btc,2025-10-13,115332.252929573
btc,2025-10-14,113327.079410286
btc,2025-10-15,110862.872485389
btc,2025-10-16,108135.049605786
btc,2025-10-17,106625.668651373
btc,2025-10-18,107143.913935126
btc,2025-10-19,108706.663763881
btc,2025-10-20,110640.249515488
btc,2025-10-21,108700.382071888
btc,2025-10-22,107667.630188486
btc,2025-10-23,110060.936797195
btc,2025-10-24,111024.94314699
btc,2025-10-25,111614.535857686
btc,2025-10-26,114557.100460549
btc,2025-10-27,114087.773805085
btc,2025-10-28,112980.685846289
btc,2025-10-29,110206.347983051
btc,2025-10-30,108019.723841905
btc,2025-10-31,109554.239627703
btc,2025-11-01,110005.295855348
btc,2025-11-02,110389.168627119
btc,2025-11-03,106495.802789889
btc,2025-11-04,101349.73723232
btc,2025-11-05,103915.88479135
btc,2025-11-06,101241.573677966
btc,2025-11-07,103428.471746932
btc,2025-11-08,102335.021439217
btc,2025-11-09,104685.54544097
btc,2025-11-10,106082.478156926
btc,2025-11-11,102974.405611631
btc,2025-11-12,101682.126652835
btc,2025-11-13,100035.310145237
btc,2025-11-14,94502.5476025716
btc,2025-11-15,95541.3158389831
btc,2025-11-16,94182.3130996493
btc,2025-11-17,91911.4713471654
btc,2025-11-18,92836.4419111631
btc,2025-11-19,91320.4811332554
btc,2025-11-20,86911.2980590298
btc,2025-11-21,84948.0463205727
btc,2025-11-22,84775.0015452952
btc,2025-11-23,86872.4546630625
btc,2025-11-24,88377.6024421391
btc,2025-11-25,87434.550610754
btc,2025-11-26,90449.2770675044
btc,2025-11-27,91336.2000452952
btc,2025-11-28,90990.1266104617
btc,2025-11-29,90842.0738243717
btc,2025-11-30,90607.7021513735
btc,2025-12-01,86504.6368156049
btc,2025-12-02,91528.0245809468
btc,2025-12-03,93609.0938658679
btc,2025-12-04,92205.5929544126
btc,2025-12-05,89279.8344634717
btc,2025-12-06,89169.5570610754
btc,2025-12-07,90067.847399474
btc,2025-12-08,90673.1444436003
btc,2025-12-09,92808.8518477498
btc,2025-12-10,92102.9300917592
btc,2025-12-11,92623.7198708358
btc,2025-12-12,90331.6083091759
btc,2025-12-13,90245.267264173
btc,2025-12-14,88096.3826142607
btc,2025-12-15,86352.5802565751
btc,2025-12-16,87752.4290336061
btc,2025-12-17,86059.5522241379
btc,2025-12-18,85434.1928673291
btc,2025-12-19,88168.0738325541
btc,2025-12-20,88292.4536373466
btc,2025-12-21,88533.4309830508
btc,2025-12-22,88474.4622331969
btc,2025-12-23,87365.9937872589
btc,2025-12-24,87625.6707895967
btc,2025-12-25,87231.3047685564
btc,2025-12-26,87334.8077808299
btc,2025-12-27,87695.4159076564
btc,2025-12-28,87747.6491548802
btc,2025-12-29,87133.5103991818
btc,2025-12-30,88428.4922735243
btc,2025-12-31,87516.9780376972
btc,2026-01-01,88684.2178474576
btc,2026-01-02,89940.1801671537
btc,2026-01-03,90598.1301832262
btc,2026-01-04,91359.7636823495
btc,2026-01-05,93948.5821794272
btc,2026-01-06,93574.2871122151
btc,2026-01-07,91208.9562606663
btc,2026-01-08,91096.9161554647
btc,2026-01-09,90539.6032288136
btc,2026-01-10,90406.1424114553
btc,2026-01-11,90717.2063153127
btc,2026-01-12,91141.1498489188
btc,2026-01-13,95304.4982942724
btc,2026-01-14,97043.9927258913
btc,2026-01-15,95546.1397381648
btc,2026-01-16,95489.1299602572
btc,2026-01-17,95106.980462595
btc,2026-01-18,94261.3294313267
btc,2026-01-19,92526.2419643483
btc,2026-01-20,88236.5631922852
btc,2026-01-21,89599.361874927
btc,2026-01-22,89395.700735827
btc,2026-01-23,89439.7718909994
btc,2026-01-24,89185.0386990064
btc,2026-01-25,86445.6705926359
btc,2026-01-26,88337.4545511397
btc,2026-01-27,89260.3805397429
btc,2026-01-28,89177.7892507306
btc,2026-01-29,84520.3973106371
btc,2026-01-30,84017.0340292227
btc,2026-01-31,78702.38550263
btc,2026-02-01,76911.0523772648
btc,2026-02-02,78716.6018088837
btc,2026-02-03,75684.7660277616
btc,2026-02-04,73095.1914646406
btc,2026-02-05,63494.6884456458
btc,2026-02-06,70647.6982188778
btc,2026-02-07,69166.2594424313
btc,2026-02-08,70522.5892393337
btc,2026-02-09,70244.1017773232
btc,2026-02-10,68688.793113384
btc,2026-02-11,66989.7165920514
btc,2026-02-12,66221.5443115137
btc,2026-02-13,68860.8411633548
btc,2026-02-14,69798.0791253653
btc,2026-02-15,68629.9599760374
btc,2026-02-16,68747.4380286383
btc,2026-02-17,67471.0508465809
btc,2026-02-18,66380.7069611339
btc,2026-02-19,66932.3522118644
btc,2026-02-20,67977.3092612507
btc,2026-02-21,68020.6677612507
btc,2026-02-22,67550.0240768556
btc,2026-02-23,64689.9123308007
btc,2026-02-24,64123.7510780245
btc,2026-02-25,68038.5221794272
btc,2026-02-26,67519.2645292227
btc,2026-02-27,65864.1358170661
btc,2026-02-28,66965.6353091759
btc,2026-03-01,65733.5212597896
btc,2026-03-02,68922.6242974869
btc,2026-03-03,68431.1740306838
btc,2026-03-04,72667.4630575687
btc,2026-03-05,70987.427176505
btc,2026-03-06,68226.7053927528
btc,2026-03-07,67315.5529135009
btc,2026-03-08,66202.6978731736
btc,2026-03-09,68528.5384699007
btc,2026-03-10,69891.8238576856
btc,2026-03-11,70298.5753530099
btc,2026-03-12,70538.1074623027
btc,2026-03-13,70930.0132793688
btc,2026-03-14,71136.2179199299
btc,2026-03-15,72712.1461957919
btc,2026-03-16,74723.9575534775
btc,2026-03-17,74086.013609585
btc,2026-03-18,71253.9579275278
btc,2026-03-19,69948.9048267095
btc,2026-03-20,70510.4196797194
btc,2026-03-21,69707.285009059
btc,2026-03-22,68018.1534815897
btc,2026-03-23,70726.2110461718
btc,2026-03-24,70610.0187121566
btc,2026-03-25,71281.2973921683
btc,2026-03-26,68722.9718366452
btc,2026-03-27,66214.1715134424
