ticker,date,close,high,low,open,volume,adjClose,adjHigh,adjLow,adjOpen,adjVolume,divCash,splitFactor
IBIT,2024-01-11,26.63,30.0,26.28,27.94,37708304,26.63,30.0,26.28,27.94,37708304,0.0,1.0
IBIT,2024-01-12,24.97,26.41,24.75,26.4,22991870,24.97,26.41,24.75,26.4,22991870,0.0,1.0
IBIT,2024-01-16,24.72,24.862,24.04,24.7,15078207,24.72,24.862,24.04,24.7,15078207,0.0,1.0
IBIT,2024-01-17,24.41,24.56,24.15,24.35,13964502,24.41,24.56,24.15,24.35,13964502,0.0,1.0
IBIT,2024-01-18,23.34,24.47,23.2,24.35,17823191,23.34,24.47,23.2,24.35,17823191,0.0,1.0
IBIT,2024-01-19,23.8,24.1199,23.03,23.49,18284068,23.8,24.1199,23.03,23.49,18284068,0.0,1.0
IBIT,2024-01-22,22.95,23.33,22.5,23.2,17222074,22.95,23.33,22.5,23.2,17222074,0.0,1.0
IBIT,2024-01-23,22.32,22.63,22.02,22.19,13431658,22.32,22.63,22.02,22.19,13431658,0.0,1.0
IBIT,2024-01-24,22.6,22.97,22.57,22.82,11872470,22.6,22.97,22.57,22.82,11872470,0.0,1.0
IBIT,2024-01-25,22.76,22.9,22.58,22.86,8954870,22.76,22.9,22.58,22.86,8954870,0.0,1.0
IBIT,2024-01-26,23.99,24.12,23.48,23.52,20273847,23.99,24.12,23.48,23.52,20273847,0.0,1.0
IBIT,2024-01-29,24.67,24.77,23.88,23.99,19012898,24.67,24.77,23.88,23.99,19012898,0.0,1.0
IBIT,2024-01-30,24.88,24.98,24.685,24.84,15541322,24.88,24.98,24.685,24.84,15541322,0.0,1.0
IBIT,2024-01-31,24.3,25.0,24.26,24.38,13369335,24.3,25.0,24.26,24.38,13369335,0.0,1.0
IBIT,2024-02-01,24.54,24.72,24.19,24.21,12411413,24.54,24.72,24.19,24.21,12411413,0.0,1.0
IBIT,2024-02-02,24.5,24.825,24.38,24.39,10329020,24.5,24.825,24.38,24.39,10329020,0.0,1.0
IBIT,2024-02-05,24.19,24.79,24.13,24.75,6807517,24.19,24.79,24.13,24.75,6807517,0.0,1.0
IBIT,2024-02-06,24.6,24.7699,24.4498,24.47,7352898,24.6,24.7699,24.4498,24.47,7352898,0.0,1.0
IBIT,2024-02-07,25.22,25.2857,24.49,24.66,13952229,25.22,25.2857,24.49,24.66,13952229,0.0,1.0
IBIT,2024-02-08,26.03,26.08,25.64,25.755,18568455,26.03,26.08,25.64,25.755,18568455,0.0,1.0
IBIT,2024-02-09,27.15,27.57,26.75,26.85,20742776,27.15,27.57,26.75,26.85,20742776,0.0,1.0
IBIT,2024-02-12,28.66,28.86,27.515,27.53,35138572,28.66,28.86,27.515,27.53,35138572,0.0,1.0
IBIT,2024-02-13,28.22,28.28,27.62,27.97,20913598,28.22,28.28,27.62,27.97,20913598,0.0,1.0
IBIT,2024-02-14,29.55,29.825,29.24,29.58,28134453,29.55,29.825,29.24,29.58,28134453,0.0,1.0
IBIT,2024-02-15,29.52,30.23,29.48,29.995,22844686,29.52,30.23,29.48,29.995,22844686,0.0,1.0
IBIT,2024-02-16,29.62,29.97,29.49,29.858,15976526,29.62,29.97,29.49,29.858,15976526,0.0,1.0
IBIT,2024-02-20,29.67,29.92,28.97,29.88,21166418,29.67,29.92,28.97,29.88,21166418,0.0,1.0
IBIT,2024-02-21,29.08,29.35,28.91,29.055,17767555,29.08,29.35,28.91,29.055,17767555,0.0,1.0
IBIT,2024-02-22,29.72,29.76,29.135,29.17,15468402,29.72,29.76,29.135,29.17,15468402,0.0,1.0
IBIT,2024-02-23,29.16,29.31,28.91,29.26,13285822,29.16,29.31,28.91,29.26,13285822,0.0,1.0
IBIT,2024-02-26,31.12,31.43,29.33,29.34,42806425,31.12,31.43,29.33,29.34,42806425,0.0,1.0
IBIT,2024-02-27,32.59,32.96,32.17,32.53,42006445,32.59,32.96,32.17,32.53,42006445,0.0,1.0
IBIT,2024-02-28,34.45,36.87,33.8,34.41,96833380,34.45,36.87,33.8,34.41,96833380,0.0,1.0
IBIT,2024-02-29,35.42,36.38,34.47,36.205,53837492,35.42,36.38,34.47,36.205,53837492,0.0,1.0
IBIT,2024-03-01,35.99,36.17,34.93,35.65,35133569,35.99,36.17,34.93,35.65,35133569,0.0,1.0
IBIT,2024-03-04,38.65,38.89,37.4,37.42,63439014,38.65,38.89,37.4,37.42,63439014,0.0,1.0
IBIT,2024-03-05,35.32,39.69,34.03,38.665,107143597,35.32,39.69,34.03,38.665,107143597,0.0,1.0
IBIT,2024-03-06,38.29,38.595,37.295,38.16,45934345,38.29,38.595,37.295,38.16,45934345,0.0,1.0
IBIT,2024-03-07,38.63,38.94,38.08,38.5,41620143,38.63,38.94,38.08,38.5,41620143,0.0,1.0
IBIT,2024-03-08,39.55,40.2,37.77,38.935,89933979,39.55,40.2,37.77,38.935,89933979,0.0,1.0
IBIT,2024-03-11,41.12,41.65,40.74,41.31,74484699,41.12,41.65,40.74,41.31,74484699,0.0,1.0
IBIT,2024-03-12,40.73,41.8,39.21,41.28,90465387,40.73,41.8,39.21,41.28,90465387,0.0,1.0
IBIT,2024-03-13,41.95,41.99,40.93,41.52,51296946,41.95,41.99,40.93,41.52,51296946,0.0,1.0
IBIT,2024-03-14,39.51,41.53,39.01,41.46,97507676,39.51,41.53,39.01,41.46,97507676,0.0,1.0
IBIT,2024-03-15,39.39,40.3239,38.44,38.69,68768285,39.39,40.3239,38.44,38.69,68768285,0.0,1.0
IBIT,2024-03-18,38.14,39.13,37.93,38.81,53201564,38.14,39.13,37.93,38.81,53201564,0.0,1.0
IBIT,2024-03-19,36.7,37.53,35.49,36.35,69685175,36.7,37.53,35.49,36.35,69685175,0.0,1.0
IBIT,2024-03-20,37.55,37.69,35.41,36.18,71309267,37.55,37.69,35.41,36.18,71309267,0.0,1.0
IBIT,2024-03-21,37.15,38.61,37.0,38.605,47085932,37.15,38.61,37.0,38.605,47085932,0.0,1.0
IBIT,2024-03-22,36.41,36.69,35.705,36.6,39957363,36.41,36.69,35.705,36.6,39957363,0.0,1.0
IBIT,2024-03-25,40.55,40.62,38.195,38.2,64562024,40.55,40.62,38.195,38.2,64562024,0.0,1.0
IBIT,2024-03-26,39.63,40.51,39.54,40.45,44351363,39.63,40.51,39.54,40.45,44351363,0.0,1.0
IBIT,2024-03-27,39.13,40.97,39.015,40.91,46746940,39.13,40.97,39.015,40.91,46746940,0.0,1.0
IBIT,2024-03-28,40.47,40.96,40.215,40.56,44764022,40.47,40.96,40.215,40.56,44764022,0.0,1.0
IBIT,2024-04-01,39.75,40.03,38.835,39.99,34414607,39.75,40.03,38.835,39.99,34414607,0.0,1.0
IBIT,2024-04-02,37.6,37.84,36.8,37.02,33836285,37.6,37.84,36.8,37.02,33836285,0.0,1.0
IBIT,2024-04-03,37.54,38.2,37.37,37.5,29143911,37.54,38.2,37.37,37.5,29143911,0.0,1.0
IBIT,2024-04-04,39.08,39.6097,38.29,38.41,43648553,39.08,39.6097,38.29,38.41,43648553,0.0,1.0
IBIT,2024-04-05,38.41,39.155,38.1102,38.16,28504218,38.41,39.155,38.1102,38.16,28504218,0.0,1.0
IBIT,2024-04-08,40.95,41.2,40.61,41.15,39862448,40.95,41.2,40.61,41.15,39862448,0.0,1.0
IBIT,2024-04-09,39.33,40.5,38.9,40.29,35270455,39.33,40.5,38.9,40.29,35270455,0.0,1.0
IBIT,2024-04-10,40.0,40.0,38.46,38.58,38908023,40.0,40.0,38.46,38.58,38908023,0.0,1.0
IBIT,2024-04-11,40.17,40.4536,39.655,40.35,27725536,40.17,40.4536,39.655,40.35,27725536,0.0,1.0
IBIT,2024-04-12,38.14,40.1,37.17,40.0,57221423,38.14,40.1,37.17,40.0,57221423,0.0,1.0
IBIT,2024-04-15,36.08,37.95,35.54,37.78,46360334,36.08,37.95,35.54,37.78,46360334,0.0,1.0
IBIT,2024-04-16,35.75,36.13,35.16,36.04,35341655,35.75,36.13,35.16,36.04,35341655,0.0,1.0
IBIT,2024-04-17,34.76,35.92,33.99,35.57,52597859,34.76,35.92,33.99,35.57,52597859,0.0,1.0
IBIT,2024-04-18,36.21,36.61,35.28,35.58,35544174,36.21,36.61,35.28,35.58,35544174,0.0,1.0
IBIT,2024-04-19,36.67,37.15,36.24,36.95,34806727,36.67,37.15,36.24,36.95,34806727,0.0,1.0
IBIT,2024-04-22,37.93,38.15,37.45,37.67,29881144,37.93,38.15,37.45,37.67,29881144,0.0,1.0
IBIT,2024-04-23,37.9,38.31,37.69,37.71,17572330,37.9,38.31,37.69,37.71,17572330,0.0,1.0
IBIT,2024-04-24,36.41,37.83,36.29,37.63,32177994,36.41,37.83,36.29,37.63,32177994,0.0,1.0
IBIT,2024-04-25,36.86,36.99,35.79,35.94,25317116,36.86,36.99,35.79,35.94,25317116,0.0,1.0
IBIT,2024-04-26,36.32,36.9215,36.06,36.35,20226049,36.32,36.9215,36.06,36.35,20226049,0.0,1.0
IBIT,2024-04-29,35.87,36.0,35.14,35.59,21694920,35.87,36.0,35.14,35.59,21694920,0.0,1.0
IBIT,2024-04-30,33.57,35.01,33.54,34.81,41584269,33.57,35.01,33.54,34.81,41584269,0.0,1.0
IBIT,2024-05-01,32.39,33.83,32.2,32.82,45405579,32.39,33.83,32.2,32.82,45405579,0.0,1.0
IBIT,2024-05-02,33.8,33.965,33.16,33.45,23146274,33.8,33.965,33.16,33.45,23146274,0.0,1.0
IBIT,2024-05-03,35.4,35.5,34.855,34.9,26368310,35.4,35.5,34.855,34.9,26368310,0.0,1.0
IBIT,2024-05-06,36.01,36.61,35.7376,36.24,27166560,36.01,36.61,35.7376,36.24,27166560,0.0,1.0
IBIT,2024-05-07,35.93,36.6886,35.78,36.21,14753252,35.93,36.6886,35.78,36.21,14753252,0.0,1.0
IBIT,2024-05-08,35.38,35.79,35.17,35.34,14277713,35.38,35.79,35.17,35.34,14277713,0.0,1.0
IBIT,2024-05-09,35.58,35.75,34.66,34.94,16930090,35.58,35.75,34.66,34.94,16930090,0.0,1.0
IBIT,2024-05-10,34.58,35.995,34.26,35.8,28986035,34.58,35.995,34.26,35.8,28986035,0.0,1.0
IBIT,2024-05-13,36.0,36.19,35.65,35.78,17204940,36.0,36.19,35.65,35.78,17204940,0.0,1.0
IBIT,2024-05-14,35.07,35.495,34.8,35.34,13742748,35.07,35.495,34.8,35.34,13742748,0.0,1.0
IBIT,2024-05-15,37.67,37.93,36.46,36.67,40518600,37.67,37.93,36.46,36.67,40518600,0.0,1.0
IBIT,2024-05-16,37.15,37.91,36.8211,37.635,22092079,37.15,37.91,36.8211,37.635,22092079,0.0,1.0
IBIT,2024-05-17,38.28,38.54,37.54,37.84,25516871,38.28,38.54,37.54,37.84,25516871,0.0,1.0
IBIT,2024-05-20,39.97,40.0499,38.07,38.21,32788580,39.97,40.0499,38.07,38.21,32788580,0.0,1.0
IBIT,2024-05-21,39.47,40.67,39.405,40.465,29875156,39.47,40.67,39.405,40.465,29875156,0.0,1.0
IBIT,2024-05-22,39.71,40.33,39.445,39.77,20566823,39.71,40.33,39.445,39.77,20566823,0.0,1.0
IBIT,2024-05-23,38.27,39.575,38.01,39.51,23933848,38.27,39.575,38.01,39.51,23933848,0.0,1.0
IBIT,2024-05-24,39.46,39.59,38.16,38.43,19910862,39.46,39.59,38.16,38.43,19910862,0.0,1.0
IBIT,2024-05-28,38.98,39.1,38.305,38.98,19703173,38.98,39.1,38.305,38.98,19703173,0.0,1.0
IBIT,2024-05-29,38.32,38.74,38.24,38.66,14675489,38.32,38.74,38.24,38.66,14675489,0.0,1.0
IBIT,2024-05-30,39.16,39.69,38.7852,38.875,26021376,39.16,39.69,38.7852,38.875,26021376,0.0,1.0
IBIT,2024-05-31,38.55,39.23,37.92,39.17,23144669,38.55,39.23,37.92,39.17,23144669,0.0,1.0
IBIT,2024-06-03,39.44,40.12,39.09,39.78,27654000,39.44,40.12,39.09,39.78,27654000,0.0,1.0
IBIT,2024-06-04,40.17,40.59,39.47,39.59,40569466,40.17,40.59,39.47,39.59,40569466,0.0,1.0
IBIT,2024-06-05,40.67,41.0,40.111,40.58,30997617,40.67,41.0,40.111,40.58,30997617,0.0,1.0
IBIT,2024-06-06,40.16,40.89,40.14,40.58,20192978,40.16,40.89,40.14,40.58,20192978,0.0,1.0
IBIT,2024-06-07,39.42,40.89,38.89,40.69,35710320,39.42,40.89,38.89,40.69,35710320,0.0,1.0
IBIT,2024-06-10,39.59,40.02,39.4,39.465,15895680,39.59,40.02,39.4,39.465,15895680,0.0,1.0
IBIT,2024-06-11,38.43,38.535,37.62,38.29,29402910,38.43,38.535,37.62,38.29,29402910,0.0,1.0
IBIT,2024-06-12,38.45,39.96,38.3,39.49,27518624,38.45,39.96,38.3,39.49,27518624,0.0,1.0
IBIT,2024-06-13,37.9,38.935,37.68,38.78,24858536,37.9,38.935,37.68,38.78,24858536,0.0,1.0
IBIT,2024-06-14,37.3,38.3899,37.025,38.36,22309008,37.3,38.3899,37.025,38.36,22309008,0.0,1.0
IBIT,2024-06-17,37.98,38.34,37.0201,37.385,17785637,37.98,38.34,37.0201,37.385,17785637,0.0,1.0
IBIT,2024-06-18,36.64,37.23,36.4399,36.949,25778215,36.64,37.23,36.4399,36.949,25778215,0.0,1.0
IBIT,2024-06-20,37.04,37.31,36.73,37.22,15271087,37.04,37.31,36.73,37.22,15271087,0.0,1.0
IBIT,2024-06-21,36.58,36.675,36.06,36.21,21001034,36.58,36.675,36.06,36.21,21001034,0.0,1.0
IBIT,2024-06-24,33.765,35.14,33.58,34.87,46597005,33.765,35.14,33.58,34.87,46597005,0.0,1.0
IBIT,2024-06-25,35.3,35.565,34.73,34.885,31346229,35.3,35.565,34.73,34.885,31346229,0.0,1.0
IBIT,2024-06-26,34.71,35.33,34.5601,35.03,13026589,34.71,35.33,34.5601,35.03,13026589,0.0,1.0
IBIT,2024-06-27,34.98,35.56,34.935,35.08,14788756,34.98,35.56,34.935,35.08,14788756,0.0,1.0
IBIT,2024-06-28,34.14,35.225,34.1,35.03,18313090,34.14,35.225,34.1,35.03,18313090,0.0,1.0
IBIT,2024-07-01,36.0,36.405,35.5802,35.82,18509918,36.0,36.405,35.5802,35.82,18509918,0.0,1.0
IBIT,2024-07-02,35.22,35.975,35.15,35.82,13772242,35.22,35.975,35.15,35.82,13772242,0.0,1.0
IBIT,2024-07-03,34.44,34.6,34.11,34.35,12793340,34.44,34.6,34.11,34.35,12793340,0.0,1.0
IBIT,2024-07-05,32.2,32.5378,31.57,31.675,47018318,32.2,32.5378,31.57,31.675,47018318,0.0,1.0
IBIT,2024-07-08,32.16,32.72,31.34,32.6,28999053,32.16,32.72,31.34,32.6,28999053,0.0,1.0
IBIT,2024-07-09,32.96,33.235,32.441,32.62,18029700,32.96,33.235,32.441,32.62,18029700,0.0,1.0
IBIT,2024-07-10,32.67,33.09,32.67,33.06,17248800,32.67,33.09,32.67,33.06,17248800,0.0,1.0
IBIT,2024-07-11,32.7,33.64,32.57,33.52,21952222,32.7,33.64,32.57,33.52,21952222,0.0,1.0
IBIT,2024-07-12,32.85,33.4099,32.772,32.8,16920991,32.85,33.4099,32.772,32.8,16920991,0.0,1.0
IBIT,2024-07-15,36.15,36.47,35.61,35.79,34245891,36.15,36.47,35.61,35.79,34245891,0.0,1.0
IBIT,2024-07-16,37.17,37.22,35.97,36.425,27810528,37.17,37.22,35.97,36.425,27810528,0.0,1.0
IBIT,2024-07-17,36.84,37.3,36.39,36.87,32704074,36.84,37.3,36.39,36.87,32704074,0.0,1.0
IBIT,2024-07-18,36.22,37.07,36.03,36.995,22725779,36.22,37.07,36.03,36.995,22725779,0.0,1.0
IBIT,2024-07-19,38.4,38.53,36.5,36.56,46756055,38.4,38.53,36.5,36.56,46756055,0.0,1.0
IBIT,2024-07-22,38.93,38.96,37.95,38.56,24116204,38.93,38.96,37.95,38.56,24116204,0.0,1.0
IBIT,2024-07-23,37.34,38.4,37.2727,37.95,35482190,37.34,38.4,37.2727,37.95,35482190,0.0,1.0
IBIT,2024-07-24,37.42,38.28,37.36,37.99,23403029,37.42,38.28,37.36,37.99,23403029,0.0,1.0
IBIT,2024-07-25,36.83,37.15,36.09,36.62,21928801,36.83,37.15,36.09,36.62,21928801,0.0,1.0
IBIT,2024-07-26,38.79,38.89,38.13,38.46,28993204,38.79,38.89,38.13,38.46,28993204,0.0,1.0
IBIT,2024-07-29,38.34,39.745,37.83,39.73,38158742,38.34,39.745,37.83,39.73,38158742,0.0,1.0
IBIT,2024-07-30,37.55,38.14,37.32,37.98,19556049,37.55,38.14,37.32,37.98,19556049,0.0,1.0
IBIT,2024-07-31,37.18,38.09,36.995,37.87,20532966,37.18,38.09,36.995,37.87,20532966,0.0,1.0
IBIT,2024-08-01,36.07,36.98,35.43,36.8,37068050,36.07,36.98,35.43,36.8,37068050,0.0,1.0
IBIT,2024-08-02,35.61,37.32,35.49,36.93,35706119,35.61,37.32,35.49,36.93,35706119,0.0,1.0
IBIT,2024-08-05,30.48,31.66,28.23,28.35,97633006,30.48,31.66,28.23,28.35,97633006,0.0,1.0
IBIT,2024-08-06,32.34,32.535,31.0,31.43,39663758,32.34,32.535,31.0,31.43,39663758,0.0,1.0
IBIT,2024-08-07,31.19,32.79,31.12,32.65,24351454,31.19,32.79,31.12,32.65,24351454,0.0,1.0
IBIT,2024-08-08,33.88,34.14,32.3,32.91,32889358,33.88,34.14,32.3,32.91,32889358,0.0,1.0
IBIT,2024-08-09,34.6,34.835,33.93,34.41,18872717,34.6,34.835,33.93,34.41,18872717,0.0,1.0
IBIT,2024-08-12,33.64,34.6,32.945,33.93,20819164,33.64,34.6,32.945,33.93,20819164,0.0,1.0
IBIT,2024-08-13,34.64,35.125,33.54,33.57,20186031,34.64,35.125,33.54,33.57,20186031,0.0,1.0
IBIT,2024-08-14,33.56,34.74,33.43,34.635,19032543,33.56,34.74,33.43,34.635,19032543,0.0,1.0
IBIT,2024-08-15,32.5,34.12,32.29,33.72,29136123,32.5,34.12,32.29,33.72,29136123,0.0,1.0
IBIT,2024-08-16,34.03,34.1355,32.85,33.36,22686484,34.03,34.1355,32.85,33.36,22686484,0.0,1.0
IBIT,2024-08-19,33.62,33.795,33.1,33.47,13480151,33.62,33.795,33.1,33.47,13480151,0.0,1.0
IBIT,2024-08-20,33.92,34.7697,33.35,34.52,21676586,33.92,34.7697,33.35,34.52,21676586,0.0,1.0
IBIT,2024-08-21,35.13,35.145,33.53,33.88,22993901,35.13,35.145,33.53,33.88,22993901,0.0,1.0
IBIT,2024-08-22,34.35,34.735,34.24,34.66,15825085,34.35,34.735,34.24,34.66,15825085,0.0,1.0
IBIT,2024-08-23,36.28,36.44,34.64,34.805,51673290,36.28,36.44,34.64,34.805,51673290,0.0,1.0
IBIT,2024-08-26,36.09,36.415,35.92,36.34,19479653,36.09,36.415,35.92,36.34,19479653,0.0,1.0
IBIT,2024-08-27,35.38,35.5872,34.99,35.56,19488634,35.38,35.5872,34.99,35.56,19488634,0.0,1.0
IBIT,2024-08-28,33.52,34.2,32.93,34.1,36007387,33.52,34.2,32.93,34.1,36007387,0.0,1.0
IBIT,2024-08-29,33.69,34.825,33.52,34.3,22692502,33.69,34.825,33.52,34.3,22692502,0.0,1.0
IBIT,2024-08-30,33.37,34.07,32.84,33.9,22832260,33.37,34.07,32.84,33.9,22832260,0.0,1.0
IBIT,2024-09-03,32.98,33.65,32.7,33.64,23729710,32.98,33.65,32.7,33.64,23729710,0.0,1.0
IBIT,2024-09-04,33.04,33.3083,31.92,32.1,19582957,33.04,33.3083,31.92,32.1,19582957,0.0,1.0
IBIT,2024-09-05,31.85,32.6,31.71,32.23,20575413,31.85,32.6,31.71,32.23,20575413,0.0,1.0
IBIT,2024-09-06,30.41,32.38,30.24,32.285,40486810,30.41,32.38,30.24,32.285,40486810,0.0,1.0
IBIT,2024-09-09,32.51,32.58,31.1737,31.52,24533687,32.51,32.58,31.1737,31.52,24533687,0.0,1.0
IBIT,2024-09-10,33.0,33.06,32.15,32.41,12648720,33.0,33.06,32.15,32.41,12648720,0.0,1.0
IBIT,2024-09-11,32.8,33.015,31.58,32.33,20530578,32.8,33.015,31.58,32.33,20530578,0.0,1.0
IBIT,2024-09-12,33.25,33.35,32.61,32.87,15890670,33.25,33.35,32.61,32.87,15890670,0.0,1.0
IBIT,2024-09-13,34.04,34.225,32.8,32.88,33124995,34.04,34.225,32.8,32.88,33124995,0.0,1.0
IBIT,2024-09-16,32.98,33.33,32.69,33.31,20931180,32.98,33.33,32.69,33.31,20931180,0.0,1.0
IBIT,2024-09-17,34.1,34.97,33.5201,33.76,39849912,34.1,34.97,33.5201,33.76,39849912,0.0,1.0
IBIT,2024-09-18,34.15,34.93,33.66,34.08,28844922,34.15,34.93,33.66,34.08,28844922,0.0,1.0
IBIT,2024-09-19,36.01,36.3962,35.665,36.03,25199431,36.01,36.3962,35.665,36.03,25199431,0.0,1.0
IBIT,2024-09-20,35.8,36.1955,35.515,35.85,15938421,35.8,36.1955,35.515,35.85,15938421,0.0,1.0
IBIT,2024-09-23,36.04,36.355,35.89,36.06,17294801,36.04,36.355,35.89,36.06,17294801,0.0,1.0
IBIT,2024-09-24,36.64,36.69,35.69,36.14,19764103,36.64,36.69,35.69,36.14,19764103,0.0,1.0
IBIT,2024-09-25,35.97,36.45,35.83,36.15,13547134,35.97,36.45,35.83,36.15,13547134,0.0,1.0
IBIT,2024-09-26,36.84,37.53,36.52,36.655,41457113,36.84,37.53,36.52,36.655,41457113,0.0,1.0
IBIT,2024-09-27,37.39,37.94,37.245,37.42,28884545,37.39,37.94,37.245,37.42,28884545,0.0,1.0
IBIT,2024-09-30,36.13,36.49,35.86,36.42,23623984,36.13,36.49,35.86,36.42,23623984,0.0,1.0
IBIT,2024-10-01,35.13,36.1,34.69,36.07,43920514,35.13,36.1,34.69,36.07,43920514,0.0,1.0
IBIT,2024-10-02,34.24,35.51,34.135,34.63,29353609,34.24,35.51,34.135,34.63,29353609,0.0,1.0
IBIT,2024-10-03,34.72,34.75,34.06,34.4,18482525,34.72,34.75,34.06,34.4,18482525,0.0,1.0
IBIT,2024-10-04,35.52,35.6,34.575,35.04,22721190,35.52,35.6,34.575,35.04,22721190,0.0,1.0
IBIT,2024-10-07,36.06,36.7297,35.69,35.91,21124067,36.06,36.7297,35.69,35.91,21124067,0.0,1.0
IBIT,2024-10-08,35.4,35.99,35.16,35.63,25203180,35.4,35.99,35.16,35.63,25203180,0.0,1.0
IBIT,2024-10-09,34.68,35.495,34.56,35.21,18243990,34.68,35.495,34.56,35.21,18243990,0.0,1.0
IBIT,2024-10-10,33.95,34.76,33.465,34.76,25996472,33.95,34.76,33.465,34.76,25996472,0.0,1.0
IBIT,2024-10-11,35.94,36.145,34.94,34.94,33399382,35.94,36.145,34.94,34.94,33399382,0.0,1.0
IBIT,2024-10-14,37.57,37.815,36.82,36.87,44553135,37.57,37.815,36.82,36.87,44553135,0.0,1.0
IBIT,2024-10-15,38.17,38.745,36.875,37.53,53538980,38.17,38.745,36.875,37.53,53538980,0.0,1.0
IBIT,2024-10-16,38.58,38.93,38.24,38.66,26627479,38.58,38.93,38.24,38.66,26627479,0.0,1.0
IBIT,2024-10-17,38.05,38.54,37.94,38.16,19655515,38.05,38.54,37.94,38.16,19655515,0.0,1.0
IBIT,2024-10-18,39.07,39.37,38.56,38.61,39820519,39.07,39.37,38.56,38.61,39820519,0.0,1.0
IBIT,2024-10-21,38.57,38.67,38.02,38.64,28773411,38.57,38.67,38.02,38.64,28773411,0.0,1.0
IBIT,2024-10-22,38.41,38.55,37.8909,38.18,23972920,38.41,38.55,37.8909,38.18,23972920,0.0,1.0
IBIT,2024-10-23,37.81,38.08,37.09,37.86,25771162,37.81,38.08,37.09,37.86,25771162,0.0,1.0
IBIT,2024-10-24,38.87,38.92,38.3,38.47,27015528,38.87,38.92,38.3,38.47,27015528,0.0,1.0
IBIT,2024-10-25,38.01,39.2,37.47,38.72,51745568,38.01,39.2,37.47,38.72,51745568,0.0,1.0
IBIT,2024-10-28,39.67,39.84,38.95,39.25,54652311,39.67,39.84,38.95,39.25,54652311,0.0,1.0
IBIT,2024-10-29,41.33,41.96,40.36,40.56,81566346,41.33,41.96,40.36,40.56,81566346,0.0,1.0
IBIT,2024-10-30,40.88,41.28,40.6215,40.88,32004733,40.88,41.28,40.6215,40.88,32004733,0.0,1.0
IBIT,2024-10-31,39.78,41.01,39.725,40.98,48039769,39.78,41.01,39.725,40.98,48039769,0.0,1.0
IBIT,2024-11-01,39.37,40.7983,39.1,39.925,49930218,39.37,40.7983,39.1,39.925,49930218,0.0,1.0
IBIT,2024-11-04,38.25,39.12,38.1701,39.03,36048942,38.25,39.12,38.1701,39.03,36048942,0.0,1.0
IBIT,2024-11-05,39.51,40.13,39.11,39.43,36660442,39.51,40.13,39.11,39.43,36660442,0.0,1.0
IBIT,2024-11-06,43.4,43.63,41.86,42.32,97138123,43.4,43.63,41.86,42.32,97138123,0.0,1.0
IBIT,2024-11-07,43.6,43.84,42.47,42.71,40670192,43.6,43.84,42.47,42.71,40670192,0.0,1.0
IBIT,2024-11-08,43.69,44.09,43.1,43.44,44183719,43.69,44.09,43.1,43.44,44183719,0.0,1.0
IBIT,2024-11-11,49.57,49.89,46.53,46.66,96319189,49.57,49.89,46.53,46.66,96319189,0.0,1.0
IBIT,2024-11-12,51.05,51.26,48.515,49.02,77294935,51.05,51.26,48.515,49.02,77294935,0.0,1.0
IBIT,2024-11-13,51.04,53.255,50.86,51.24,103319316,51.04,53.255,50.86,51.24,103319316,0.0,1.0
IBIT,2024-11-14,49.73,52.3,49.7,51.99,60782759,49.73,52.3,49.7,51.99,60782759,0.0,1.0
IBIT,2024-11-15,52.13,52.17,49.925,50.84,46939425,52.13,52.17,49.925,50.84,46939425,0.0,1.0
IBIT,2024-11-18,52.13,52.8053,51.04,51.5,61429321,52.13,52.8053,51.04,51.5,61429321,0.0,1.0
IBIT,2024-11-19,52.7,53.66,51.91,52.16,80884031,52.7,53.66,51.91,52.16,80884031,0.0,1.0
IBIT,2024-11-20,53.72,54.17,53.06,53.88,70154542,53.72,54.17,53.06,53.88,70154542,0.0,1.0
IBIT,2024-11-21,55.9,56.505,54.41,55.41,93957586,55.9,56.505,54.41,55.41,93957586,0.0,1.0
IBIT,2024-11-22,56.49,56.86,55.31,55.64,66020372,56.49,56.86,55.31,55.64,66020372,0.0,1.0
IBIT,2024-11-25,54.02,55.49,53.67,55.41,69396705,54.02,55.49,53.67,55.41,69396705,0.0,1.0
IBIT,2024-11-26,51.7,53.995,51.54,52.44,67423310,51.7,53.995,51.54,52.44,67423310,0.0,1.0
IBIT,2024-11-27,55.03,55.49,53.66,53.83,61783541,55.03,55.49,53.66,53.83,61783541,0.0,1.0
IBIT,2024-11-29,55.21,56.36,55.21,55.48,30337331,55.21,56.36,55.21,55.48,30337331,0.0,1.0
IBIT,2024-12-02,54.48,55.545,53.75,54.66,52619439,54.48,55.545,53.75,54.66,52619439,0.0,1.0
IBIT,2024-12-03,54.46,54.94,53.2833,53.62,39000438,54.46,54.94,53.2833,53.62,39000438,0.0,1.0
IBIT,2024-12-04,56.42,56.61,53.9,54.61,58655320,56.42,56.61,53.9,54.61,58655320,0.0,1.0
IBIT,2024-12-05,56.4,59.16,55.7,58.595,89447615,56.4,59.16,55.7,58.595,89447615,0.0,1.0
IBIT,2024-12-06,57.8,58.21,56.18,56.6,50016990,57.8,58.21,56.18,56.6,50016990,0.0,1.0
IBIT,2024-12-09,54.73,57.25,54.635,56.41,55677607,54.73,57.25,54.635,56.41,55677607,0.0,1.0
IBIT,2024-12-10,54.9,56.0,53.62,55.8,48810003,54.9,56.0,53.62,55.8,48810003,0.0,1.0
IBIT,2024-12-11,57.72,57.98,56.04,56.19,48872589,57.72,57.98,56.04,56.19,48872589,0.0,1.0
IBIT,2024-12-12,56.92,58.45,56.47,57.77,38811349,56.92,58.45,56.47,57.77,38811349,0.0,1.0
IBIT,2024-12-13,57.91,58.09,56.73,57.2,37881688,57.91,58.09,56.73,57.2,37881688,0.0,1.0
IBIT,2024-12-16,60.22,61.465,59.38,59.43,63994128,60.22,61.465,59.38,59.43,63994128,0.0,1.0
IBIT,2024-12-17,60.73,61.75,60.15,61.37,49617650,60.73,61.75,60.15,61.37,49617650,0.0,1.0
IBIT,2024-12-18,57.18,59.785,56.82,59.56,69862682,57.18,59.785,56.82,59.56,69862682,0.0,1.0
IBIT,2024-12-19,54.72,58.48,54.28,58.195,79563946,54.72,58.48,54.28,58.195,79563946,0.0,1.0
IBIT,2024-12-20,54.81,55.66,53.93,54.075,55327879,54.81,55.66,53.93,54.075,55327879,0.0,1.0
IBIT,2024-12-23,52.87,54.34,52.5,54.27,44528518,52.87,54.34,52.5,54.27,44528518,0.0,1.0
IBIT,2024-12-24,56.23,56.408,54.88,55.055,27692664,56.23,56.408,54.88,55.055,27692664,0.0,1.0
IBIT,2024-12-26,54.3,54.96,54.06,54.42,26750363,54.3,54.96,54.06,54.42,26750363,0.0,1.0
IBIT,2024-12-27,53.68,54.82,52.96,54.78,35983044,53.68,54.82,52.96,54.78,35983044,0.0,1.0
IBIT,2024-12-30,53.55,53.94,51.77,52.8,39339961,53.55,53.94,51.77,52.8,39339961,0.0,1.0
IBIT,2024-12-31,53.05,54.73,52.9,54.478,30143608,53.05,54.73,52.9,54.478,30143608,0.0,1.0
IBIT,2025-01-02,55.37,55.73,54.59,54.895,41029151,55.37,55.73,54.59,54.895,41029151,0.0,1.0
IBIT,2025-01-03,55.96,56.41,54.97,55.23,32839480,55.96,56.41,54.97,55.23,32839480,0.0,1.0
IBIT,2025-01-06,58.17,58.455,56.24,56.365,47318389,58.17,58.455,56.24,56.365,47318389,0.0,1.0
IBIT,2025-01-07,54.79,57.382,54.58,57.31,57081839,54.79,57.382,54.58,57.31,57081839,0.0,1.0
IBIT,2025-01-08,53.34,54.61,52.51,54.27,47070972,53.34,54.61,52.51,54.27,47070972,0.0,1.0
IBIT,2025-01-10,53.84,54.546405,52.3912,53.7,43996088,53.84,54.546405,52.3912,53.7,43996088,0.0,1.0
IBIT,2025-01-13,53.22,53.33,50.69,51.65,44866491,53.22,53.33,50.69,51.65,44866491,0.0,1.0
IBIT,2025-01-14,54.83,55.33,54.18,55.04,30772842,54.83,55.33,54.18,55.04,30772842,0.0,1.0
IBIT,2025-01-15,56.64,57.35,53.9662,56.14,42124740,56.64,57.35,53.9662,56.14,42124740,0.0,1.0
IBIT,2025-01-16,57.09,57.29,55.3,56.53,35548005,57.09,57.29,55.3,56.53,35548005,0.0,1.0
IBIT,2025-01-17,59.62,60.41,58.26,58.515,70766122,59.62,60.41,58.26,58.515,70766122,0.0,1.0
IBIT,2025-01-21,60.42,61.08,58.41,59.87,63410700,60.42,61.08,58.41,59.87,63410700,0.0,1.0
IBIT,2025-01-22,59.38,59.86,58.76,59.55,37667944,59.38,59.86,58.76,59.55,37667944,0.0,1.0
IBIT,2025-01-23,58.79,60.82,58.16,58.23,118197641,58.79,60.82,58.16,58.23,118197641,0.0,1.0
IBIT,2025-01-24,59.7,61.06,59.56,59.92,46082299,59.7,61.06,59.56,59.92,46082299,0.0,1.0
IBIT,2025-01-27,57.67,58.2,56.15,57.32,61243064,57.67,58.2,56.15,57.32,61243064,0.0,1.0
IBIT,2025-01-28,57.58,59.06,57.545,58.34,30257022,57.58,59.06,57.545,58.34,30257022,0.0,1.0
IBIT,2025-01-29,59.34,59.67,57.66,58.12,38059401,59.34,59.67,57.66,58.12,38059401,0.0,1.0
IBIT,2025-01-30,59.72,60.67,59.6,59.73,33479299,59.72,60.67,59.6,59.73,33479299,0.0,1.0
IBIT,2025-01-31,57.71,60.4,57.65,59.61,41862067,57.71,60.4,57.65,59.61,41862067,0.0,1.0
IBIT,2025-02-03,57.58,58.135,53.69,53.97,73864866,57.58,58.135,53.69,53.97,73864866,0.0,1.0
IBIT,2025-02-04,56.13,57.4252,55.73,56.51,48597673,56.13,57.4252,55.73,56.51,48597673,0.0,1.0
IBIT,2025-02-05,55.33,56.47,54.87,56.21,24705047,55.33,56.47,54.87,56.21,24705047,0.0,1.0
IBIT,2025-02-06,55.12,56.315,54.4101,55.93,28324404,55.12,56.315,54.4101,55.93,28324404,0.0,1.0
IBIT,2025-02-07,54.47,57.05,54.36,56.74,41477251,54.47,57.05,54.36,56.74,41477251,0.0,1.0
IBIT,2025-02-10,55.38,55.77,55.08,55.61,21331756,55.38,55.77,55.08,55.61,21331756,0.0,1.0
IBIT,2025-02-11,54.11,55.36,53.87,55.11,27542729,54.11,55.36,53.87,55.11,27542729,0.0,1.0
IBIT,2025-02-12,55.16,55.56,53.7,53.83,34445186,55.16,55.56,53.7,53.83,34445186,0.0,1.0
IBIT,2025-02-13,54.74,54.88,54.12,54.57,24211237,54.74,54.88,54.12,54.57,24211237,0.0,1.0
IBIT,2025-02-14,55.33,56.36,54.75,54.94,27505401,55.33,56.36,54.75,54.94,27505401,0.0,1.0
IBIT,2025-02-18,53.51,54.99,53.03,54.9,38190453,53.51,54.99,53.03,54.9,38190453,0.0,1.0
IBIT,2025-02-19,54.65,55.0,54.22,54.83,29062141,54.65,55.0,54.22,54.83,29062141,0.0,1.0
IBIT,2025-02-20,56.04,56.2,55.01,55.63,25814891,56.04,56.2,55.01,55.63,25814891,0.0,1.0
IBIT,2025-02-21,53.92,56.55,53.79,56.39,48588622,53.92,56.55,53.79,56.39,48588622,0.0,1.0
IBIT,2025-02-24,53.41,54.47,53.19,54.23,38111606,53.41,54.47,53.19,54.23,38111606,0.0,1.0
IBIT,2025-02-25,50.03,50.66,48.67,50.655,103835173,50.03,50.66,48.67,50.655,103835173,0.0,1.0
IBIT,2025-02-26,47.96,50.2299,46.69,48.71,86382553,47.96,50.2299,46.69,48.71,86382553,0.0,1.0
IBIT,2025-02-27,47.35,49.09,46.9,49.01,43346479,47.35,49.09,46.9,49.01,43346479,0.0,1.0
IBIT,2025-02-28,47.9,48.44,46.065,46.54,59648323,47.9,48.44,46.065,46.54,59648323,0.0,1.0
IBIT,2025-03-03,48.9,53.035,48.36,52.97,92274132,48.9,53.035,48.36,52.97,92274132,0.0,1.0
IBIT,2025-03-04,49.39,50.56,46.28,47.03,72360145,49.39,50.56,46.28,47.03,72360145,0.0,1.0
IBIT,2025-03-05,51.44,51.5,49.76,51.01,49050731,51.44,51.5,49.76,51.01,49050731,0.0,1.0
IBIT,2025-03-06,50.64,52.02,49.88,51.155,50275047,50.64,52.02,49.88,51.155,50275047,0.0,1.0
IBIT,2025-03-07,49.43,51.82,49.13,50.67,59351095,49.43,51.82,49.13,50.67,59351095,0.0,1.0
IBIT,2025-03-10,44.91,47.12,43.95,46.99,83898882,44.91,47.12,43.95,46.99,83898882,0.0,1.0
IBIT,2025-03-11,47.24,47.55,44.885,46.3,48562703,47.24,47.55,44.885,46.3,48562703,0.0,1.0
IBIT,2025-03-12,47.15,47.645,45.795,47.38,32196179,47.15,47.645,45.795,47.38,32196179,0.0,1.0
IBIT,2025-03-13,45.52,47.28,45.38,47.13,42870382,45.52,47.28,45.38,47.13,42870382,0.0,1.0
IBIT,2025-03-14,48.14,48.555,46.99,47.385,43770196,48.14,48.555,46.99,47.385,43770196,0.0,1.0
IBIT,2025-03-17,48.06,48.235,46.87,47.16,28998279,48.06,48.235,46.87,47.16,28998279,0.0,1.0
IBIT,2025-03-18,46.81,46.92,46.09,46.825,33645549,46.81,46.92,46.09,46.825,33645549,0.0,1.0
IBIT,2025-03-19,48.61,48.94,47.54,47.74,40812831,48.61,48.94,47.54,47.74,40812831,0.0,1.0
IBIT,2025-03-20,47.85,49.225,47.49,48.39,30509054,47.85,49.225,47.49,48.39,30509054,0.0,1.0
IBIT,2025-03-21,47.7,47.99,47.25,47.56,18141541,47.7,47.99,47.25,47.56,18141541,0.0,1.0
IBIT,2025-03-24,50.18,50.5,49.59,49.64,29833259,50.18,50.5,49.59,49.64,29833259,0.0,1.0
IBIT,2025-03-25,50.14,50.25,49.5,49.86,21846271,50.14,50.25,49.5,49.86,21846271,0.0,1.0
IBIT,2025-03-26,49.18,50.02,48.77,49.75,28947990,49.18,50.02,48.77,49.75,28947990,0.0,1.0
IBIT,2025-03-27,49.44,49.8089,48.795,49.08,33003960,49.44,49.8089,48.795,49.08,33003960,0.0,1.0
IBIT,2025-03-28,47.56,48.64,47.43,48.47,37749356,47.56,48.64,47.43,48.47,37749356,0.0,1.0
IBIT,2025-03-31,46.81,47.69,46.341,46.88,24010791,46.81,47.69,46.341,46.88,24010791,0.0,1.0
IBIT,2025-04-01,48.3,48.65,46.842,47.53,30139681,48.3,48.65,46.842,47.53,30139681,0.0,1.0
IBIT,2025-04-02,49.41,49.715,48.04,48.13,38654714,49.41,49.715,48.04,48.13,38654714,0.0,1.0
IBIT,2025-04-03,46.57,47.04,46.11,46.59,40675998,46.57,47.04,46.11,46.59,40675998,0.0,1.0
IBIT,2025-04-04,47.71,48.11,46.43,46.94,68668830,47.71,48.11,46.43,46.94,68668830,0.0,1.0
IBIT,2025-04-07,44.27,46.16,42.98,43.68,107582055,44.27,46.16,42.98,43.68,107582055,0.0,1.0
IBIT,2025-04-08,43.59,45.65,43.255,45.54,50053346,43.59,45.65,43.255,45.54,50053346,0.0,1.0
IBIT,2025-04-09,46.83,47.19,43.53,43.58,85507939,46.83,47.19,43.53,43.58,85507939,0.0,1.0
IBIT,2025-04-10,45.17,46.49,44.505,46.41,45745683,45.17,46.49,44.505,46.41,45745683,0.0,1.0
IBIT,2025-04-11,47.67,47.8869,46.18,46.63,54223514,47.67,47.8869,46.18,46.63,54223514,0.0,1.0
IBIT,2025-04-14,48.28,48.81,47.55,48.29,32514400,48.28,48.81,47.55,48.29,32514400,0.0,1.0
IBIT,2025-04-15,47.74,49.19,47.68,48.8,24001676,47.74,49.19,47.68,48.8,24001676,0.0,1.0
IBIT,2025-04-16,47.96,48.64,47.355,47.59,27463001,47.96,48.64,47.355,47.59,27463001,0.0,1.0
IBIT,2025-04-17,48.26,48.65,47.615,48.15,23963579,48.26,48.65,47.615,48.15,23963579,0.0,1.0
IBIT,2025-04-21,49.72,50.42,49.095,49.63,57126893,49.72,50.42,49.095,49.63,57126893,0.0,1.0
IBIT,2025-04-22,52.08,52.27,50.88,51.0,83738112,52.08,52.27,50.88,51.0,83738112,0.0,1.0
IBIT,2025-04-23,53.2,53.84,52.27,53.46,60960489,53.2,53.84,52.27,53.46,60960489,0.0,1.0
IBIT,2025-04-24,53.26,53.31,52.65,52.75,28476587,53.26,53.31,52.65,52.75,28476587,0.0,1.0
IBIT,2025-04-25,54.27,54.58,53.48,53.62,48230982,54.27,54.58,53.48,53.62,48230982,0.0,1.0
IBIT,2025-04-28,53.88,54.17,53.12,54.09,34157234,53.88,54.17,53.12,54.09,34157234,0.0,1.0
IBIT,2025-04-29,54.22,54.32,53.755,53.95,31214047,54.22,54.32,53.755,53.95,31214047,0.0,1.0
IBIT,2025-04-30,53.51,53.765,52.76,53.75,34189557,53.51,53.765,52.76,53.75,34189557,0.0,1.0
IBIT,2025-05-01,54.95,55.505,54.52,54.99,52802615,54.95,55.505,54.52,54.99,52802615,0.0,1.0
IBIT,2025-05-02,55.19,55.74,54.9723,55.16,43449009,55.19,55.74,54.9723,55.16,43449009,0.0,1.0
IBIT,2025-05-05,53.63,53.97,53.18,53.52,24957666,53.63,53.97,53.18,53.52,24957666,0.0,1.0
IBIT,2025-05-06,53.97,54.11,53.02,53.245,20578709,53.97,54.11,53.02,53.245,20578709,0.0,1.0
IBIT,2025-05-07,54.68,55.455,54.45,54.99,29902962,54.68,55.455,54.45,54.99,29902962,0.0,1.0
IBIT,2025-05-08,57.62,57.835,56.31,56.54,55449010,57.62,57.835,56.31,56.54,55449010,0.0,1.0
IBIT,2025-05-09,58.66,59.0069,58.155,58.56,36503678,58.66,59.0069,58.155,58.56,36503678,0.0,1.0
IBIT,2025-05-12,57.88,59.48,57.23,59.18,44350645,57.88,59.48,57.23,59.18,44350645,0.0,1.0
IBIT,2025-05-13,59.62,59.75,58.4571,58.98,38311997,59.62,59.75,58.4571,58.98,38311997,0.0,1.0
IBIT,2025-05-14,58.74,59.35,58.32,59.18,38499448,58.74,59.35,58.32,59.18,38499448,0.0,1.0
IBIT,2025-05-15,58.67,59.255,57.62,58.28,33563849,58.67,59.255,57.62,58.28,33563849,0.0,1.0
IBIT,2025-05-16,59.2,59.5,58.77,58.88,37353625,59.2,59.5,58.77,58.88,37353625,0.0,1.0
IBIT,2025-05-19,59.99,60.06,58.2101,58.29,50625063,59.99,60.06,58.2101,58.29,50625063,0.0,1.0
IBIT,2025-05-20,60.91,61.05,59.2,59.485,49771135,60.91,61.05,59.2,59.485,49771135,0.0,1.0
IBIT,2025-05-21,61.79,62.53,60.325,60.54,98801881,61.79,62.53,60.325,60.54,98801881,0.0,1.0
IBIT,2025-05-22,63.23,63.7,62.81,63.35,66549464,63.23,63.7,62.81,63.35,66549464,0.0,1.0
IBIT,2025-05-23,61.83,62.605,61.43,61.81,61971386,61.83,62.605,61.43,61.81,61971386,0.0,1.0
IBIT,2025-05-27,62.5,63.04,61.825,62.84,49538643,62.5,63.04,61.825,62.84,49538643,0.0,1.0
IBIT,2025-05-28,60.79,62.025,60.76,61.84,44241949,60.79,62.025,60.76,61.84,44241949,0.0,1.0
IBIT,2025-05-29,59.99,61.61,59.9,61.58,70525244,59.99,61.61,59.9,61.58,70525244,0.0,1.0
IBIT,2025-05-30,59.46,60.26,58.855,60.045,45680038,59.46,60.26,58.855,60.045,45680038,0.0,1.0
IBIT,2025-06-02,59.36,59.555,58.88,59.07,30733544,59.36,59.555,58.88,59.07,30733544,0.0,1.0
IBIT,2025-06-03,60.4,60.7799,59.71,59.98,37381640,60.4,60.7799,59.71,59.98,37381640,0.0,1.0
IBIT,2025-06-04,59.64,60.0035,59.16,59.66,32365259,59.64,60.0035,59.16,59.66,32365259,0.0,1.0
IBIT,2025-06-05,57.87,60.16,57.7,60.15,58411562,57.87,60.16,57.7,60.15,58411562,0.0,1.0
IBIT,2025-06-06,59.26,59.97,59.0503,59.09,34477637,59.26,59.97,59.0503,59.09,34477637,0.0,1.0
IBIT,2025-06-09,61.77,61.86,60.78,61.13,43950313,61.77,61.86,60.78,61.13,43950313,0.0,1.0
IBIT,2025-06-10,62.29,62.76,61.55,62.36,32894281,62.29,62.76,61.55,62.36,32894281,0.0,1.0
IBIT,2025-06-11,61.84,62.79,61.6007,62.4,30336883,61.84,62.79,61.6007,62.4,30336883,0.0,1.0
IBIT,2025-06-12,60.7,61.65,60.52,60.7,36713593,60.7,61.65,60.52,60.7,36713593,0.0,1.0
IBIT,2025-06-13,59.74,60.295,59.17,59.62,42127815,59.74,60.295,59.17,59.62,42127815,0.0,1.0
IBIT,2025-06-16,61.8,61.95,60.51,60.6,42415243,61.8,61.95,60.51,60.6,42415243,0.0,1.0
IBIT,2025-06-17,59.5,60.13,58.69,60.02,53900684,59.5,60.13,58.69,60.02,53900684,0.0,1.0
IBIT,2025-06-18,58.97,59.9,58.82,59.065,40166415,58.97,59.9,58.82,59.065,40166415,0.0,1.0
IBIT,2025-06-20,58.67,60.33,58.145,60.27,35261791,58.67,60.33,58.145,60.27,35261791,0.0,1.0
IBIT,2025-06-23,58.67,58.76,56.625,57.48,63747161,58.67,58.76,56.625,57.48,63747161,0.0,1.0
IBIT,2025-06-24,60.06,60.47,59.555,59.77,40387207,60.06,60.47,59.555,59.77,40387207,0.0,1.0
IBIT,2025-06-25,61.275,61.525,60.71,61.33,40812513,61.275,61.525,60.71,61.33,40812513,0.0,1.0
IBIT,2025-06-26,61.14,61.28,60.565,60.93,29434648,61.14,61.28,60.565,60.93,29434648,0.0,1.0
IBIT,2025-06-27,60.72,61.25,60.47,60.685,35637887,60.72,61.25,60.47,60.685,35637887,0.0,1.0
IBIT,2025-06-30,61.21,61.31,60.62,61.27,34173957,61.21,61.31,60.62,61.27,34173957,0.0,1.0
IBIT,2025-07-01,59.84,60.925,59.825,60.58,35575457,59.84,60.925,59.825,60.58,35575457,0.0,1.0
IBIT,2025-07-02,62.42,62.47,61.01,61.12,65900246,62.42,62.47,61.01,61.12,65900246,0.0,1.0
IBIT,2025-07-03,62.19,62.94,62.015,62.21,32662368,62.19,62.94,62.015,62.21,32662368,0.0,1.0
IBIT,2025-07-07,61.4,61.775,61.04,61.63,37793380,61.4,61.775,61.04,61.63,37793380,0.0,1.0
IBIT,2025-07-08,61.82,62.105,61.4,61.9,29471541,61.82,62.105,61.4,61.9,29471541,0.0,1.0
IBIT,2025-07-09,63.58,63.76,61.63,62.29,56974395,63.58,63.76,61.63,62.29,56974395,0.0,1.0
IBIT,2025-07-10,64.5,64.81,62.8,63.14,84144876,64.5,64.81,62.8,63.14,84144876,0.0,1.0
IBIT,2025-07-11,67.21,67.235,66.2912,66.88,78031890,67.21,67.235,66.2912,66.88,78031890,0.0,1.0
IBIT,2025-07-14,68.18,69.46,67.735,69.17,68391579,68.18,69.46,67.735,69.17,68391579,0.0,1.0
IBIT,2025-07-15,66.16,67.4,65.77,66.93,82079384,66.16,67.4,65.77,66.93,82079384,0.0,1.0
IBIT,2025-07-16,67.83,68.24,67.142,67.55,58926959,67.83,68.24,67.142,67.55,58926959,0.0,1.0
IBIT,2025-07-17,67.65,68.215,66.82,67.035,45310322,67.65,68.215,66.82,67.035,45310322,0.0,1.0
IBIT,2025-07-18,66.68,67.8375,66.545,67.54,51010383,66.68,67.8375,66.545,67.54,51010383,0.0,1.0
IBIT,2025-07-21,66.33,67.805,66.23,67.21,47080792,66.33,67.805,66.23,67.21,47080792,0.0,1.0
IBIT,2025-07-22,67.82,68.39,66.79,67.77,45383901,67.82,68.39,66.79,67.77,45383901,0.0,1.0
IBIT,2025-07-23,67.29,67.51,66.66,67.11,34878675,67.29,67.51,66.66,67.11,34878675,0.0,1.0
IBIT,2025-07-24,67.66,67.98,66.965,67.5,33249929,67.66,67.98,66.965,67.5,33249929,0.0,1.0
IBIT,2025-07-25,66.36,66.57,65.35,66.09,53995727,66.36,66.57,65.35,66.09,53995727,0.0,1.0
IBIT,2025-07-28,67.1,67.74,66.7,67.405,38747986,67.1,67.74,66.7,67.405,38747986,0.0,1.0
IBIT,2025-07-29,66.71,67.665,66.37,67.61,38407325,66.71,67.665,66.37,67.61,38407325,0.0,1.0
IBIT,2025-07-30,66.37,67.53,65.72,66.78,40903139,66.37,67.53,65.72,66.78,40903139,0.0,1.0
IBIT,2025-07-31,66.32,67.58,66.29,67.12,41463076,66.32,67.58,66.29,67.12,41463076,0.0,1.0
IBIT,2025-08-01,64.22,65.74,64.14,65.65,69829683,64.22,65.74,64.14,65.65,69829683,0.0,1.0
IBIT,2025-08-04,65.2,65.74,64.7343,64.792,29985169,65.2,65.74,64.7343,64.792,29985169,0.0,1.0
IBIT,2025-08-05,64.55,65.12,63.93,64.86,31327663,64.55,65.12,63.93,64.86,31327663,0.0,1.0
IBIT,2025-08-06,65.51,65.78,64.4777,64.71,26866652,65.51,65.78,64.4777,64.71,26866652,0.0,1.0
IBIT,2025-08-07,66.83,66.89,65.74,66.19,41363904,66.83,66.89,65.74,66.19,41363904,0.0,1.0
IBIT,2025-08-08,66.13,66.7163,65.82,66.38,29121353,66.13,66.7163,65.82,66.38,29121353,0.0,1.0
IBIT,2025-08-11,67.64,68.65,67.37,67.88,43158507,67.64,68.65,67.37,67.88,43158507,0.0,1.0
IBIT,2025-08-12,67.95,68.3,67.36,67.73,33721574,67.95,68.3,67.36,67.73,33721574,0.0,1.0
IBIT,2025-08-13,69.84,69.89,68.22,68.55,54824607,69.84,69.89,68.22,68.55,54824607,0.0,1.0
IBIT,2025-08-14,67.03,67.88,66.55,67.21,71199629,67.03,67.88,66.55,67.21,71199629,0.0,1.0
IBIT,2025-08-15,66.44,67.36,66.34,67.31,39585054,66.44,67.36,66.34,67.31,39585054,0.0,1.0
IBIT,2025-08-18,66.05,66.35,65.18,65.72,33918461,66.05,66.35,65.18,65.72,33918461,0.0,1.0
IBIT,2025-08-19,64.19,65.8058,63.9,65.74,56556244,64.19,65.8058,63.9,65.74,56556244,0.0,1.0
IBIT,2025-08-20,64.9,64.99,63.74,64.365,40798804,64.9,64.99,63.74,64.365,40798804,0.0,1.0
IBIT,2025-08-21,63.69,64.7658,63.54,64.35,34187113,63.69,64.7658,63.54,64.35,34187113,0.0,1.0
IBIT,2025-08-22,66.25,66.755,63.56,63.8,66739180,66.25,66.755,63.56,63.8,66739180,0.0,1.0
IBIT,2025-08-25,62.88,64.1955,62.76,63.45,55863410,62.88,64.1955,62.76,63.45,55863410,0.0,1.0
IBIT,2025-08-26,63.1,63.18,62.11,62.41,41469257,63.1,63.18,62.11,62.41,41469257,0.0,1.0
IBIT,2025-08-27,63.65,64.02,63.045,63.245,33800772,63.65,64.02,63.045,63.245,33800772,0.0,1.0
IBIT,2025-08-28,63.58,64.38,63.555,64.215,30895767,63.58,64.38,63.555,64.215,30895767,0.0,1.0
IBIT,2025-08-29,61.44,62.83,61.31,62.78,52646976,61.44,62.83,61.31,62.78,52646976,0.0,1.0
IBIT,2025-09-02,62.97,63.5399,61.94,62.135,46457438,62.97,63.5399,61.94,62.135,46457438,0.0,1.0
IBIT,2025-09-03,63.77,64.0,63.1358,63.26,33919892,63.77,64.0,63.1358,63.26,33919892,0.0,1.0
IBIT,2025-09-04,62.35,63.01,62.06,62.93,32780389,62.35,63.01,62.06,62.93,32780389,0.0,1.0
IBIT,2025-09-05,63.42,64.345,62.545,64.12,47921768,63.42,64.345,62.545,64.12,47921768,0.0,1.0
IBIT,2025-09-08,63.7,64.19,63.53,63.76,37129769,63.7,64.19,63.53,63.76,37129769,0.0,1.0
IBIT,2025-09-09,63.22,64.19,62.87,64.1,36145445,63.22,64.19,62.87,64.1,36145445,0.0,1.0
IBIT,2025-09-10,64.53,65.03,64.27,64.6,45182954,64.53,65.03,64.27,64.6,45182954,0.0,1.0
IBIT,2025-09-11,65.03,65.21,64.575,64.625,34658172,65.03,65.21,64.575,64.625,34658172,0.0,1.0
IBIT,2025-09-12,66.38,66.45,65.22,65.32,48551141,66.38,66.45,65.22,65.32,48551141,0.0,1.0
IBIT,2025-09-15,65.5,65.66,64.93,65.36,34018370,65.5,65.66,64.93,65.36,34018370,0.0,1.0
IBIT,2025-09-16,66.37,66.4699,65.14,65.57,33920588,66.37,66.4699,65.14,65.57,33920588,0.0,1.0
IBIT,2025-09-17,65.67,66.19,65.1,66.03,46293658,65.67,66.19,65.1,66.03,46293658,0.0,1.0
IBIT,2025-09-18,66.75,67.04,66.48,66.73,38481187,66.75,67.04,66.48,66.73,38481187,0.0,1.0
IBIT,2025-09-19,65.37,66.2,65.34,66.01,32989380,65.37,66.2,65.34,66.01,32989380,0.0,1.0
IBIT,2025-09-22,63.65,64.46,63.58,64.175,42504051,63.65,64.46,63.58,64.175,42504051,0.0,1.0
IBIT,2025-09-23,63.41,64.39,63.33,64.16,40144961,63.41,64.39,63.33,64.16,40144961,0.0,1.0
IBIT,2025-09-24,64.42,64.78,64.07,64.2,30977567,64.42,64.78,64.07,64.2,30977567,0.0,1.0
IBIT,2025-09-25,62.1,63.43,61.58,63.38,63817351,62.1,63.43,61.58,63.38,63817351,0.0,1.0
IBIT,2025-09-26,61.94,62.65,61.67,62.01,48826041,61.94,62.65,61.67,62.01,48826041,0.0,1.0
IBIT,2025-09-29,64.97,65.04,63.65,63.72,51102325,64.97,65.04,63.65,63.72,51102325,0.0,1.0
IBIT,2025-09-30,65.0,65.11,64.1,64.4,38099852,65.0,65.11,64.1,64.4,38099852,0.0,1.0
IBIT,2025-10-01,66.74,67.23,66.15,66.3,57783320,66.74,67.23,66.15,66.3,57783320,0.0,1.0
IBIT,2025-10-02,68.77,68.84,67.37,67.76,62252241,68.77,68.84,67.37,67.76,62252241,0.0,1.0
IBIT,2025-10-03,69.81,70.53,68.22,68.605,83244108,69.81,70.53,68.22,68.605,83244108,0.0,1.0
IBIT,2025-10-06,71.29,71.82,70.71,71.01,68777377,71.29,71.82,70.71,71.01,68777377,0.0,1.0
IBIT,2025-10-07,69.13,71.0,68.53,70.97,81680220,69.13,71.0,68.53,70.97,81680220,0.0,1.0
IBIT,2025-10-08,70.06,70.59,69.12,69.58,54245583,70.06,70.59,69.12,69.58,54245583,0.0,1.0
IBIT,2025-10-09,68.74,70.16,67.95,70.15,55757576,68.74,70.16,67.95,70.15,55757576,0.0,1.0
IBIT,2025-10-10,66.2,69.66,65.8,69.32,104949182,66.2,69.66,65.8,69.32,104949182,0.0,1.0
IBIT,2025-10-13,65.81,65.8756,64.62,64.96,71877425,65.81,65.8756,64.62,64.96,71877425,0.0,1.0
IBIT,2025-10-14,63.91,64.53,62.365,62.91,75710413,63.91,64.53,62.365,62.91,75710413,0.0,1.0
IBIT,2025-10-15,63.17,63.77,62.49,63.29,49569075,63.17,63.77,62.49,63.29,49569075,0.0,1.0
IBIT,2025-10-16,61.43,63.3,61.015,63.095,89080556,61.43,63.3,61.015,63.095,89080556,0.0,1.0
IBIT,2025-10-17,60.47,61.03,59.31,59.89,94055268,60.47,61.03,59.31,59.89,94055268,0.0,1.0
IBIT,2025-10-20,62.93,63.44,62.36,62.88,51770241,62.93,63.44,62.36,62.88,51770241,0.0,1.0
IBIT,2025-10-21,63.49,64.8,61.42,61.73,82011139,63.49,64.8,61.42,61.73,82011139,0.0,1.0
IBIT,2025-10-22,61.21,61.975,60.96,61.42,72451122,61.21,61.975,60.96,61.42,72451122,0.0,1.0
IBIT,2025-10-23,62.56,63.2357,61.71,61.96,41591269,62.56,63.2357,61.71,61.96,41591269,0.0,1.0
IBIT,2025-10-24,62.83,63.26,62.295,63.17,39980939,62.83,63.26,62.295,63.17,39980939,0.0,1.0
IBIT,2025-10-27,65.28,65.76,65.0,65.375,49298024,65.28,65.76,65.0,65.375,49298024,0.0,1.0
IBIT,2025-10-28,64.49,65.9699,64.41,65.35,47609826,64.49,65.9699,64.41,65.35,47609826,0.0,1.0
IBIT,2025-10-29,62.75,64.51,62.0,64.485,76944370,62.75,64.51,62.0,64.485,76944370,0.0,1.0
IBIT,2025-10-30,60.4,61.59,60.28,61.53,57355586,60.4,61.59,60.28,61.53,57355586,0.0,1.0
IBIT,2025-10-31,62.3,63.03,61.62,62.35,47300723,62.3,63.03,61.62,62.35,47300723,0.0,1.0
IBIT,2025-11-03,60.53,61.39,59.745,61.015,51820381,60.53,61.39,59.745,61.015,51820381,0.0,1.0
IBIT,2025-11-04,57.18,59.49,56.485,58.88,105318024,57.18,59.49,56.485,58.88,105318024,0.0,1.0
IBIT,2025-11-05,58.92,59.39,57.96,58.255,50997589,58.92,59.39,57.96,58.255,50997589,0.0,1.0
IBIT,2025-11-06,57.26,58.41,56.9044,58.4,54876210,57.26,58.41,56.9044,58.4,54876210,0.0,1.0
IBIT,2025-11-07,58.88,58.96,56.39,56.88,64022332,58.88,58.96,56.39,56.88,64022332,0.0,1.0
IBIT,2025-11-10,60.19,60.36,59.4,60.299,51036740,60.19,60.36,59.4,60.299,51036740,0.0,1.0
IBIT,2025-11-11,58.35,59.41,58.25,59.33,33993831,58.35,59.41,58.25,59.33,33993831,0.0,1.0
IBIT,2025-11-12,57.59,59.56,57.17,59.47,41656415,57.59,59.56,57.17,59.47,41656415,0.0,1.0
IBIT,2025-11-13,55.59,58.7,55.48,58.12,78277765,55.59,58.7,55.48,58.12,78277765,0.0,1.0
IBIT,2025-11-14,53.475,55.285,53.38,54.09,94217090,53.475,55.285,53.38,54.09,94217090,0.0,1.0
IBIT,2025-11-17,52.1,54.445,51.7,53.385,92045921,52.1,54.445,51.7,53.385,92045921,0.0,1.0
IBIT,2025-11-18,52.66,53.245,51.6,52.025,75629033,52.66,53.245,51.6,52.025,75629033,0.0,1.0
IBIT,2025-11-19,50.73,52.435,50.2,51.705,94744609,50.73,52.435,50.2,51.705,94744609,0.0,1.0
IBIT,2025-11-20,48.96,51.97,48.74,51.86,122462495,48.96,51.97,48.74,51.86,122462495,0.0,1.0
IBIT,2025-11-21,47.97,48.57,46.68,47.49,168213523,47.97,48.57,46.68,47.49,168213523,0.0,1.0
IBIT,2025-11-24,50.57,50.66,48.33,48.725,82759070,50.57,50.66,48.33,48.725,82759070,0.0,1.0
IBIT,2025-11-25,49.56,50.0,48.84,49.475,65052794,49.56,50.0,48.84,49.475,65052794,0.0,1.0
IBIT,2025-11-26,51.03,51.33,49.17,49.52,66507238,51.03,51.33,49.17,49.52,66507238,0.0,1.0
IBIT,2025-11-28,51.55,52.85,51.23,52.8,47334564,51.55,52.85,51.23,52.8,47334564,0.0,1.0
IBIT,2025-12-01,48.5,49.205,47.55,48.94,89232147,48.5,49.205,47.55,48.94,89232147,0.0,1.0
IBIT,2025-12-02,51.67,52.39,50.15,50.33,72757584,51.67,52.39,50.15,50.33,72757584,0.0,1.0
IBIT,2025-12-03,52.74,53.1799,52.08,52.55,57151728,52.74,53.1799,52.08,52.55,57151728,0.0,1.0
IBIT,2025-12-04,52.51,52.93,51.58,52.665,40571728,52.51,52.93,51.58,52.665,40571728,0.0,1.0
IBIT,2025-12-05,50.69,51.935,50.035,51.35,55578532,50.69,51.935,50.035,51.35,55578532,0.0,1.0
IBIT,2025-12-08,51.52,52.065,50.83,51.835,42662835,51.52,52.065,50.83,51.835,42662835,0.0,1.0
IBIT,2025-12-09,52.85,53.72,51.06,51.23,54703626,52.85,53.72,51.06,51.23,54703626,0.0,1.0
IBIT,2025-12-10,52.49,53.655,51.955,52.19,56217008,52.49,53.655,51.955,52.19,56217008,0.0,1.0
IBIT,2025-12-11,52.1,52.12,50.6502,51.16,50372623,52.1,52.12,50.6502,51.16,50372623,0.0,1.0
IBIT,2025-12-12,51.2,52.62,50.76,52.305,47356249,51.2,52.62,50.76,52.305,47356249,0.0,1.0
IBIT,2025-12-15,48.66,51.0,48.28,50.72,73130493,48.66,51.0,48.28,50.72,73130493,0.0,1.0
IBIT,2025-12-16,49.71,50.02,49.23,49.31,56074668,49.71,50.02,49.23,49.31,56074668,0.0,1.0
IBIT,2025-12-17,48.71,51.265,48.36,49.77,79012849,48.71,51.265,48.36,49.77,79012849,0.0,1.0
IBIT,2025-12-18,47.96,50.6856,47.87,50.2,71534615,47.96,50.6856,47.87,50.2,71534615,0.0,1.0
IBIT,2025-12-19,49.91,50.71,49.22,49.92,62739231,49.91,50.71,49.22,49.92,62739231,0.0,1.0
IBIT,2025-12-22,50.09,51.29,49.82,51.01,50019125,50.09,51.29,49.82,51.01,50019125,0.0,1.0
IBIT,2025-12-23,49.65,50.09,49.07,49.68,43757648,49.65,50.09,49.07,49.68,43757648,0.0,1.0
IBIT,2025-12-24,49.46,49.7,48.96,49.46,22759340,49.46,49.7,48.96,49.46,22759340,0.0,1.0
IBIT,2025-12-26,49.61,50.5,49.07,50.445,38333126,49.61,50.5,49.07,50.445,38333126,0.0,1.0
IBIT,2025-12-29,49.38,49.99,49.305,49.63,32269287,49.38,49.99,49.305,49.63,32269287,0.0,1.0
IBIT,2025-12-30,49.83,50.73,49.78,49.95,44071825,49.83,50.73,49.78,49.95,44071825,0.0,1.0
IBIT,2025-12-31,49.65,50.43,49.395,50.43,33834338,49.65,50.43,49.395,50.43,33834338,0.0,1.0
IBIT,2026-01-02,50.94,51.66,50.14,50.38,65968849,50.94,51.66,50.14,50.38,65968849,0.0,1.0
IBIT,2026-01-05,53.46,53.82,52.38,52.61,76547404,53.46,53.82,52.38,52.61,76547404,0.0,1.0
IBIT,2026-01-06,52.45,53.55,51.72,53.54,54907439,52.45,53.55,51.72,53.54,54907439,0.0,1.0
IBIT,2026-01-07,51.54,52.2278,51.37,51.86,44366968,51.54,52.2278,51.37,51.86,44366968,0.0,1.0
IBIT,2026-01-08,51.52,51.84,50.56,50.76,42787253,51.52,51.84,50.56,50.76,42787253,0.0,1.0
IBIT,2026-01-09,51.16,52.18,50.89,51.345,39688425,51.16,52.18,50.89,51.345,39688425,0.0,1.0
IBIT,2026-01-12,51.87,52.38,51.07,51.14,40729082,51.87,52.38,51.07,51.14,40729082,0.0,1.0
IBIT,2026-01-13,53.57,53.66,52.215,52.39,65696698,53.57,53.66,52.215,52.39,65696698,0.0,1.0
IBIT,2026-01-14,55.44,55.6,54.08,54.26,85891182,55.44,55.6,54.08,54.26,85891182,0.0,1.0
IBIT,2026-01-15,54.0,55.05,53.93,54.91,50521048,54.0,55.05,53.93,54.91,50521048,0.0,1.0
IBIT,2026-01-16,54.24,54.37,53.43,54.3,43292342,54.24,54.37,53.43,54.3,43292342,0.0,1.0
IBIT,2026-01-20,50.76,51.78,50.55,51.54,75127327,50.76,51.78,50.55,51.54,75127327,0.0,1.0
IBIT,2026-01-21,51.11,51.34,49.4,50.755,70127772,51.11,51.34,49.4,50.755,70127772,0.0,1.0
IBIT,2026-01-22,50.67,50.98,50.12,50.76,49100913,50.67,50.98,50.12,50.76,49100913,0.0,1.0
IBIT,2026-01-23,50.7,51.7099,50.14,50.81,48026635,50.7,51.7099,50.14,50.81,48026635,0.0,1.0
IBIT,2026-01-26,49.65,50.3499,49.322,49.685,43973100,49.65,50.3499,49.322,49.685,43973100,0.0,1.0
IBIT,2026-01-27,50.63,50.7,49.41,49.99,51155385,50.63,50.7,49.41,49.99,51155385,0.0,1.0
IBIT,2026-01-28,50.51,51.31,50.34,50.99,42931380,50.51,51.31,50.34,50.99,42931380,0.0,1.0
IBIT,2026-01-29,47.6,49.795,47.12,49.7,113944153,47.6,49.795,47.12,49.7,113944153,0.0,1.0
IBIT,2026-01-30,47.49,47.965,46.3688,46.965,72346115,47.49,47.965,46.3688,46.965,72346115,0.0,1.0
IBIT,2026-02-02,44.22,45.01,43.975,44.25,106528050,44.22,45.01,43.975,44.25,106528050,0.0,1.0
IBIT,2026-02-03,43.3,44.46,41.295,44.455,124626593,43.3,44.46,41.295,44.455,124626593,0.0,1.0
IBIT,2026-02-04,41.57,42.89,40.8,42.635,110932693,41.57,42.89,40.8,42.635,110932693,0.0,1.0
IBIT,2026-02-05,36.1,40.145,35.3,39.7,284371536,36.1,40.145,35.3,39.7,284371536,0.0,1.0
IBIT,2026-02-06,39.68,40.57,38.01,38.05,163384166,39.68,40.57,38.01,38.05,163384166,0.0,1.0
IBIT,2026-02-09,40.11,40.35,38.81,39.12,77526130,40.11,40.35,38.81,39.12,77526130,0.0,1.0
IBIT,2026-02-10,38.97,39.7,38.49,39.225,61505442,38.97,39.7,38.49,39.225,61505442,0.0,1.0
IBIT,2026-02-11,38.29,38.6919,37.245,38.56,71103805,38.29,38.6919,37.245,38.56,71103805,0.0,1.0
IBIT,2026-02-12,37.05,38.72,36.875,38.52,62511886,37.05,38.72,36.875,38.52,62511886,0.0,1.0
IBIT,2026-02-13,38.97,39.38,37.89,38.16,65553147,38.97,39.38,37.89,38.16,65553147,0.0,1.0
IBIT,2026-02-17,38.39,38.6901,37.735,38.545,54882693,38.39,38.6901,37.735,38.545,54882693,0.0,1.0
IBIT,2026-02-18,37.54,38.75,37.3,38.0,50091290,37.54,38.75,37.3,38.0,50091290,0.0,1.0
IBIT,2026-02-19,38.07,38.1,37.2,37.385,44587859,38.07,38.1,37.2,37.385,44587859,0.0,1.0
IBIT,2026-02-20,38.42,38.61,37.72,37.99,62397068,38.42,38.61,37.72,37.99,62397068,0.0,1.0
IBIT,2026-02-23,36.55,37.56,36.2,37.465,61935348,36.55,37.56,36.2,37.465,61935348,0.0,1.0
IBIT,2026-02-24,36.53,36.71,35.6,35.72,47064695,36.53,36.71,35.6,35.72,47064695,0.0,1.0
IBIT,2026-02-25,39.23,39.46,37.5301,37.75,79921085,39.23,39.46,37.5301,37.75,79921085,0.0,1.0
IBIT,2026-02-26,38.26,38.72,37.71,38.62,51941114,38.26,38.72,37.71,38.62,51941114,0.0,1.0
IBIT,2026-02-27,37.19,37.63,36.91,37.5,48597843,37.19,37.63,36.91,37.5,48597843,0.0,1.0
IBIT,2026-03-02,39.195,39.78,37.17,37.19,101283184,39.195,39.78,37.17,37.19,101283184,0.0,1.0
IBIT,2026-03-03,38.7,39.14,37.5,38.03,70667454,38.7,39.14,37.5,38.03,70667454,0.0,1.0
IBIT,2026-03-04,41.44,42.02,40.44,40.7,115483485,41.44,42.02,40.44,40.7,115483485,0.0,1.0
IBIT,2026-03-05,40.39,41.31,40.035,41.14,61402208,40.39,41.31,40.035,41.14,61402208,0.0,1.0
IBIT,2026-03-06,38.6,39.19,38.375,39.11,57220292,38.6,39.19,38.375,39.11,57220292,0.0,1.0
IBIT,2026-03-09,39.13,39.445,38.69,38.99,73613456,39.13,39.445,38.69,38.99,73613456,0.0,1.0
IBIT,2026-03-10,39.71,40.725,39.29,40.185,62965482,39.71,40.725,39.29,40.185,62965482,0.0,1.0
IBIT,2026-03-11,40.07,40.47,39.52,39.83,46499474,40.07,40.47,39.52,39.83,46499474,0.0,1.0
IBIT,2026-03-12,39.95,40.08,39.31,39.76,42455316,39.95,40.08,39.31,39.76,42455316,0.0,1.0
IBIT,2026-03-13,40.37,41.965,40.17,41.43,83099428,40.37,41.965,40.17,41.43,83099428,0.0,1.0
IBIT,2026-03-16,41.94,42.28,41.385,41.92,61056332,41.94,42.28,41.385,41.92,61056332,0.0,1.0
IBIT,2026-03-17,42.27,42.5,41.61,41.795,41259440,42.27,42.5,41.61,41.795,41259440,0.0,1.0
IBIT,2026-03-18,40.26,41.135,40.17,41.09,64030028,40.26,41.135,40.17,41.09,64030028,0.0,1.0
IBIT,2026-03-19,39.82,40.025,39.0,39.29,58778566,39.82,40.025,39.0,39.29,58778566,0.0,1.0
IBIT,2026-03-20,39.77,40.0,39.325,39.975,50329639,39.77,40.0,39.325,39.975,50329639,0.0,1.0
IBIT,2026-03-23,40.05,40.7199,39.72,40.135,49007873,40.05,40.7199,39.72,40.135,49007873,0.0,1.0
IBIT,2026-03-24,39.28,40.12,39.045,40.0,54901259,39.28,40.12,39.045,40.0,54901259,0.0,1.0
IBIT,2026-03-25,40.17,40.8,39.98,40.6,41787932,40.17,40.8,39.98,40.6,41787932,0.0,1.0
IBIT,2026-03-26,38.82,39.58,38.59,39.305,43649070,38.82,39.58,38.59,39.305,43649070,0.0,1.0
IBIT,2026-03-27,37.4,37.82,37.13,37.795,66924537,37.4,37.82,37.13,37.795,66924537,0.0,1.0
