date,WRESBAL
2018-01-03,2045930.0
2018-01-10,2232897.0
2018-01-17,2249899.0
2018-01-24,2210944.0
2018-01-31,2203630.0
2018-02-07,2244845.0
2018-02-14,2253929.0
2018-02-21,2223380.0
2018-02-28,2232947.0
2018-03-07,2252016.0
2018-03-14,2204829.0
2018-03-21,2123587.0
2018-03-28,2113321.0
2018-04-04,2094045.0
2018-04-11,2119965.0
2018-04-18,2141390.0
2018-04-25,2052590.0
2018-05-02,1994584.0
2018-05-09,2025750.0
2018-05-16,2036270.0
2018-05-23,2021946.0
2018-05-30,2019681.0
2018-06-06,2029579.0
2018-06-13,2057269.0
2018-06-20,1971983.0
2018-06-27,1940847.0
2018-07-04,1917987.0
2018-07-11,1958085.0
2018-07-18,1967119.0
2018-07-25,1947119.0
2018-08-01,1937548.0
2018-08-08,1951389.0
2018-08-15,1922547.0
2018-08-22,1883254.0
2018-08-29,1883924.0
2018-09-05,1895010.0
2018-09-12,1920976.0
2018-09-19,1879896.0
2018-09-26,1832500.0
2018-10-03,1801576.0
2018-10-10,1865065.0
2018-10-17,1853533.0
2018-10-24,1817608.0
2018-10-31,1802252.0
2018-11-07,1826131.0
2018-11-14,1801383.0
2018-11-21,1757729.0
2018-11-28,1738659.0
2018-12-05,1738141.0
2018-12-12,1735539.0
2018-12-19,1699138.0
2018-12-26,1661223.0
2019-01-02,1621856.0
2019-01-09,1650387.0
2019-01-16,1664138.0
2019-01-23,1621876.0
2019-01-30,1617539.0
2019-02-06,1648553.0
2019-02-13,1649973.0
2019-02-20,1632580.0
2019-02-27,1640750.0
2019-03-06,1721614.0
2019-03-13,1703948.0
2019-03-20,1629731.0
2019-03-27,1622282.0
2019-04-03,1600398.0
2019-04-10,1634591.0
2019-04-17,1604479.0
2019-04-24,1505430.0
2019-05-01,1461419.0
2019-05-08,1484975.0
2019-05-15,1509867.0
2019-05-22,1518157.0
2019-05-29,1544711.0
2019-06-05,1537089.0
2019-06-12,1586963.0
2019-06-19,1567955.0
2019-06-26,1504737.0
2019-07-03,1456496.0
2019-07-10,1499806.0
2019-07-17,1515664.0
2019-07-24,1518322.0
2019-07-31,1534523.0
2019-08-07,1539244.0
2019-08-14,1550406.0
2019-08-21,1516045.0
2019-08-28,1498680.0
2019-09-04,1487555.0
2019-09-11,1456796.0
2019-09-18,1394122.0
2019-09-25,1400171.0
2019-10-02,1469200.0
2019-10-09,1506455.0
2019-10-16,1480368.0
2019-10-23,1449043.0
2019-10-30,1483702.0
2019-11-06,1523939.0
2019-11-13,1532316.0
2019-11-20,1518759.0
2019-11-27,1526697.0
2019-12-04,1573261.0
2019-12-11,1638657.0
2019-12-18,1660249.0
2019-12-25,1651927.0
2020-01-01,1615846.0
2020-01-08,1654086.0
2020-01-15,1686801.0
2020-01-22,1621689.0
2020-01-29,1616342.0
2020-02-05,1645016.0
2020-02-12,1675566.0
2020-02-19,1654118.0
2020-02-26,1626469.0
2020-03-04,1698855.0
2020-03-11,1744525.0
2020-03-18,1895588.0
2020-03-25,2186971.0
2020-04-01,2533908.0
2020-04-08,2760451.0
2020-04-15,2919041.0
2020-04-22,3103504.0
2020-04-29,3159142.0
2020-05-06,3158938.0
2020-05-13,3156929.0
2020-05-20,3273303.0
2020-05-27,3268144.0
2020-06-03,3237461.0
2020-06-10,3182228.0
2020-06-17,3078491.0
2020-06-24,2918756.0
2020-07-01,2884819.0
2020-07-08,2813967.0
2020-07-15,2777603.0
2020-07-22,2631780.0
2020-07-29,2615272.0
2020-08-05,2713287.0
2020-08-12,2788961.0
2020-08-19,2827685.0
2020-08-26,2815794.0
2020-09-02,2851916.0
2020-09-09,2857463.0
2020-09-16,2885412.0
2020-09-23,2830499.0
2020-09-30,2839316.0
2020-10-07,2840860.0
2020-10-14,2861929.0
2020-10-21,2860480.0
2020-10-28,2880781.0
2020-11-04,2966737.0
2020-11-11,2976170.0
2020-11-18,3043822.0
2020-11-25,3083636.0
2020-12-02,3117307.0
2020-12-09,3117480.0
2020-12-16,3168240.0
2020-12-23,3143041.0
2020-12-30,3122156.0
2021-01-06,3068284.0
2021-01-13,3183917.0
2021-01-20,3154624.0
2021-01-27,3163008.0
2021-02-03,3193118.0
2021-02-10,3258919.0
2021-02-17,3378907.0
2021-02-24,3369020.0
2021-03-03,3503120.0
2021-03-10,3592010.0
2021-03-17,3681030.0
2021-03-24,3826375.0
2021-03-31,3876162.0
2021-04-07,3932949.0
2021-04-14,3977813.0
2021-04-21,3825455.0
2021-04-28,3829269.0
2021-05-05,3873728.0
2021-05-12,3947565.0
2021-05-19,3919807.0
2021-05-26,3805178.0
2021-06-02,3814127.0
2021-06-09,3874371.0
2021-06-16,3940038.0
2021-06-23,3808042.0
2021-06-30,3780791.0
2021-07-07,3870568.0
2021-07-14,3903058.0
2021-07-21,3972940.0
2021-07-28,3984371.0
2021-08-04,4005578.0
2021-08-11,4090506.0
2021-08-18,4186711.0
2021-08-25,4167748.0
2021-09-01,4193981.0
2021-09-08,4250506.0
2021-09-15,4271184.0
2021-09-22,4156747.0
2021-09-29,4125348.0
2021-10-06,4130050.0
2021-10-13,4194503.0
2021-10-20,4134714.0
2021-10-27,4077170.0
2021-11-03,4086336.0
2021-11-10,4169041.0
2021-11-17,4209802.0
2021-11-24,4162810.0
2021-12-01,4224865.0
2021-12-08,4275806.0
2021-12-15,4251431.0
2021-12-22,4185009.0
2021-12-29,4116196.0
2022-01-05,3859731.0
2022-01-12,3973554.0
2022-01-19,3932521.0
2022-01-26,3796174.0
2022-02-02,3789714.0
2022-02-09,3771911.0
2022-02-16,3799973.0
2022-02-23,3769869.0
2022-03-02,3844716.0
2022-03-09,3959659.0
2022-03-16,3961721.0
2022-03-23,3801095.0
2022-03-30,3829680.0
2022-04-06,3834183.0
2022-04-13,3823644.0
2022-04-20,3652101.0
2022-04-27,3331982.0
2022-05-04,3296085.0
2022-05-11,3288552.0
2022-05-18,3356377.0
2022-05-25,3306180.0
2022-06-01,3322030.0
2022-06-08,3339405.0
2022-06-15,3283954.0
2022-06-22,3147556.0
2022-06-29,3130087.0
2022-07-06,3190627.0
2022-07-13,3273436.0
2022-07-20,3284324.0
2022-07-27,3256875.0
2022-08-03,3259011.0
2022-08-10,3348147.0
2022-08-17,3346750.0
2022-08-24,3307365.0
2022-08-31,3248654.0
2022-09-07,3285498.0
2022-09-14,3234928.0
2022-09-21,3104032.0
2022-09-28,2960598.0
2022-10-05,2972874.0
2022-10-12,3087912.0
2022-10-19,3092044.0
2022-10-26,3042838.0
2022-11-02,3062727.0
2022-11-09,3067888.0
2022-11-16,3128277.0
2022-11-23,3160730.0
2022-11-30,3168995.0
2022-12-07,3199048.0
2022-12-14,3188634.0
2022-12-21,3088621.0
2022-12-28,3017889.0
2023-01-04,2830144.0
2023-01-11,3081237.0
2023-01-18,3147332.0
2023-01-25,3031889.0
2023-02-01,3015506.0
2023-02-08,3037584.0
2023-02-15,3041038.0
2023-02-22,3016577.0
2023-03-01,2998303.0
2023-03-08,2999720.0
2023-03-15,3251482.0
2023-03-22,3425075.0
2023-03-29,3437592.0
2023-04-05,3292058.0
2023-04-12,3413989.0
2023-04-19,3303152.0
2023-04-26,3135655.0
2023-05-03,3089706.0
2023-05-10,3196429.0
2023-05-17,3248878.0
2023-05-24,3240172.0
2023-05-31,3309447.0
2023-06-07,3349751.0
2023-06-14,3325261.0
2023-06-21,3251558.0
2023-06-28,3171567.0
2023-07-05,3114989.0
2023-07-12,3166607.0
2023-07-19,3230457.0
2023-07-26,3172244.0
2023-08-02,3189533.0
2023-08-09,3222856.0
2023-08-16,3245971.0
2023-08-23,3186789.0
2023-08-30,3238345.0
2023-09-06,3307291.0
2023-09-13,3335459.0
2023-09-20,3231649.0
2023-09-27,3170324.0
2023-10-04,3145720.0
2023-10-11,3288945.0
2023-10-18,3353881.0
2023-10-25,3261886.0
2023-11-01,3267216.0
2023-11-08,3328908.0
2023-11-15,3391713.0
2023-11-22,3453853.0
2023-11-29,3441581.0
2023-12-06,3513374.0
2023-12-13,3540619.0
2023-12-20,3536105.0
2023-12-27,3446459.0
2024-01-03,3262895.0
2024-01-10,3498748.0
2024-01-17,3611719.0
2024-01-24,3526683.0
2024-01-31,3526230.0
2024-02-07,3599323.0
2024-02-14,3540945.0
2024-02-21,3565999.0
2024-02-28,3567552.0
2024-03-06,3626176.0
2024-03-13,3624633.0
2024-03-20,3553424.0
2024-03-27,3496121.0
2024-04-03,3414288.0
2024-04-10,3586845.0
2024-04-17,3522717.0
2024-04-24,3324363.0
2024-05-01,3252733.0
2024-05-08,3331156.0
2024-05-15,3369747.0
2024-05-22,3390794.0
2024-05-29,3409342.0
2024-06-05,3408310.0
2024-06-12,3455134.0
2024-06-19,3434274.0
2024-06-26,3302647.0
2024-07-03,3184180.0
2024-07-10,3341977.0
2024-07-17,3331425.0
2024-07-24,3308580.0
2024-07-31,3293519.0
2024-08-07,3351662.0
2024-08-14,3346138.0
2024-08-21,3355586.0
2024-08-28,3313566.0
2024-09-04,3243002.0
2024-09-11,3320818.0
2024-09-18,3313281.0
2024-09-25,3169149.0
2024-10-02,3089598.0
2024-10-09,3186207.0
2024-10-16,3209877.0
2024-10-23,3230145.0
2024-10-30,3236958.0
2024-11-06,3274120.0
2024-11-13,3244149.0
2024-11-20,3286885.0
2024-11-27,3227674.0
2024-12-04,3225075.0
2024-12-11,3264559.0
2024-12-18,3282229.0
2024-12-25,3247382.0
2025-01-01,3095997.0
2025-01-08,3254743.0
2025-01-15,3340816.0
2025-01-22,3332278.0
2025-01-29,3224785.0
2025-02-05,3177065.0
2025-02-12,3220027.0
2025-02-19,3270082.0
2025-02-26,3327249.0
2025-03-05,3312625.0
2025-03-12,3400235.0
2025-03-19,3467789.0
2025-03-26,3450933.0
2025-04-02,3379339.0
2025-04-09,3474682.0
2025-04-16,3452030.0
2025-04-23,3256734.0
2025-04-30,3219214.0
2025-05-07,3218636.0
2025-05-14,3235723.0
2025-05-21,3289469.0
2025-05-28,3270661.0
2025-06-04,3294381.0
2025-06-11,3407108.0
2025-06-18,3406366.0
2025-06-25,3369328.0
2025-07-02,3225980.0
2025-07-09,3330249.0
2025-07-16,3398822.0
2025-07-23,3362277.0
2025-07-30,3347414.0
2025-08-06,3332492.0
2025-08-13,3320050.0
2025-08-20,3317292.0
2025-08-27,3224967.0
2025-09-03,3181701.0
2025-09-10,3160774.0
2025-09-17,3073355.0
2025-09-24,3002218.0
2025-10-01,2966094.0
2025-10-08,2998471.0
2025-10-15,3019028.0
2025-10-22,2933037.0
2025-10-29,2848021.0
2025-11-05,2862569.0
2025-11-12,2855030.0
2025-11-19,2888643.0
2025-11-26,2896586.0
2025-12-03,2858284.0
2025-12-10,2932112.0
2025-12-17,2959044.0
2025-12-24,2955581.0
2025-12-31,2957410.0
2026-01-07,2996379.0
2026-01-14,3049630.0
2026-01-21,2954903.0
2026-01-28,2901600.0
2026-02-04,2925170.0
2026-02-11,2939557.0
2026-02-18,2949804.0
2026-02-25,2965765.0
2026-03-04,3015531.0
2026-03-11,3037665.0
2026-03-18,3019995.0
2026-03-25,2993955.0
